userID,Page,AOI_TYPE,Total_Fixation_Count,Total_Fixation_Duration,Average_Fixation_Duration,Fixation_Duration_SD,Longest_Fixation_Duration,Total_Refixation_Count,Refixation_Ratio,Total_Saccade_Length,Average_Saccade_Length,Saccade_Length_SD,Total_Saccade_Absolute_Angle,Average_Saccade_Absolute_Angle,Saccade_Absolute_Angle_SD,Total_Saccade_Relative_Angle,Average_Saccade_Relative_Angle,Saccade_Relative_Angle_SD,Total_Left_Eye_Difference,Average_Left_Eye_Difference,Left_Eye_Difference_SD,Total_Right_Eye_Difference,Average_Right_Eye_Difference,Right_Eye_Difference_SD,Blink_Count,Total_Blink_Duration,Average_Blink_Duration,AOILanguage,PreviousAOILanguage,LanguageSwitch,Self AOI_Language_Prof,Test AOI_Language_Prof,Is_AOI_L1
3545,1,RESULT1,54,11.28491,0.2089798148148148,0.11103429542747957,0.6167,7,0.12962962962962962,4557.666257077189,-38.04318341188133,70.30891735604494,-2054.331904241592,-38.04318341188133,101.27675253407602,5221.891161479244,96.70168817554155,59.30336041464322,20.098036842105227,0.3721858674463931,0.5060946351361376,20.098036842105227,0.3721858674463931,0.5060946351361376,0,0.0,0.0,Chinese,Chinese,No,High,High,Yes
3545,1,RESULT2,151,32.08838999999998,0.21250589403973497,0.10133517704945504,0.73657,61,0.4039735099337749,14523.913228760266,-3.5366341120170213,115.86419500342905,-534.0317509145701,-3.5366341120170213,88.42194730391563,14147.759775822984,93.69377334982107,58.01150241845537,62.883968947368345,0.4164501254792606,0.4688818683342911,62.883968947368345,0.4164501254792606,0.4688818683342911,1,0.1418,0.1418,Chinese,Chinese,No,High,High,Yes
3545,1,RESULT3,57,12.93142,0.2268670175438597,0.11356212515646368,0.52246,14,0.2456140350877193,6896.982919309178,39.987144016662405,102.6397973487064,2279.267208949757,39.987144016662405,103.02068856120192,5133.694019949084,90.06480736752778,53.785029744850895,10.515938947368387,0.18778462406014976,0.2858527170846349,10.515938947368387,0.18778462406014976,0.2858527170846349,0,0.0,0.0,Chinese,Chinese,No,High,High,Yes
3545,1,RESULT4,17,4.52882,0.2664011764705882,0.11082052930871147,0.58936,0,0.0,3184.898672583513,40.48467297118941,166.2788645358766,688.23944051022,40.48467297118941,96.04007600171501,1592.6905196691134,93.68767762759492,63.63835336881833,-0.02561315789474694,-0.0016008223684216838,0.14596809411113612,-0.02561315789474694,-0.0016008223684216838,0.14596809411113612,0,0.0,0.0,English,Chinese,Yes,Low,Low,No
3545,1,RESULT5,41,12.46072,0.30391999999999997,0.15164340401246534,0.93091,7,0.17073170731707318,3811.1714774107613,1.4401681807482485,93.66610676157526,59.04689541067819,1.4401681807482485,100.43079996147716,3803.44876174152,92.76704296930536,62.30988427968839,-3.7335868421052902,-0.09106309370988512,0.12637614333992367,-3.7335868421052902,-0.09106309370988512,0.12637614333992367,0,0.0,0.0,English,English,No,Low,Low,No
3545,1,RESULT6,54,21.305449999999997,0.39454537037037024,0.2622621350136155,1.4865700000000002,14,0.25925925925925924,5447.606511482848,2.444656441275534,144.2091982519623,132.01144782887883,2.444656441275534,94.03543881888751,4849.566773493292,89.80679210172764,62.17172888014324,-11.983575263157933,-0.23045337044534486,0.107602181511233,-11.983575263157933,-0.23045337044534486,0.107602181511233,0,0.0,0.0,English,English,No,Low,Low,No
3545,2,RESULT1,96,22.430700000000005,0.23365312500000004,0.1343298712770831,0.93726,18,0.1875,10418.509572783169,11.641278252458436,187.6298022532875,1117.5627122360097,11.641278252458436,98.98289102607878,9092.233157152208,94.71076205366884,49.2743534196722,39.566961052631505,0.4121558442982449,0.4903790773848386,39.566961052631505,0.4121558442982449,0.4903790773848386,1,0.09351,0.09351,Chinese,English,Yes,High,High,Yes
3545,2,RESULT2,80,19.71682,0.24646025,0.16982955434033706,1.21484,26,0.325,6262.427866100225,7.705503537464766,69.65022779487889,616.4402829971813,7.705503537464766,100.75790426771593,7930.07512954962,99.12593911937027,58.32858376673372,31.750311052631535,0.41234170198222775,0.4763079076235235,31.750311052631535,0.41234170198222775,0.4763079076235235,3,0.278,0.09266666666666667,Chinese,Chinese,No,High,High,Yes
3545,2,RESULT3,27,4.754159999999998,0.17607999999999993,0.06418647290281422,0.30737,2,0.07407407407407407,2703.098747207169,23.81784189398177,95.7240687878524,643.081731137508,23.81784189398177,92.60058898399136,2855.7980127765954,105.77029676950352,50.77975062772718,9.243038421052614,0.34233475633528193,0.3722926817516979,9.243038421052614,0.34233475633528193,0.3722926817516979,0,0.0,0.0,Chinese,Chinese,No,High,High,Yes
3545,2,RESULT4,26,5.693829999999998,0.2189934615384615,0.12391594886927025,0.55615,4,0.15384615384615385,2195.5506536749376,-7.9932411505782905,75.4538593056008,-207.82426991503556,-7.9932411505782905,99.81136042182828,2863.976071007601,110.1529258079847,56.06467748938347,10.736867368421034,0.4129564372469629,0.3452334303913272,10.736867368421034,0.4129564372469629,0.3452334303913272,0,0.0,0.0,Chinese,Chinese,No,High,High,Yes
3545,2,RESULT5,24,8.54884,0.3562016666666667,0.20362736423155134,0.94385,2,0.08333333333333333,2908.4578851558467,48.112958716579094,137.10357280737455,1154.7110091978982,48.112958716579094,92.36099101890392,1963.4544948718121,81.81060395299217,65.60746493839552,3.8423752631578814,0.16009896929824505,0.20274570033417,3.8423752631578814,0.16009896929824505,0.20274570033417,0,0.0,0.0,Chinese,Chinese,No,High,High,Yes
3545,2,RESULT6,13,4.9392200000000015,0.3799400000000001,0.21923787488619612,0.83081,1,0.07692307692307693,913.6203863719223,61.407649503006716,29.589910234468373,798.2994435390872,61.407649503006716,93.76707026066948,983.6844577705876,75.66803521312212,43.26336870871401,-0.013486315789482006,-0.0010374089068832314,0.12120419633116675,-0.013486315789482006,-0.0010374089068832314,0.12120419633116675,0,0.0,0.0,Chinese,Chinese,No,High,High,Yes
3545,3,RESULT1,21,5.10476,0.2430838095238095,0.1018474159139282,0.43579,3,0.14285714285714285,2380.745005278019,-38.74515484601788,77.90185930277987,-813.6482517663753,-38.74515484601788,80.29420421479814,2091.5895760410517,99.59950362100248,60.00614817536898,9.113352105263145,0.4339691478696735,0.3884167816234412,9.113352105263145,0.4339691478696735,0.3884167816234412,0,0.0,0.0,English,Chinese,Yes,Low,Low,No
3545,3,RESULT2,27,5.1284100000000015,0.18994111111111114,0.0993573306335133,0.4890100000000001,5,0.1851851851851852,2779.7029306534337,7.371521877208528,110.53252065732157,199.03109068463024,7.371521877208528,102.07741281104963,2335.2300305331105,86.49000113085594,53.0139371296919,11.643448421052616,0.4312388304093561,0.489378777998756,11.643448421052616,0.4312388304093561,0.489378777998756,0,0.0,0.0,English,English,No,Low,Low,No
3545,3,RESULT3,23,4.62524,0.2010973913043478,0.10612110777283584,0.50244,3,0.13043478260869565,3049.746547766377,42.52306607581543,115.74590558749858,978.0305197437548,42.52306607581543,85.254332287204,2515.8657134135997,109.38546580059128,58.57661764123991,7.470614210526298,0.3248093135011433,0.3990145652429149,7.470614210526298,0.3248093135011433,0.3990145652429149,0,0.0,0.0,English,English,No,Low,Low,No
3545,3,RESULT4,72,19.595709999999997,0.2721626388888888,0.13886281398673314,0.75708,18,0.25,6724.10741792276,15.850465156813517,87.93376200466858,1141.233491290573,15.850465156813517,97.06188262486131,7166.274700145777,99.53159305758022,61.9501654318376,7.3457847368420595,0.10346175685693043,0.17322877219826385,7.3457847368420595,0.10346175685693043,0.17322877219826385,2,0.25223,0.126115,Chinese,English,Yes,High,High,Yes
3545,3,RESULT5,37,9.13429,0.2468727027027027,0.11800782797325635,0.55591,6,0.16216216216216214,5626.83007404945,8.472656667216963,140.11254697712613,313.4882966870276,8.472656667216963,114.74327845894236,4573.400478270053,123.60541833162306,53.30585753429958,-2.70922210526318,-0.07525616959064389,0.14049982695609045,-2.70922210526318,-0.07525616959064389,0.14049982695609045,1,0.10794000000000001,0.10794000000000001,Chinese,Chinese,No,High,High,Yes
3545,3,RESULT6,66,19.131069999999994,0.2898646969696969,0.16796468401548975,1.01831,13,0.19696969696969696,7021.467126507891,0.7737742146800212,108.32513744818851,51.069098168881396,0.7737742146800212,99.29692157420143,6173.854264468726,93.54324643134431,64.23401524637228,-12.131381578947414,-0.1866366396761141,0.21969853123343855,-12.131381578947414,-0.1866366396761141,0.21969853123343855,1,0.00882,0.00882,Chinese,Chinese,No,High,High,Yes
3545,4,RESULT1,17,3.22438,0.1896694117647059,0.0843137065453695,0.375,0,0.0,2412.3891611216227,-24.143498119943175,185.7902222652037,-410.43946803903395,-24.143498119943175,90.43839662382658,1511.8264333322504,88.93096666660297,50.54870498037429,5.997967894736831,0.35282164086687245,0.3690914045651503,5.997967894736831,0.35282164086687245,0.3690914045651503,0,0.0,0.0,Chinese,Chinese,No,High,High,Yes
3545,4,RESULT2,73,15.853020000000004,0.21716465753424666,0.10755786056857117,0.74438,17,0.2328767123287671,7820.64412873185,10.015726311819973,134.8108141929931,731.1480207628579,10.015726311819973,108.311942590665,6908.393780731757,94.63553124290077,58.486280381138926,32.241455789473626,0.4477979970760227,0.4523393976078378,32.241455789473626,0.4477979970760227,0.4523393976078378,0,0.0,0.0,English,Chinese,Yes,Low,Low,No
3545,4,RESULT3,62,13.117670000000004,0.21157532258064524,0.11082311860999187,0.66357,16,0.25806451612903225,4793.876183651545,15.15758565130677,75.7346383120023,939.7703103810196,15.15758565130677,96.48035154696592,5386.247031037356,86.87495211350573,50.82182901398343,14.226754210526268,0.2332254788610864,0.3300298841618463,14.226754210526268,0.2332254788610864,0.3300298841618463,0,0.0,0.0,Chinese,English,Yes,High,High,Yes
3545,4,RESULT4,32,8.813739999999997,0.2754293749999999,0.17647427098123789,0.84399,3,0.09375,2993.4576698778105,15.398493752424256,98.71873004334135,492.7518000775762,15.398493752424256,105.80143065755391,3289.795163858741,102.80609887058566,52.227685757775404,2.1293126315789266,0.0686875042444815,0.1598456241680102,2.1293126315789266,0.0686875042444815,0.1598456241680102,1,0.14304,0.14304,English,Chinese,Yes,Low,Low,No
3545,4,RESULT5,14,4.98928,0.35637714285714284,0.23935663345215866,1.09131,0,0.0,1528.184502299865,52.260456492549,97.71769757651505,731.6463908956861,52.260456492549,62.35536635909254,1005.7875978006723,71.8419712714766,43.830979229248896,-1.0211263157894832,-0.07854817813765255,0.1922510082059727,-1.0211263157894832,-0.07854817813765255,0.1922510082059727,0,0.0,0.0,Chinese,English,Yes,High,High,Yes
3545,4,RESULT6,2,0.4882800000000001,0.24414,0.1355,0.37964,0,0.0,232.9679264759119,-65.58454018832383,0.03265422685032604,-131.16908037664766,-65.58454018832383,78.10214093049579,158.25861452646686,79.12930726323343,54.41417864036848,-0.2552789473684216,-0.2552789473684216,0.0,-0.2552789473684216,-0.2552789473684216,0.0,0,0.0,0.0,English,Chinese,Yes,Low,Low,No
3545,5,RESULT1,22,5.912369999999999,0.26874409090909085,0.08523279328665863,0.44214,3,0.13636363636363635,2175.772539870714,-12.447618180762296,153.18655414720752,-273.84759997677054,-12.447618180762296,79.78694851300986,2193.9560257131548,99.72527389605247,61.23079980701771,6.944322105263144,0.33068200501253064,0.11710688743539915,6.944322105263144,0.33068200501253064,0.11710688743539915,0,0.0,0.0,English,English,No,Low,Low,No
3545,5,RESULT2,41,8.11769,0.19799243902439026,0.09001694300628912,0.46216,7,0.17073170731707318,2974.2838793616966,4.450350813204589,60.87189526646201,182.46438334138816,4.450350813204589,98.46173856745443,3999.360513427351,97.54537837627683,51.64174112788753,12.663782105263131,0.3165945526315782,0.18145071855034767,12.663782105263131,0.3165945526315782,0.18145071855034767,0,0.0,0.0,English,English,No,Low,Low,No
3545,5,RESULT3,44,8.706790000000002,0.19788159090909094,0.06729271715096602,0.34839000000000003,12,0.2727272727272727,5078.450477011805,20.30260674285879,123.09403586214322,893.3146966857868,20.30260674285879,99.20633274494287,3383.418230982293,76.89586888596119,51.58961863686286,13.914196315789447,0.31623173444976016,0.2887665344844715,13.914196315789447,0.31623173444976016,0.2887665344844715,0,0.0,0.0,English,English,No,Low,Low,No
3545,5,RESULT4,8,1.50978,0.1887225,0.0879937358210799,0.33545,1,0.125,1164.5098761657052,70.43734917495759,127.7842905131273,563.4987933996607,70.43734917495759,85.68228823087922,732.4573065704933,91.55716332131165,74.14946978942747,0.4965084210526256,0.0620635526315782,0.34852431358649505,0.4965084210526256,0.0620635526315782,0.34852431358649505,0,0.0,0.0,English,English,No,Low,Low,No
3545,5,RESULT5,17,4.872569999999999,0.2866217647058823,0.10138822957762804,0.42944,0,0.0,2203.2288048307673,-33.254347960936606,96.15405564337532,-565.3239153359223,-33.254347960936606,98.9279945153882,1321.7714153151444,77.75125972442027,59.308104694309215,-1.8698421052631689,-0.10999071207430408,0.09440785978363957,-1.8698421052631689,-0.10999071207430408,0.09440785978363957,0,0.0,0.0,English,English,No,Low,Low,No
3545,5,RESULT6,1,0.28857,0.28857,0.0,0.28857,0,0.0,436.0995787063318,98.51971127064155,0.0,98.51971127064155,98.51971127064155,0.0,2.565808764994602,2.565808764994602,0.0,-0.1822189473684217,-0.1822189473684217,0.0,-0.1822189473684217,-0.1822189473684217,0.0,1,0.14748,0.14748,English,English,No,Low,Low,No
3545,6,RESULT1,8,1.56811,0.19601375,0.049846034931953234,0.27563000000000004,1,0.125,677.9727288779085,-69.18503645707996,91.13119778505482,-553.4802916566397,-69.18503645707996,36.671184428678615,478.8046962476607,59.85058703095758,35.30261862898741,2.7433673684210484,0.3919096240601498,0.1193437693456708,2.7433673684210484,0.3919096240601498,0.1193437693456708,0,0.0,0.0,Chinese,English,Yes,High,High,Yes
3545,6,RESULT2,48,11.296150000000004,0.2353364583333334,0.12372527543394922,0.60278,15,0.3125,4440.019923875132,28.948805126899284,93.84626012741423,1389.5426460911656,28.948805126899284,101.0547908733642,5325.81762029718,110.95453375619124,57.62068325342701,12.264210526315756,0.25550438596491154,0.14492601943519867,12.264210526315756,0.25550438596491154,0.14492601943519867,1,0.13204000000000002,0.13204000000000002,Chinese,Chinese,No,High,High,Yes
3545,6,RESULT3,8,2.02833,0.25354125,0.13004502849373942,0.56226,0,0.0,512.8796237203513,48.959368487711956,47.65331167085724,391.67494790169565,48.959368487711956,69.14498305391663,585.4049481617504,73.1756185202188,37.69865931047186,0.5389484210526265,0.06736855263157833,0.25152837593090266,0.5389484210526265,0.06736855263157833,0.25152837593090266,0,0.0,0.0,Chinese,Chinese,No,High,High,Yes
3545,6,RESULT4,4,0.58985,0.1474625,0.051158139320639874,0.22192,1,0.25,328.72186452653375,-61.99728718593124,34.81741841819193,-247.98914874372497,-61.99728718593124,76.43559007786969,385.4778601682033,96.36946504205082,70.69757402647949,-0.6371257894736866,-0.15928144736842165,0.04085353190055917,-0.6371257894736866,-0.15928144736842165,0.04085353190055917,0,0.0,0.0,English,Chinese,Yes,Low,Low,No
3545,6,RESULT5,5,1.6818799999999998,0.336376,0.12556642219956732,0.50244,0,0.0,424.6694858304392,62.50480621706894,22.644333912844797,312.5240310853447,62.50480621706894,64.82927193237228,558.8082489447502,111.76164978895004,60.2588165403243,-0.9762547368421092,-0.1952509473684218,0.14458993165500825,-0.9762547368421092,-0.1952509473684218,0.14458993165500825,0,0.0,0.0,English,English,No,Low,Low,No
3545,6,RESULT6,0,0.0,0.0,0.0,0.0,0,0.0,0.0,0.0,0.0,0.0,0.0,0.0,0.0,0.0,0.0,0.0,0.0,0.0,0.0,0.0,0.0,0,0.0,0.0,English,English,No,Low,Low,No
3545,7,RESULT1,5,1.2146,0.24292,0.08435678727879578,0.4021,1,0.2,283.3741415790905,-52.814801856958866,36.42551833487803,-264.0740092847944,-52.814801856958866,22.95480045206853,479.2272774857585,95.84545549715168,59.03909240135647,2.6024252631578912,0.5204850526315783,0.07599541838821591,2.6024252631578912,0.5204850526315783,0.07599541838821591,0,0.0,0.0,Chinese,English,Yes,High,High,Yes
3545,7,RESULT2,34,7.041739999999999,0.20711,0.11217727711083028,0.48218,6,0.17647058823529413,2650.463204262699,3.4619992459222,117.10963398214466,117.70797436135479,3.4619992459222,114.46484861610628,3189.302249555376,93.80300733986401,62.56810347257782,13.987924736842086,0.4238765071770329,0.12729171576315718,13.987924736842086,0.4238765071770329,0.12729171576315718,1,0.09162999999999999,0.09162999999999999,Chinese,Chinese,No,High,High,Yes
3545,7,RESULT3,8,2.03052,0.253815,0.1042894084986582,0.42212,0,0.0,837.5100257281299,28.104164680873012,121.18712556396429,224.8333174469841,28.104164680873012,109.26454156341957,847.432823131237,105.92910289140465,36.24015130940831,1.087528421052626,0.13594105263157824,0.2486048245679024,1.087528421052626,0.13594105263157824,0.2486048245679024,0,0.0,0.0,Chinese,Chinese,No,High,High,Yes
3545,7,RESULT4,1,0.43555,0.43555,0.0,0.43555,0,0.0,125.92904484986784,-163.11343277854573,0.0,-163.11343277854573,-163.11343277854573,0.0,70.5512329116254,70.5512329116254,0.0,-0.25313894736842224,-0.25313894736842224,0.0,-0.25313894736842224,-0.25313894736842224,0.0,0,0.0,0.0,Chinese,Chinese,No,High,High,Yes
3545,7,RESULT5,4,1.59154,0.397885,0.16845318719157554,0.65503,0,0.0,372.578846500769,-5.3189739358336015,9.03270715454523,-21.27589574333441,-5.3189739358336015,104.02634110642578,120.154644778433,30.03866119460825,30.11658313178487,-0.9719457894736868,-0.2429864473684217,0.10690936894748752,-0.9719457894736868,-0.2429864473684217,0.10690936894748752,0,0.0,0.0,Chinese,Chinese,No,High,High,Yes
3545,7,RESULT6,0,0.0,0.0,0.0,0.0,0,0.0,0.0,0.0,0.0,0.0,0.0,0.0,0.0,0.0,0.0,0.0,0.0,0.0,0.0,0.0,0.0,0,0.0,0.0,Chinese,Chinese,No,High,High,Yes
3545,8,RESULT1,13,1.65796,0.1275353846153846,0.04186833733271381,0.20703,1,0.07692307692307693,1621.4261446898365,-38.60285625910545,117.85470449835823,-501.8371313683708,-38.60285625910545,99.60893714849504,1368.1828903768794,105.24483772129845,39.36627419780434,2.6050436842105165,0.20038797570850125,0.4263902765316185,2.6050436842105165,0.20038797570850125,0.4263902765316185,0,0.0,0.0,English,Chinese,Yes,Low,Low,No
3545,8,RESULT2,35,7.109120000000001,0.20311771428571432,0.08417165227203326,0.38843,4,0.11428571428571427,3706.2284984646662,-9.999694154290768,81.06966317674055,-349.98929540017684,-9.999694154290768,94.36668562499699,3741.055574928972,106.88730214082777,49.39391737048845,7.123326842105239,0.20352362406014968,0.3217306491758316,7.123326842105239,0.20352362406014968,0.3217306491758316,0,0.0,0.0,English,English,No,Low,Low,No
3545,8,RESULT3,83,18.682119999999994,0.22508578313253005,0.10222131250581162,0.5424800000000001,16,0.1927710843373494,7704.622428613288,9.892495459168456,91.44598549780092,821.077123110982,9.892495459168456,102.62970406632029,8553.196014425721,103.05055439067131,54.142589613553774,7.5288163157894195,0.09181483311938317,0.12602567854898827,7.5288163157894195,0.09181483311938317,0.12602567854898827,0,0.0,0.0,English,English,No,Low,Low,No
3545,8,RESULT4,70,15.432620000000005,0.22046600000000005,0.09328847433632947,0.50854,20,0.2857142857142857,6059.839751397246,20.769252916597168,91.49386299774154,1453.8477041618014,20.769252916597168,95.84294103544892,6706.944787840866,95.81349696915524,57.45088484602631,-2.601567368421099,-0.03770387490465362,0.1417635475506898,-2.601567368421099,-0.03770387490465362,0.1417635475506898,0,0.0,0.0,Chinese,English,Yes,High,High,Yes
3545,8,RESULT5,8,2.5270900000000003,0.31588625000000004,0.13480154050839888,0.5161100000000001,0,0.0,984.2614665617947,50.22073192665245,84.55325639953433,401.7658554132196,50.22073192665245,109.03037841494532,840.8840078008019,105.11050097510024,61.339621474035596,-0.9730315789473728,-0.1216289473684216,0.2263003676774244,-0.9730315789473728,-0.1216289473684216,0.2263003676774244,0,0.0,0.0,Chinese,Chinese,No,High,High,Yes
3545,8,RESULT6,2,0.68409,0.342045,0.07397500000000001,0.41602,0,0.0,293.3733278269028,93.20160132094047,49.80371022024499,186.4032026418809,93.20160132094047,74.76508157628639,163.21559962358225,81.60779981179112,51.13796296436388,-0.7119078947368433,-0.3559539473684217,0.058694999999999935,-0.7119078947368433,-0.3559539473684217,0.058694999999999935,0,0.0,0.0,Chinese,Chinese,No,High,High,Yes
3545,9,RESULT1,10,2.71777,0.27177700000000005,0.09262206670658996,0.48853,2,0.2,676.3099918052718,-28.78830225377069,30.504452255818965,-287.88302253770695,-28.78830225377069,88.88866241736388,730.6753315506578,73.06753315506579,71.63971359227196,2.4972505263157823,0.24972505263157824,0.1502216563648533,2.4972505263157823,0.24972505263157824,0.1502216563648533,0,0.0,0.0,Chinese,Chinese,No,High,High,Yes
3545,9,RESULT2,38,8.287350000000002,0.2180881578947369,0.09588951308819364,0.42188,4,0.10526315789473684,4446.578166884649,-22.125005879727908,134.52907607872558,-840.7502234296602,-22.125005879727908,98.61417152786915,3734.1966254447602,98.26833224854632,61.1009419169546,8.954299999999975,0.2356394736842099,0.2020274418890824,8.954299999999975,0.2356394736842099,0.2020274418890824,0,0.0,0.0,English,Chinese,Yes,Low,Low,No
3545,9,RESULT3,30,6.638190000000002,0.22127300000000005,0.09696336676463607,0.5158699999999999,7,0.2333333333333333,2753.000615445356,37.43550964579072,100.6059715282277,1123.0652893737217,37.43550964579072,88.28601039252628,3371.650328399082,112.3883442799694,61.20495428169917,2.62330052631577,0.09045863883847484,0.1888490202539897,2.62330052631577,0.09045863883847484,0.1888490202539897,1,0.13128,0.13128,Chinese,English,Yes,High,High,Yes
3545,9,RESULT4,12,3.1950700000000003,0.26625583333333336,0.10173562629501473,0.4350600000000001,0,0.0,1542.113642004771,3.5100087534955144,157.90249742489962,42.120105041946175,3.5100087534955144,91.54693416394842,1265.004196503976,105.4170163753313,63.06780637164657,-1.6262973684210604,-0.13552478070175505,0.08259699646055874,-1.6262973684210604,-0.13552478070175505,0.08259699646055874,0,0.0,0.0,English,Chinese,Yes,Low,Low,No
3545,9,RESULT5,14,4.603040000000001,0.3287885714285715,0.21004783651951905,0.93164,2,0.14285714285714285,1448.7154972000617,54.790917269223044,116.77454644470964,767.0728417691226,54.790917269223044,77.17178738649443,1559.2692942283695,111.37637815916928,65.10139394168633,-2.0686352631579044,-0.14775966165413604,0.06786819596069411,-2.0686352631579044,-0.14775966165413604,0.06786819596069411,0,0.0,0.0,Chinese,English,Yes,High,High,Yes
3545,9,RESULT6,2,0.5668900000000001,0.2834450000000001,0.03198500000000001,0.31543000000000004,0,0.0,153.64689073682248,80.10928793191825,12.636356232978349,160.2185758638365,80.10928793191825,14.849967009120805,220.45609717638249,110.22804858819126,24.948468820450106,-0.7296878947368435,-0.36484394736842174,0.00837500000000002,-0.7296878947368435,-0.36484394736842174,0.00837500000000002,0,0.0,0.0,English,Chinese,Yes,Low,Low,No
3545,10,RESULT1,24,5.5078400000000025,0.2294933333333334,0.09477599070381112,0.4350600000000001,6,0.25,2092.6817577805496,-0.5251970976728261,61.24553004735699,-12.604730344147825,-0.5251970976728261,106.76763965638371,2026.4066456530945,84.4336102355456,59.50980389804897,5.281555263157878,0.22006480263157824,0.0893985484090142,5.281555263157878,0.22006480263157824,0.0893985484090142,0,0.0,0.0,English,English,No,Low,Low,No
3545,10,RESULT2,72,14.383550000000005,0.19977152777777785,0.10757672976970288,0.57593,17,0.2361111111111111,4779.283070316551,4.802089651987021,61.22871214460513,345.7504549430656,4.802089651987021,96.36913257437566,6215.61787067034,86.32802598153252,56.41956967480155,12.312712631578894,0.17844511060259272,0.2291914306919556,12.312712631578894,0.17844511060259272,0.2291914306919556,0,0.0,0.0,English,English,No,Low,Low,No
3545,10,RESULT3,53,12.962130000000005,0.2445684905660378,0.12623686638798293,0.63574,11,0.2075471698113208,5306.905254576588,9.485050585774207,120.25189471530494,502.7076810460329,9.485050585774207,98.24231709490576,5140.256061460132,96.98596342377606,59.72133366911379,1.8403947368420688,0.035392206477732086,0.15516540253480146,1.8403947368420688,0.035392206477732086,0.15516540253480146,0,0.0,0.0,English,English,No,Low,Low,No
3545,10,RESULT4,25,6.22996,0.2491984,0.0989282267375697,0.44238,4,0.16,1664.4018762927908,42.279762304950346,46.08050763118023,1056.9940576237584,42.279762304950346,90.93147103432018,2330.860969317197,93.23443877268788,48.296304903098786,-1.9426257894736985,-0.08446199084668254,0.12188832236487004,-1.9426257894736985,-0.08446199084668254,0.12188832236487004,1,0.031330000000000004,0.031330000000000004,English,English,No,Low,Low,No
3545,10,RESULT5,8,2.17872,0.27234,0.09160239339122096,0.42188,0,0.0,1629.8702413734534,18.82243639048216,145.45942104737273,150.57949112385725,18.82243639048216,130.07829408083143,924.8482401685943,115.60603002107429,69.19374036524998,-1.3087715789473728,-0.1635964473684216,0.08973709726194627,-1.3087715789473728,-0.1635964473684216,0.08973709726194627,0,0.0,0.0,English,English,No,Low,Low,No
3545,10,RESULT6,9,2.5180599999999997,0.27978444444444445,0.10763745827866504,0.41504,0,0.0,1573.7105010976907,-14.903579749917867,116.14168360002192,-134.13221774926078,-14.903579749917867,74.25983894809481,688.8306751593711,76.53674168437459,70.56675518453984,-2.5339015789473742,-0.3167376973684218,0.08405422371897803,-2.5339015789473742,-0.3167376973684218,0.08405422371897803,0,0.0,0.0,English,English,No,Low,Low,No
3545,11,RESULT1,35,7.159450000000001,0.2045557142857143,0.0966752569994948,0.50269,3,0.08571428571428573,2716.0394343776475,4.080036703125763,73.53558950724641,142.80128460940168,4.080036703125763,104.62123598154359,3240.3394982903446,92.5811285225813,48.243374191546046,10.30642684210524,0.29446933834586403,0.20935449232342732,10.30642684210524,0.29446933834586403,0.20935449232342732,1,0.12278,0.12278,Chinese,English,Yes,High,High,Yes
3545,11,RESULT2,42,8.745599999999996,0.20822857142857132,0.09822941511175398,0.48926,4,0.09523809523809523,4622.877311891414,6.073810422272534,87.82881748172693,255.10003773544642,6.073810422272534,107.34618919337149,4426.664316281603,105.39676943527624,55.193981712051105,5.925273157894713,0.14451885750962715,0.23066670109680765,5.925273157894713,0.14451885750962715,0.23066670109680765,0,0.0,0.0,Chinese,Chinese,No,High,High,Yes
3545,11,RESULT3,19,3.90553,0.20555421052631576,0.1001104182661793,0.46948,1,0.05263157894736842,1856.6587044235894,-19.622407465250987,109.25110219474001,-372.82574183976885,-19.622407465250987,93.72672470727213,2022.9731566690168,106.47227140363245,51.59625475454664,0.06955999999998719,0.0036610526315782725,0.13254362089892247,0.06955999999998719,0.0036610526315782725,0.13254362089892247,0,0.0,0.0,Chinese,Chinese,No,High,High,Yes
3545,11,RESULT4,20,4.2800400000000005,0.214002,0.0649107932165368,0.34839000000000003,3,0.15,2790.5343064522517,-30.98133058902993,105.54555615605348,-619.6266117805986,-30.98133058902993,81.15970469372022,1755.7281214336338,87.7864060716817,55.61104916882361,-1.923948947368434,-0.0961974473684217,0.2061366733086329,-1.923948947368434,-0.0961974473684217,0.2061366733086329,0,0.0,0.0,English,Chinese,Yes,Low,Low,No
3545,11,RESULT5,24,7.211919999999999,0.30049666666666663,0.12106216955441625,0.56274,3,0.125,3427.241927404956,46.40077176503315,140.59713475903095,1113.6185223607956,46.40077176503315,90.0579063053612,2459.267609329297,102.46948372205402,50.116263601580016,-5.6090647368421225,-0.23371103070175506,0.2079839933794989,-5.6090647368421225,-0.23371103070175506,0.2079839933794989,0,0.0,0.0,English,English,No,Low,Low,No
3545,11,RESULT6,15,5.84425,0.38961666666666667,0.19010565285884815,0.84424,0,0.0,2170.010082514928,20.113197548350172,129.70975535606243,301.69796322525264,20.113197548350172,119.67611330350887,1636.6784610552033,109.11189740368022,44.233132570582754,-4.273454210526327,-0.2848969473684218,0.15131605882904686,-4.273454210526327,-0.2848969473684218,0.15131605882904686,0,0.0,0.0,English,English,No,Low,Low,No
3545,12,RESULT1,15,3.33765,0.22250999999999999,0.09760531126258792,0.4558100000000001,0,0.0,1005.7283971276213,-12.82406020497942,32.10122334847869,-192.36090307469132,-12.82406020497942,88.08603005284667,1233.7297924971938,82.24865283314625,54.80321035035811,4.4552957894736736,0.2970197192982449,0.1731969117687212,4.4552957894736736,0.2970197192982449,0.1731969117687212,0,0.0,0.0,Chinese,English,Yes,High,High,Yes
3545,12,RESULT2,30,8.320789999999999,0.2773596666666666,0.15154772087768995,0.75659,5,0.16666666666666666,3201.076042740337,39.66739552335836,120.522034605492,1190.0218657007508,39.66739552335836,100.80342039463305,2672.051928112176,89.06839760373919,62.63589676190219,5.908449473684193,0.21101605263157835,0.2658157302224109,5.908449473684193,0.21101605263157835,0.2658157302224109,1,0.09306,0.09306,Chinese,Chinese,No,High,High,Yes
3545,12,RESULT3,20,5.0835099999999995,0.2541755,0.09609728760350106,0.42773,3,0.15,1456.9208259794323,-21.726288108923168,61.650867642073926,-434.52576217846337,-21.726288108923168,90.06418059238602,1927.45803846394,96.372901923197,63.36252289069213,-0.4602889473684347,-0.02301444736842173,0.09184286308146104,-0.4602889473684347,-0.02301444736842173,0.09184286308146104,0,0.0,0.0,Chinese,Chinese,No,High,High,Yes
3545,12,RESULT4,15,3.58765,0.2391766666666667,0.05650665573383566,0.32837,3,0.2,1444.0411094366996,18.794753427105626,59.18679528090046,281.92130140658435,18.794753427105626,109.39863597326432,1399.5679221324995,93.30452814216663,57.39600614172797,-1.3069842105263256,-0.08713228070175504,0.09487230225940547,-1.3069842105263256,-0.08713228070175504,0.09487230225940547,0,0.0,0.0,Chinese,Chinese,No,High,High,Yes
3545,12,RESULT5,3,0.7360800000000001,0.24536,0.08926868319853272,0.31543000000000004,0,0.0,353.2467997750811,122.35576397853892,69.86663815612003,367.0672919356167,122.35576397853892,30.532140215213786,283.78433420955105,94.59477806985036,61.300506278310564,-0.7063868421052648,-0.2354622807017549,0.16764278537679128,-0.7063868421052648,-0.2354622807017549,0.16764278537679128,0,0.0,0.0,Chinese,Chinese,No,High,High,Yes
3545,12,RESULT6,3,0.83765,0.2792166666666667,0.125468069067614,0.45557,0,0.0,173.59552091486026,-57.98236279676655,20.039845699279326,-173.9470883902996,-57.98236279676655,55.6503439904649,393.6616001079168,131.22053336930554,43.48850229176779,-1.0694368421052651,-0.3564789473684217,0.10429042823875184,-1.0694368421052651,-0.3564789473684217,0.10429042823875184,0,0.0,0.0,Chinese,Chinese,No,High,High,Yes
3545,13,RESULT1,6,1.3454700000000002,0.22424499999999997,0.06902595834177169,0.28833000000000003,0,0.0,469.5660788489799,10.078183462777574,52.58365754325661,60.46910077666544,10.078183462777574,92.92012342004108,591.5307393569358,98.58845655948929,44.809172276613864,1.3262863157894698,0.22104771929824496,0.12782414247707646,1.3262863157894698,0.22104771929824496,0.12782414247707646,0,0.0,0.0,English,Chinese,Yes,Low,Low,No
3545,13,RESULT2,20,3.87696,0.193848,0.0725773943869577,0.35669,0,0.0,1945.26064546136,-6.998931301388903,112.8062206033343,-139.97862602777806,-6.998931301388903,96.56337061115104,1976.0873223372,98.80436611686,47.88968166779864,3.5813799999999896,0.18849368421052576,0.1820602226867927,3.5813799999999896,0.18849368421052576,0.1820602226867927,0,0.0,0.0,English,English,No,Low,Low,No
3545,13,RESULT3,10,2.1735800000000003,0.217358,0.06974734501040165,0.3418,1,0.1,1129.8890460193945,41.84003106374379,148.2625694879656,418.4003106374379,41.84003106374379,95.82941232662662,1282.346925399953,128.23469253999528,55.31207399084784,-0.18996947368421635,-0.018996947368421637,0.18098028029594826,-0.18996947368421635,-0.018996947368421637,0.18098028029594826,0,0.0,0.0,English,English,No,Low,Low,No
3545,13,RESULT4,1,0.53564,0.53564,0.0,0.53564,0,0.0,103.17725928750004,91.74884435502688,0.0,91.74884435502688,91.74884435502688,0.0,149.761146927582,149.761146927582,0.0,-0.12228894736842165,-0.12228894736842165,0.0,-0.12228894736842165,-0.12228894736842165,0.0,0,0.0,0.0,Chinese,English,Yes,High,High,Yes
3545,13,RESULT5,2,0.24609,0.123045,0.033205,0.15625,0,0.0,672.991308669061,21.384018245158167,156.50901993475063,42.768036490316334,21.384018245158167,74.89199796445902,309.53921065047746,154.76960532523873,10.199759385848566,-0.4825478947368436,-0.24127394736842175,0.04416499999999979,-0.4825478947368436,-0.24127394736842175,0.04416499999999979,0,0.0,0.0,Chinese,Chinese,No,High,High,Yes
3545,13,RESULT6,3,1.1384299999999998,0.3794766666666667,0.17586963530473992,0.62305,0,0.0,461.1508827864077,86.97930074750812,126.74253248508568,260.9379022425244,86.97930074750812,71.19188642253944,271.3615221881115,90.4538407293705,64.98380711212421,-1.0992568421052655,-0.36641894736842173,0.0510463991547558,-1.0992568421052655,-0.36641894736842173,0.0510463991547558,0,0.0,0.0,Chinese,Chinese,No,High,High,Yes
3545,14,RESULT1,7,1.2050900000000002,0.17215571428571433,0.062058989876486025,0.26685,0,0.0,396.9379471966742,2.9107264141810725,27.371237272791948,20.375084899267506,2.9107264141810725,109.3464873537698,1010.409519724722,144.34421710353175,29.078916797654124,-0.15049263157895032,-0.021498947368421475,0.34274305935305793,-0.15049263157895032,-0.021498947368421475,0.34274305935305793,0,0.0,0.0,Chinese,Chinese,No,High,High,Yes
3545,14,RESULT2,15,3.42847,0.2285646666666667,0.1192677036958828,0.54956,0,0.0,1981.7467113274809,-34.95210878407027,167.82740520463963,-524.2816317610542,-34.95210878407027,87.31799419881546,1617.9718547430691,107.86479031620462,44.22852207899891,2.016475789473673,0.13443171929824485,0.27880118732410963,2.016475789473673,0.13443171929824485,0.27880118732410963,0,0.0,0.0,English,Chinese,Yes,Low,Low,No
3545,14,RESULT3,5,0.99025,0.19805,0.08480541185561212,0.30176,0,0.0,314.0611570054234,54.817698219714956,40.73227876425024,274.0884910985748,54.817698219714956,116.73028337829405,482.7156646401919,96.54313292803837,53.31896196155757,-0.3245547368421087,-0.06491094736842172,0.2761558386129108,-0.3245547368421087,-0.06491094736842172,0.2761558386129108,0,0.0,0.0,Chinese,English,Yes,High,High,Yes
3545,14,RESULT4,13,3.6464800000000004,0.28049846153846153,0.0956480672406082,0.45532,0,0.0,1013.0932938754643,-0.7617960784494643,51.1366490400405,-9.903349019843038,-0.7617960784494643,60.909029025851886,1052.7359697799682,80.97968998307448,56.28724572495751,-2.179756315789481,-0.167673562753037,0.07991945167612834,-2.179756315789481,-0.167673562753037,0.07991945167612834,0,0.0,0.0,English,Chinese,Yes,Low,Low,No
3545,14,RESULT5,8,1.9963400000000002,0.24954250000000003,0.09806660233611644,0.4624,0,0.0,1053.4664293842548,66.74416920992293,113.92514357812351,533.9533536793834,66.74416920992293,77.67227823714457,1005.0616028512544,125.6327003564068,48.97371082612543,-1.9192015789473744,-0.23990019736842175,0.08669909132129079,-1.9192015789473744,-0.23990019736842175,0.08669909132129079,0,0.0,0.0,Chinese,English,Yes,High,High,Yes
3545,14,RESULT6,0,0.0,0.0,0.0,0.0,0,0.0,0.0,0.0,0.0,0.0,0.0,0.0,0.0,0.0,0.0,0.0,0.0,0.0,0.0,0.0,0.0,0,0.0,0.0,English,Chinese,Yes,Low,Low,No
3545,15,RESULT1,85,17.317079999999997,0.20373035294117647,0.11282942350340505,0.73682,23,0.27058823529411763,6624.766491852342,-17.16765021802293,68.81006299154366,-1459.2502685319491,-17.16765021802293,89.91845166143902,8251.010993745376,97.070717573475,54.34964063333331,17.66306947368416,0.20780081733746072,0.15473899472569838,17.66306947368416,0.20780081733746072,0.15473899472569838,2,0.26184,0.13091999999999998,English,English,No,Low,Low,No
3545,15,RESULT2,63,13.612800000000002,0.2160761904761905,0.11703202293319866,0.74365,16,0.25396825396825395,5728.950120687804,15.521296862964645,81.21210980391065,977.8417023667727,15.521296862964645,99.15005103540784,6400.307283989113,101.59217911093828,60.79442560338038,8.205345263157856,0.13234427843802993,0.2220726679121293,8.205345263157856,0.13234427843802993,0.2220726679121293,0,0.0,0.0,English,English,No,Low,Low,No
3545,15,RESULT3,27,6.284440000000001,0.2327570370370371,0.11525412128293865,0.58936,2,0.07407407407407407,2406.538467492809,-0.4992531233505154,74.85193413266876,-13.479834330463914,-0.4992531233505154,95.71401103494085,2206.2897867550714,81.71443654648412,53.429499326662814,-0.7469715789473867,-0.0276656140350884,0.15121427931625972,-0.7469715789473867,-0.0276656140350884,0.15121427931625972,0,0.0,0.0,English,English,No,Low,Low,No
3545,15,RESULT4,20,4.45608,0.222804,0.07531671198346353,0.42212,2,0.1,1603.6594812221854,8.509737996178286,113.18553642127372,170.1947599235657,8.509737996178286,75.48535914831284,1982.88810131216,99.14440506560801,49.91026078385571,-3.886700000000012,-0.20456315789473747,0.11187631734565408,-3.886700000000012,-0.20456315789473747,0.11187631734565408,0,0.0,0.0,English,English,No,Low,Low,No
3545,15,RESULT5,17,5.861100000000001,0.3447705882352942,0.20245045510011134,0.91089,1,0.05882352941176471,1626.8653975768937,22.361996592351538,62.6454357755247,380.1539420699762,22.361996592351538,63.086165029011404,2058.410847489677,121.08299102880451,43.73121173011138,-3.9727921052631694,-0.23369365325077476,0.11466809905324338,-3.9727921052631694,-0.23369365325077476,0.11466809905324338,0,0.0,0.0,English,English,No,Low,Low,No
3545,15,RESULT6,2,0.71119,0.355595,0.046265,0.40186,0,0.0,139.6383965742751,-10.5123961633797,11.53296608775769,-21.0247923267594,-10.5123961633797,5.921166364959296,174.197197010033,87.0985985050165,81.05906876506492,-0.9290678947368436,-0.4645339473684218,0.06427000000000008,-0.9290678947368436,-0.4645339473684218,0.06427000000000008,0,0.0,0.0,English,English,No,Low,Low,No
3545,16,RESULT1,25,5.51293,0.2205172,0.09271593185725957,0.42212,2,0.08,1927.3372275574832,-13.444000950372386,30.714512429013986,-336.1000237593097,-13.444000950372386,91.66618083779035,2136.118129754222,85.44472519016888,52.04506332301549,7.1738863157894555,0.2869554526315782,0.1537064562828769,7.1738863157894555,0.2869554526315782,0.1537064562828769,0,0.0,0.0,Chinese,English,Yes,High,High,Yes
3545,16,RESULT2,30,6.889159999999998,0.2296386666666666,0.14633203777103027,0.70313,3,0.1,2999.843585994809,8.809516673604149,122.88802197130072,264.2855002081244,8.809516673604149,96.81962031224717,2699.5073808159877,89.98357936053291,62.400763756116106,9.477760526315773,0.32681932849364737,0.1679265099673713,9.477760526315773,0.32681932849364737,0.1679265099673713,0,0.0,0.0,Chinese,Chinese,No,High,High,Yes
3545,16,RESULT3,15,2.7785599999999997,0.18523733333333334,0.09540423508885174,0.4624,0,0.0,1940.6370501404376,-3.2321504926705065,148.54238975104752,-48.482257390057605,-3.2321504926705065,96.22048381969464,1643.407042912392,109.56046952749278,51.06651592255545,2.6272757894736736,0.17515171929824494,0.2199813487811081,2.6272757894736736,0.17515171929824494,0.2199813487811081,0,0.0,0.0,Chinese,Chinese,No,High,High,Yes
3545,16,RESULT4,26,6.48219,0.249315,0.11400698336404325,0.4956100000000001,2,0.07692307692307693,2957.000634361877,24.66632840387676,101.33441653213067,641.3245385007957,24.66632840387676,100.86757299364194,2760.0497120323053,106.15575815508863,61.01238091797652,-0.9541526315789632,-0.03669817813765243,0.15434438493111216,-0.9541526315789632,-0.03669817813765243,0.15434438493111216,0,0.0,0.0,English,Chinese,Yes,Low,Low,No
3545,16,RESULT5,5,2.69678,0.5393560000000001,0.2664883245172291,1.01831,0,0.0,706.5570153062724,-7.080637623855884,54.68106524752144,-35.40318811927942,-7.080637623855884,95.84122115451322,285.65185331880843,57.130370663761695,62.656359286223285,-0.8298647368421088,-0.16597294736842175,0.033275371312729264,-0.8298647368421088,-0.16597294736842175,0.033275371312729264,0,0.0,0.0,English,English,No,Low,Low,No
3545,16,RESULT6,1,0.23462,0.23462,0.0,0.23462,0,0.0,149.7107122163274,146.047796749701,0.0,146.047796749701,146.047796749701,0.0,126.11971266186579,126.11971266186579,0.0,-0.3290189473684215,-0.3290189473684215,0.0,-0.3290189473684215,-0.3290189473684215,0.0,0,0.0,0.0,English,English,No,Low,Low,No
3545,17,RESULT1,20,3.7322,0.18661,0.08489530493496092,0.42188,6,0.3,1598.923084110767,-8.16722890870139,95.37734569399744,-163.34457817402782,-8.16722890870139,88.2517963356039,1559.5265864280234,77.97632932140115,59.59569352478799,8.782459999999983,0.4622347368421044,0.3092252697905012,8.782459999999983,0.4622347368421044,0.3092252697905012,1,0.09282,0.09282,Chinese,English,Yes,High,High,Yes
3545,17,RESULT2,69,13.881129999999995,0.20117579710144926,0.09909597336626802,0.48242,15,0.21739130434782608,5691.81624490696,1.4169664885238162,93.80854694948627,97.77068770814331,1.4169664885238162,101.95884828359378,6443.158076264082,93.3791025545519,52.52192056728657,20.78193157894732,0.3056166408668724,0.2668438414445207,20.78193157894732,0.3056166408668724,0.2668438414445207,2,0.19894,0.09947,Chinese,Chinese,No,High,High,Yes
3545,17,RESULT3,33,7.100600000000003,0.21516969696969698,0.08568310980565992,0.41504,4,0.12121212121212123,3379.8013475650077,21.73549958176098,83.39987071291087,717.2714861981124,21.73549958176098,109.39821946193588,3425.6140073823217,103.80648507219158,46.529510060735895,3.308112631578925,0.10671331069609437,0.13332558723458315,3.308112631578925,0.10671331069609437,0.13332558723458315,1,0.15306,0.15306,Chinese,Chinese,No,High,High,Yes
3545,17,RESULT4,42,10.90478,0.25963761904761906,0.1248718838842726,0.70313,6,0.14285714285714285,3972.556141340011,2.0642466396721058,72.98553634331508,86.69835886622845,2.0642466396721058,100.53224465320412,4156.292487656174,98.9593449441946,57.941450183957976,-1.0923657894737149,-0.026008709273183692,0.16387016160017806,-1.0923657894737149,-0.026008709273183692,0.16387016160017806,0,0.0,0.0,Chinese,Chinese,No,High,High,Yes
3545,17,RESULT5,6,1.66186,0.2769766666666667,0.09729760217440556,0.40259,0,0.0,859.003408573119,8.017536971639245,61.7426936567313,48.10522182983547,8.017536971639245,94.44527368188723,429.2649308364632,71.54415513941053,58.43103526320942,-0.7705736842105302,-0.1284289473684217,0.058871399866337784,-0.7705736842105302,-0.1284289473684217,0.058871399866337784,0,0.0,0.0,Chinese,Chinese,No,High,High,Yes
3545,17,RESULT6,4,0.8889100000000001,0.2222275,0.1753710931674602,0.52295,0,0.0,773.9441651861732,6.930534734333707,190.5083312118195,27.722138937334837,6.930534734333707,74.06819222990272,295.3033987504059,73.82584968760148,69.24998755054796,-0.6497957894736865,-0.16244894736842164,0.31297822563039435,-0.6497957894736865,-0.16244894736842164,0.31297822563039435,0,0.0,0.0,Chinese,Chinese,No,High,High,Yes
3545,18,RESULT1,29,5.999749999999999,0.20688793103448272,0.07441026047988879,0.37524,4,0.13793103448275862,1953.3000643099533,-3.4575796009136517,35.482536074953885,-100.26980842649591,-3.4575796009136517,66.36956912115744,2949.5983556453252,101.71028812570087,63.51968161602629,5.8857305263157675,0.20295622504537134,0.2094897770216377,5.8857305263157675,0.20295622504537134,0.2094897770216377,0,0.0,0.0,English,Chinese,Yes,Low,Low,No
3545,18,RESULT2,66,14.979990000000004,0.2269695454545455,0.13110582978776664,0.78052,17,0.2575757575757576,4444.182138036944,6.358086624734652,58.34953528684594,419.633717232487,6.358086624734652,98.53069595959057,6767.868856707121,102.54346752586548,55.93194585919235,16.538558421052596,0.2544393603238861,0.17457308543744054,16.538558421052596,0.2544393603238861,0.17457308543744054,1,0.0947,0.0947,English,English,No,Low,Low,No
3545,18,RESULT3,4,0.7771000000000001,0.19427500000000006,0.0975700890385983,0.32153000000000004,1,0.25,417.3686095451274,7.3418054149623915,65.4704892344477,29.36722165984956,7.3418054149623915,80.72579337641326,403.6159379633122,100.90398449082808,67.69603559801295,0.4762742105263134,0.11906855263157835,0.3864058970823304,0.4762742105263134,0.11906855263157835,0.3864058970823304,0,0.0,0.0,English,English,No,Low,Low,No
3545,18,RESULT4,12,3.35281,0.2794008333333333,0.06875579690207137,0.38184,0,0.0,1516.8226555374995,21.36561480917715,145.53191416943216,256.3873777101258,21.36561480917715,107.04636005408994,1154.3407436686155,96.19506197238465,58.34699312314433,-1.24192736842106,-0.10349394736842166,0.17042043641307286,-1.24192736842106,-0.10349394736842166,0.17042043641307286,1,0.0334,0.0334,Chinese,English,Yes,High,High,Yes
3545,18,RESULT5,4,1.11304,0.27826,0.10398896191423396,0.44556,0,0.0,451.5152570218203,15.967597512968762,32.55176608423055,63.87039005187505,15.967597512968762,39.618123810453895,313.2780654585811,78.31951636464528,64.20407161332848,-0.5741957894736869,-0.14354894736842172,0.06746380622229979,-0.5741957894736869,-0.14354894736842172,0.06746380622229979,0,0.0,0.0,Chinese,Chinese,No,High,High,Yes
3545,18,RESULT6,2,0.6701699999999999,0.33508499999999997,0.24719500000000005,0.58228,0,0.0,148.05464509162638,42.882155154769286,20.57652515606417,85.76431030953856,42.882155154769286,17.300848067788902,326.7801047270256,163.39005236351278,4.265048823738469,-0.6498778947368433,-0.3249389473684217,0.030094999999999983,-0.6498778947368433,-0.3249389473684217,0.030094999999999983,0,0.0,0.0,Chinese,Chinese,No,High,High,Yes
3545,19,RESULT1,10,2.11817,0.211817,0.08994288221421415,0.4021,1,0.1,636.4255354378213,-5.299818412772066,41.78067788280634,-52.99818412772065,-5.299818412772066,72.53355471023372,627.8823605691465,62.78823605691464,63.01094975995859,2.7814705263157813,0.27814705263157824,0.13347733026997516,2.7814705263157813,0.27814705263157824,0.13347733026997516,0,0.0,0.0,Chinese,Chinese,No,High,High,Yes
3545,19,RESULT2,48,9.626479999999997,0.2005516666666666,0.07161397900472287,0.38867,10,0.20833333333333331,4043.593806246309,6.7898087616899545,94.19553936307787,325.9108205611178,6.7898087616899545,96.18558305193268,4690.769099321493,97.72435623586443,51.111241529351275,9.85069947368418,0.20958935050391872,0.3167701685843136,9.85069947368418,0.20958935050391872,0.3167701685843136,0,0.0,0.0,English,Chinese,Yes,Low,Low,No
3545,19,RESULT3,43,9.33935,0.2171941860465116,0.09342425232246657,0.5764199999999999,6,0.13953488372093026,4172.102240481552,-21.325661071684905,118.36340955994899,-917.0034260824507,-21.325661071684905,95.06851323653294,4388.303629281313,102.05357277398404,53.91688798572387,5.594964210526289,0.13321343358395926,0.201379305831078,5.594964210526289,0.13321343358395926,0.201379305831078,1,0.12075,0.12075,Chinese,English,Yes,High,High,Yes
3545,19,RESULT4,23,5.512710000000001,0.2396830434782609,0.13327730954128436,0.59619,3,0.13043478260869565,2401.686120533249,27.16064842320806,108.52102276485856,624.6949137337854,27.16064842320806,101.4705189588897,2498.970944696888,108.65091063899513,58.72324138726111,-0.5841768421052768,-0.026553492822967126,0.2679667373650897,-0.5841768421052768,-0.026553492822967126,0.2679667373650897,0,0.0,0.0,English,Chinese,Yes,Low,Low,No
3545,19,RESULT5,12,3.68212,0.30684333333333336,0.13066144995964016,0.51904,0,0.0,1239.6959382922362,29.715595676948517,72.38968620987552,356.58714812338224,29.715595676948517,102.30500429014775,1156.725192472436,96.39376603936968,56.7484386019813,-1.3229084210526392,-0.12026440191387627,0.09210482708251956,-1.3229084210526392,-0.12026440191387627,0.09210482708251956,0,0.0,0.0,Chinese,English,Yes,High,High,Yes
3545,19,RESULT6,1,0.5092800000000001,0.5092800000000001,0.0,0.5092800000000001,0,0.0,97.72561532454012,-27.298805849667712,0.0,-27.298805849667712,-27.298805849667712,0.0,30.82043877683082,30.82043877683082,0.0,-0.4534189473684216,-0.4534189473684216,0.0,-0.4534189473684216,-0.4534189473684216,0.0,0,0.0,0.0,English,Chinese,Yes,Low,Low,No
3545,20,RESULT1,0,0.0,0.0,0.0,0.0,0,0.0,0.0,0.0,0.0,0.0,0.0,0.0,0.0,0.0,0.0,0.0,0.0,0.0,0.0,0.0,0.0,0,0.0,0.0,English,English,No,Low,Low,No
3545,20,RESULT2,18,3.70778,0.20598777777777774,0.06474290442078967,0.33472,2,0.1111111111111111,1004.5682753193173,-16.963240625172222,39.872780248477454,-305.3383312531,-16.963240625172222,82.7671154121103,2091.1181135237584,116.17322852909768,34.197243723280906,4.821087894736833,0.2835934055727549,0.21041758646257092,4.821087894736833,0.2835934055727549,0.21041758646257092,0,0.0,0.0,English,English,No,Low,Low,No
3545,20,RESULT3,10,2.58643,0.25864299999999996,0.10838913110178527,0.44092,2,0.2,580.413552101215,17.678462569353364,48.33136992004772,176.78462569353366,17.678462569353364,62.32110610236587,1170.8795618438944,117.08795618438948,46.20862554412375,0.1155094736842046,0.012834385964911623,0.12857640796021105,0.1155094736842046,0.012834385964911623,0.12857640796021105,1,0.09412999999999999,0.09412999999999999,English,English,No,Low,Low,No
3545,20,RESULT4,14,2.7436599999999998,0.1959757142857143,0.05722309345438952,0.33521,2,0.14285714285714285,1281.1154670720493,55.4905846488429,72.08273029173945,776.8681850838005,55.4905846488429,110.16967821373629,1459.7001657263274,104.26429755188057,62.876105213791426,-1.126465263157903,-0.0804618045112788,0.12603333060936608,-1.126465263157903,-0.0804618045112788,0.12603333060936608,1,0.11706,0.11706,English,English,No,Low,Low,No
3545,20,RESULT5,8,1.5964399999999999,0.19955499999999998,0.06985341652346005,0.36743,0,0.0,712.8808157610878,37.69991303940579,62.96357798117862,301.5993043152464,37.69991303940579,98.77877587965357,864.1051232528032,108.0131404066004,48.86645143912352,-1.6481815789473735,-0.2060226973684217,0.08786266228289177,-1.6481815789473735,-0.2060226973684217,0.08786266228289177,0,0.0,0.0,English,English,No,Low,Low,No
3545,20,RESULT6,1,0.10034,0.10034,0.0,0.10034,0,0.0,109.45726806530482,140.23287235157707,0.0,140.23287235157707,140.23287235157707,0.0,175.23074268707327,175.23074268707327,0.0,-0.3612489473684217,-0.3612489473684217,0.0,-0.3612489473684217,-0.3612489473684217,0.0,0,0.0,0.0,English,English,No,Low,Low,No
3545,21,RESULT1,35,7.759519999999999,0.22170057142857144,0.1033469060686346,0.47534,5,0.14285714285714285,4258.2705312240305,6.880165613938099,132.8038253583475,240.80579648783353,6.880165613938099,90.78895709661428,3577.612387823126,102.21749679494646,57.640915227434775,7.570265789473659,0.22265487616099,0.26435576615957634,7.570265789473659,0.22265487616099,0.26435576615957634,0,0.0,0.0,Chinese,English,Yes,High,High,Yes
3545,21,RESULT2,22,5.226800000000001,0.23758181818181826,0.15164323689731174,0.72339,4,0.18181818181818185,2964.857383789106,45.80592939485258,120.77752697654051,1007.7304466867567,45.80592939485258,103.50962300812799,2547.305968862653,115.7866349483024,59.41419159548556,4.350852105263144,0.2071834335839592,0.23781954884756415,4.350852105263144,0.2071834335839592,0.23781954884756415,0,0.0,0.0,Chinese,Chinese,No,High,High,Yes
3545,21,RESULT3,15,4.0481,0.2698733333333333,0.13598026556166973,0.6687,0,0.0,1642.299382822187,4.742952430539052,122.10813799860922,71.1442864580858,4.742952430539052,74.45420150846664,1889.9228643395847,125.994857622639,49.953159786862116,0.2808857894736736,0.018725719298244903,0.15044523746385444,0.2808857894736736,0.018725719298244903,0.15044523746385444,0,0.0,0.0,Chinese,Chinese,No,High,High,Yes
3545,21,RESULT4,5,1.33863,0.267726,0.17473884841099302,0.56226,0,0.0,545.2414179559224,54.238069173457845,101.0013691270005,271.1903458672892,54.238069173457845,80.22128712286569,628.5918445349217,125.71836890698437,26.59459142710816,-0.2652947368421064,-0.05305894736842128,0.17997345319796465,-0.2652947368421064,-0.05305894736842128,0.17997345319796465,0,0.0,0.0,English,Chinese,Yes,Low,Low,No
3545,21,RESULT5,6,2.11938,0.35322999999999993,0.1898525526121083,0.65674,0,0.0,1090.5874107785983,70.5148458529536,225.15474910679356,423.0890751177216,70.5148458529536,66.45420676904726,332.2556816689775,55.3759469448296,53.809871288432035,-0.9294736842105302,-0.15491228070175506,0.05077567935428216,-0.9294736842105302,-0.15491228070175506,0.05077567935428216,0,0.0,0.0,English,English,No,Low,Low,No
3545,21,RESULT6,2,0.51147,0.255735,0.095335,0.35107,0,0.0,202.0150627948708,-61.25299131610008,66.30433970560398,-122.50598263220016,-61.25299131610008,2.5824472780528858,213.74098509914398,106.87049254957195,63.968513048085114,-0.27509789473684343,-0.13754894736842171,0.03700499999999996,-0.27509789473684343,-0.13754894736842171,0.03700499999999996,0,0.0,0.0,English,English,No,Low,Low,No
3545,22,RESULT1,41,9.911139999999998,0.24173512195121946,0.10917502459682266,0.56934,4,0.0975609756097561,3164.6596686376397,-19.472476808327798,89.79291972326565,-798.3715491414397,-19.472476808327798,94.76765038206057,4378.472781379009,106.7920190580246,53.87015940468629,10.138992105263133,0.2534748026315783,0.1494301244794286,10.138992105263133,0.2534748026315783,0.1494301244794286,1,0.08997999999999999,0.08997999999999999,Chinese,English,Yes,High,High,Yes
3545,22,RESULT2,35,8.404539999999997,0.2401297142857142,0.12274032036285185,0.58911,2,0.057142857142857134,3992.8464048675305,14.868531823715587,132.79423932545714,520.3986138300454,14.868531823715587,103.00843593249128,3340.4499770214893,95.4414279148997,50.35754471309485,6.374693684210504,0.19920917763157825,0.2293186408704787,6.374693684210504,0.19920917763157825,0.2293186408704787,0,0.0,0.0,Chinese,Chinese,No,High,High,Yes
3545,22,RESULT3,17,4.02345,0.23667352941176475,0.1028158747150731,0.46973,3,0.17647058823529413,1308.5914648427922,29.525190055956983,52.48076334336877,501.92823095126886,29.525190055956983,86.55663690532049,1773.2906223111816,104.31121307712831,60.21245013854273,1.6744478947368298,0.0984969349845194,0.1903903867062964,1.6744478947368298,0.0984969349845194,0.1903903867062964,0,0.0,0.0,Chinese,Chinese,No,High,High,Yes
3545,22,RESULT4,5,1.34326,0.268652,0.1172881518994992,0.42773,0,0.0,606.3952584819867,39.32481180220177,56.964095468273534,196.6240590110088,39.32481180220177,68.41925612188263,607.7006789722062,121.54013579444124,64.48348438584247,-0.8935047368421087,-0.17870094736842174,0.07349949099143477,-0.8935047368421087,-0.17870094736842174,0.07349949099143477,0,0.0,0.0,Chinese,Chinese,No,High,High,Yes
3545,22,RESULT5,7,1.57666,0.2252371428571429,0.1041785078896912,0.43555,0,0.0,901.9867683948294,7.7652676462641645,81.10651053127776,54.35687352384915,7.7652676462641645,92.00598124510809,837.8906580423353,119.69866543461936,58.79311998558976,-1.0849826315789521,-0.15499751879699314,0.051352096553190014,-1.0849826315789521,-0.15499751879699314,0.051352096553190014,0,0.0,0.0,Chinese,Chinese,No,High,High,Yes
3545,22,RESULT6,2,0.5219699999999999,0.26098499999999997,0.00024499999999999517,0.26123,0,0.0,325.60314199562094,-51.43743713392693,53.13769350663303,-102.87487426785385,-51.43743713392693,125.15910072344559,231.9301914525343,115.96509572626715,50.19725942779626,-0.8029178947368437,-0.40145894736842186,0.058405000000000026,-0.8029178947368437,-0.40145894736842186,0.058405000000000026,0,0.0,0.0,Chinese,Chinese,No,High,High,Yes
3545,23,RESULT1,20,4.22803,0.2114015,0.09544580982290424,0.4956100000000001,0,0.0,2168.529080684759,-33.108164378127256,78.26045783736049,-662.1632875625451,-33.108164378127256,78.99208551873554,2003.0683776679366,100.15341888339681,45.622973796617096,4.377421052631565,0.21887105263157824,0.13733352010616354,4.377421052631565,0.21887105263157824,0.13733352010616354,0,0.0,0.0,English,Chinese,Yes,Low,Low,No
3545,23,RESULT2,24,5.251469999999999,0.21881125,0.1221043756830094,0.57568,2,0.08333333333333333,4114.614896910165,6.7171342101258436,209.6227161176273,161.21122104302026,6.7171342101258436,110.92406906341068,2308.441084353357,96.18504518138987,60.40817147656789,3.3389752631578795,0.139123969298245,0.2951690356386089,3.3389752631578795,0.139123969298245,0.2951690356386089,0,0.0,0.0,English,English,No,Low,Low,No
3545,23,RESULT3,15,3.89112,0.259408,0.13956528876956953,0.66309,0,0.0,1563.818091985398,33.039761498685024,74.0093413511309,495.59642248027535,33.039761498685024,105.49081171773537,1076.2339136107107,71.7489275740474,65.19052532055436,0.32756578947367343,0.021837719298244896,0.1276270809646431,0.32756578947367343,0.021837719298244896,0.1276270809646431,0,0.0,0.0,English,English,No,Low,Low,No
3545,23,RESULT4,6,1.56055,0.2600916666666667,0.09950365243156767,0.36084,2,0.3333333333333333,459.52911259101836,34.731496771432894,62.33366374037898,208.38898062859738,34.731496771432894,67.93231158342601,507.50750697160123,84.58458449526691,51.825672834178846,-0.5294136842105313,-0.08823561403508855,0.11920320960677006,-0.5294136842105313,-0.08823561403508855,0.11920320960677006,0,0.0,0.0,Chinese,English,Yes,High,High,Yes
3545,23,RESULT5,3,1.1064399999999999,0.3688133333333334,0.14056424778568538,0.56299,0,0.0,390.30504881381586,0.4630890275998668,128.20080263990587,1.3892670827996003,0.4630890275998668,120.70886530300798,288.07281683409275,96.02427227803094,36.83911419440491,-0.20130684210526528,-0.0671022807017551,0.20282464681481768,-0.20130684210526528,-0.0671022807017551,0.20282464681481768,0,0.0,0.0,Chinese,Chinese,No,High,High,Yes
3545,23,RESULT6,4,1.01465,0.2536625,0.0881386820229915,0.38135,1,0.25,299.98244759680125,16.327697479029688,47.28344061534133,65.31078991611875,16.327697479029688,32.650839233510595,472.87646537109686,118.21911634277424,62.706956717443006,-1.1696557894736863,-0.29241394736842163,0.09615021356580546,-1.1696557894736863,-0.29241394736842163,0.09615021356580546,0,0.0,0.0,Chinese,Chinese,No,High,High,Yes
3545,24,RESULT1,70,13.95854,0.1994077142857143,0.10043991049622554,0.5415,11,0.15714285714285714,6415.45998148872,-16.451885302429154,125.68575124809378,-1151.6319711700407,-16.451885302429154,83.81952068089718,6895.337640615875,98.50482343736964,55.642370036936065,20.602603684210475,0.29432290977443537,0.25532845870000953,20.602603684210475,0.29432290977443537,0.25532845870000953,0,0.0,0.0,Chinese,Chinese,No,High,High,Yes
3545,24,RESULT2,114,23.14116000000001,0.20299263157894745,0.1250043281780684,0.8374,30,0.2631578947368421,9904.791348668026,18.470786288817877,87.48411913022741,2105.6696369252372,18.470786288817877,101.46687311946845,11798.52663756996,103.49584769798209,54.3871269580145,48.20365578947361,0.43821505263157823,0.3733029534402851,48.20365578947361,0.43821505263157823,0.3733029534402851,0,0.0,0.0,English,Chinese,Yes,Low,Low,No
3545,24,RESULT3,41,7.77835,0.1897158536585366,0.08942971310055109,0.41553,6,0.14634146341463414,4561.319257615681,13.330954469706876,126.95095799836427,546.569133257982,13.330954469706876,102.16124683409464,4149.764117740217,101.21375896927358,51.52163894259818,11.62353315789471,0.2835008087291393,0.2858922646784526,11.62353315789471,0.2835008087291393,0.2858922646784526,0,0.0,0.0,Chinese,English,Yes,High,High,Yes
3545,24,RESULT4,13,2.61768,0.20135999999999998,0.06970367885667042,0.33545,1,0.07692307692307693,1311.3324246284635,52.131311283817986,113.16835436582359,677.7070466896337,52.131311283817986,92.76422378803964,1289.5899438603994,99.19922645079996,52.836254095904465,-0.5546663157894818,-0.042666639676113984,0.16780593560321022,-0.5546663157894818,-0.042666639676113984,0.16780593560321022,0,0.0,0.0,English,Chinese,Yes,Low,Low,No
3545,24,RESULT5,17,5.096689999999999,0.29980529411764695,0.1565090068867546,0.8300799999999999,2,0.1176470588235294,1349.5459825010394,14.129378635270045,85.9795774253032,240.19943679959079,14.129378635270045,100.6572418951495,1494.3480888051183,87.90282875324226,62.11918472398573,-2.2673821052631693,-0.13337541795665706,0.1404237943859864,-2.2673821052631693,-0.13337541795665706,0.1404237943859864,0,0.0,0.0,Chinese,English,Yes,High,High,Yes
3545,24,RESULT6,10,2.17382,0.217382,0.0841294970625642,0.38232,1,0.1,828.4244869228813,-19.776138206345557,61.5612863605173,-197.76138206345559,-19.776138206345557,89.54822797282442,974.655145780036,97.46551457800359,59.68646481846877,-3.269649473684217,-0.3269649473684217,0.03837776027857808,-3.269649473684217,-0.3269649473684217,0.03837776027857808,0,0.0,0.0,English,Chinese,Yes,Low,Low,No
3545,25,RESULT1,15,3.4780400000000005,0.23186933333333334,0.15181114945732924,0.67676,1,0.06666666666666668,1290.4702726841656,-9.343379856264594,60.002462111974275,-140.1506978439689,-9.343379856264594,84.15094296919652,1289.9132268466185,85.99421512310788,50.57638623077271,2.786624736842095,0.19904462406014964,0.4032470419271037,2.786624736842095,0.19904462406014964,0.4032470419271037,0,0.0,0.0,English,English,No,Low,Low,No
3545,25,RESULT2,74,14.58739,0.1971268918918919,0.1178875942046774,0.78369,21,0.28378378378378377,7540.377295922452,5.710480733965079,116.85691224387926,422.5755743134158,5.710480733965079,101.85638335160952,6751.294483971696,91.23370924286077,51.79164569299704,25.22833263157891,0.3656280091533175,0.3290172307818463,25.22833263157891,0.3656280091533175,0.3290172307818463,1,0.07336000000000001,0.07336000000000001,English,English,No,Low,Low,No
3545,25,RESULT3,57,11.09913,0.19472157894736844,0.0953372534795066,0.5166,14,0.2456140350877193,4923.173256143557,20.992980864525045,82.53347593228561,1196.5999092779275,20.992980864525045,103.8375066120436,4521.531218628066,79.325109098738,53.17925389376483,10.689596842105226,0.1979554970760227,0.2180291312630516,10.689596842105226,0.1979554970760227,0.2180291312630516,3,0.39298,0.13099333333333332,English,English,No,Low,Low,No
3545,25,RESULT4,44,10.548819999999996,0.23974590909090904,0.1617754703329472,0.8906299999999999,8,0.18181818181818185,5465.189129821626,35.101692692422496,89.7330976583763,1544.47447846659,35.101692692422496,104.74735377909997,3786.3143806610337,86.05259956047804,54.0343306856112,1.591889999999974,0.04189184210526248,0.15855165168969973,1.591889999999974,0.04189184210526248,0.15855165168969973,0,0.0,0.0,English,English,No,Low,Low,No
3545,25,RESULT5,20,5.829090000000001,0.2914545000000001,0.18594591507949296,0.79932,0,0.0,4083.8272582781074,51.7261591832964,195.03008945631385,1034.5231836659282,51.7261591832964,93.9480521404217,1713.8875822871335,85.69437911435669,53.40810750632633,-1.8655800000000131,-0.09818842105263226,0.1793214026402742,-1.8655800000000131,-0.09818842105263226,0.1793214026402742,0,0.0,0.0,English,English,No,Low,Low,No
3545,25,RESULT6,17,4.17577,0.2456335294117647,0.13783330537245414,0.58301,1,0.05882352941176471,2967.169784580376,14.117981147781613,105.76694052915522,240.0056795122874,14.117981147781613,109.36027893953494,1576.497015621779,92.735118565987,58.58802001959006,-4.6445652631579035,-0.3317546616541359,0.08216642143993441,-4.6445652631579035,-0.3317546616541359,0.08216642143993441,0,0.0,0.0,English,English,No,Low,Low,No
3545,26,RESULT1,40,8.781249999999998,0.21953125,0.10813940087191856,0.53564,5,0.125,4133.671671686897,-38.823594815697945,78.54435688406444,-1552.9437926279181,-38.823594815697945,88.21254626818695,3435.3600790303576,85.88400197575893,51.47495944637561,-0.3527389473684468,-0.009044588394062738,0.1275747688961599,-0.3527389473684468,-0.009044588394062738,0.1275747688961599,0,0.0,0.0,Chinese,English,Yes,High,High,Yes
3545,26,RESULT2,22,3.8281300000000007,0.17400590909090913,0.054918346881288715,0.2749,5,0.2272727272727273,2917.6507138977045,16.734460726416238,89.91242766128181,368.15813598115716,16.734460726416238,73.91628544179447,2209.2627176316582,100.4210326196208,63.5314691353429,6.357742105263142,0.3027496240601497,0.2638541274593299,6.357742105263142,0.3027496240601497,0.2638541274593299,0,0.0,0.0,Chinese,Chinese,No,High,High,Yes
3545,26,RESULT3,25,4.948760000000001,0.19795040000000005,0.10044398624029216,0.50146,2,0.08,2868.009096425117,-3.360289386456329,136.82290368540956,-84.00723466140823,-3.360289386456329,98.99930322537149,2766.121596264883,110.64486385059533,54.45630079005212,8.270815263157878,0.34461730263157825,0.36082196545964296,8.270815263157878,0.34461730263157825,0.36082196545964296,1,0.10795,0.10795,Chinese,Chinese,No,High,High,Yes
3545,26,RESULT4,22,5.790530000000002,0.2632059090909092,0.163470920117841,0.7441399999999999,0,0.0,2663.461528022785,64.14168567671054,88.3607551857571,1411.1170848876318,64.14168567671054,101.5622193124301,2190.3626806225,99.56194002829544,66.57696400632723,3.5197521052631418,0.16760724310776864,0.28012317218504323,3.5197521052631418,0.16760724310776864,0.28012317218504323,0,0.0,0.0,English,Chinese,Yes,Low,Low,No
3545,26,RESULT5,17,4.125989999999999,0.242705294117647,0.09246413728433864,0.40234,4,0.2352941176470588,1711.9468470217864,-28.490285421415475,128.5810006946127,-484.33485216406314,-28.490285421415475,121.57853297461996,1114.446124503928,65.555654382584,52.790057455897504,-1.5053121052631702,-0.08854777089783354,0.18923961496465885,-1.5053121052631702,-0.08854777089783354,0.18923961496465885,0,0.0,0.0,English,English,No,Low,Low,No
3545,26,RESULT6,33,7.636720000000001,0.2314157575757576,0.0853206198399931,0.44922,4,0.12121212121212123,4722.082820704552,17.350404704905515,150.50758302651394,572.5633552618821,17.350404704905515,84.40526469310036,2646.369566482434,80.19301716613438,61.17618989368592,-6.323396315789495,-0.19760613486842168,0.1396732010463258,-6.323396315789495,-0.19760613486842168,0.1396732010463258,0,0.0,0.0,English,English,No,Low,Low,No
3545,27,RESULT1,20,3.7754,0.18877,0.07694956770508851,0.30176,3,0.15,1776.2639640074744,-8.62313621347372,58.37093716894679,-172.46272426947442,-8.62313621347372,93.3808441495082,1967.3484506444254,98.3674225322213,54.28956940223434,6.0849099999999865,0.3202584210526309,0.4838575414256349,6.0849099999999865,0.3202584210526309,0.4838575414256349,0,0.0,0.0,Chinese,English,Yes,High,High,Yes
3545,27,RESULT2,18,5.4594700000000005,0.3033038888888889,0.19532444348766345,0.95068,2,0.1111111111111111,2402.972621497059,9.630570182610573,108.40211518151644,173.35026328699033,9.630570182610573,99.87511492102472,1621.3868763195705,90.07704868442059,67.23997412678614,5.852848947368408,0.32515827485380044,0.4395092301959871,5.852848947368408,0.32515827485380044,0.4395092301959871,0,0.0,0.0,Chinese,Chinese,No,High,High,Yes
3545,27,RESULT3,7,1.6762799999999998,0.2394685714285714,0.1493374244003512,0.57617,0,0.0,1377.912877358277,85.22282639988069,197.21834063287616,596.5597847991647,85.22282639988069,77.70278442931401,658.1853290659442,94.0264755808492,56.90908336036252,1.1846373684210496,0.16923390977443567,0.36328106111283215,1.1846373684210496,0.16923390977443567,0.36328106111283215,0,0.0,0.0,Chinese,Chinese,No,High,High,Yes
3545,27,RESULT4,20,4.9892699999999985,0.2494635,0.09706001047161493,0.47559,2,0.1,1939.9865285890894,19.89989923902916,93.79886273928983,397.9979847805831,19.89989923902916,101.17821814012535,1980.7442812357847,99.03721406178923,62.14201740258301,0.1999410526315644,0.00999705263157822,0.12074511265057475,0.1999410526315644,0.00999705263157822,0.12074511265057475,0,0.0,0.0,Chinese,Chinese,No,High,High,Yes
3545,27,RESULT5,6,1.95556,0.3259266666666667,0.09965424621604886,0.48242,0,0.0,586.0866535739586,72.760595085012,51.0171145934596,436.563570510072,72.760595085012,87.25979341010645,435.223877647648,72.53731294127465,61.382959882300995,-0.5929136842105294,-0.09881894736842156,0.06016875462674408,-0.5929136842105294,-0.09881894736842156,0.06016875462674408,0,0.0,0.0,Chinese,Chinese,No,High,High,Yes
3545,27,RESULT6,3,0.42383,0.1412766666666667,0.009786045620621691,0.14844000000000002,0,0.0,113.94003866040552,-29.73535039238555,24.035383972767487,-89.20605117715665,-29.73535039238555,73.7136694067063,473.61957041804044,157.8731901393468,6.6342534906351425,-0.5135568421052651,-0.17118561403508833,0.033154573674767165,-0.5135568421052651,-0.17118561403508833,0.033154573674767165,0,0.0,0.0,Chinese,Chinese,No,High,High,Yes
3545,28,RESULT1,16,2.6206099999999997,0.163788125,0.066847733433785,0.3335,1,0.0625,1870.5678241560754,-25.002359746425203,88.38964862556033,-400.0377559428032,-25.002359746425203,95.94110533159599,1927.4149675432416,120.4634354714526,48.96327607513296,3.804675789473673,0.2536450526315782,0.4466961714702982,3.804675789473673,0.2536450526315782,0.4466961714702982,0,0.0,0.0,English,Chinese,Yes,Low,Low,No
3545,28,RESULT2,24,4.14846,0.17285250000000002,0.0689889565588822,0.30127,4,0.16666666666666666,2466.176991805561,-16.466106509037367,76.68007688649827,-395.1865562168969,-16.466106509037367,87.28865474962583,2395.9989515695265,99.83328964873027,63.23423413009082,7.307143157894719,0.33214287081339633,0.5064298840612074,7.307143157894719,0.33214287081339633,0.5064298840612074,1,0.10960999999999999,0.10960999999999999,English,English,No,Low,Low,No
3545,28,RESULT3,47,9.13132,0.19428340425531912,0.08222435657360269,0.43555,4,0.0851063829787234,5862.560227855499,-2.853379571390694,163.318415583765,-134.10883985536265,-2.853379571390694,92.12930492059921,4611.973350174183,98.12709255689751,54.534074522805824,11.361599473684173,0.2417361590145569,0.2933132395833737,11.361599473684173,0.2417361590145569,0.2933132395833737,0,0.0,0.0,English,English,No,Low,Low,No
3545,28,RESULT4,32,7.388680000000001,0.23089625000000005,0.12890371662965153,0.56885,4,0.125,4183.816010016129,46.61429876402748,76.76223345663247,1491.6575604488794,46.61429876402748,92.29238934911213,2904.367771662199,90.76149286444372,66.84405676387682,6.175392631578921,0.1992062139219007,0.2625812961282254,6.175392631578921,0.1992062139219007,0.2625812961282254,1,0.12599000000000002,0.12599000000000002,Chinese,English,Yes,High,High,Yes
3545,28,RESULT5,22,5.227049999999998,0.2375931818181818,0.12733592888627535,0.7036100000000001,5,0.2272727272727273,2009.0074800714287,16.87603644376295,67.46203015488312,371.27280176278487,16.87603644376295,81.81752696971903,1827.1655062599011,83.05297755726825,50.96274213001675,-1.5525468421052775,-0.07057031100478534,0.13482869315058346,-1.5525468421052775,-0.07057031100478534,0.13482869315058346,0,0.0,0.0,Chinese,Chinese,No,High,High,Yes
3545,28,RESULT6,7,2.84668,0.4066685714285713,0.24923619442658185,0.9043,0,0.0,1115.329240658678,21.191918441433845,97.94215791929682,148.34342909003692,21.191918441433845,71.40982197682152,868.0221542147702,124.00316488782431,67.4103636996067,-1.044872631578952,-0.14926751879699315,0.10535280452084883,-1.044872631578952,-0.14926751879699315,0.10535280452084883,0,0.0,0.0,Chinese,Chinese,No,High,High,Yes
3545,29,RESULT1,6,0.8510799999999998,0.14184666666666665,0.05247076445242838,0.24121,0,0.0,448.8048142940924,19.7654027161562,36.43250559592094,118.5924162969372,19.7654027161562,74.2022333166142,499.7719619549575,83.29532699249292,61.71217275210049,2.2783063157894703,0.379717719298245,0.08528959264698653,2.2783063157894703,0.379717719298245,0.08528959264698653,0,0.0,0.0,Chinese,Chinese,No,High,High,Yes
3545,29,RESULT2,12,2.6269400000000003,0.2189116666666667,0.16051236628545335,0.66992,0,0.0,1157.837560026593,13.978134893167825,68.52605801793705,167.7376187180139,13.978134893167825,110.49643243395869,1170.0356715125595,97.50297262604664,53.85351113907755,1.8581726315789389,0.15484771929824492,0.4339587686699688,1.8581726315789389,0.15484771929824492,0.4339587686699688,0,0.0,0.0,English,Chinese,Yes,Low,Low,No
3545,29,RESULT3,13,2.7085000000000004,0.20834615384615388,0.07430064515078241,0.32178,2,0.15384615384615385,1822.3363067053049,41.38537118315667,119.5748051320342,538.0098253810369,41.38537118315667,95.86185024730885,1256.3508035770744,96.6423695059288,51.049321930292386,4.2292336842105165,0.3253256680161935,0.3345510570474971,4.2292336842105165,0.3253256680161935,0.3345510570474971,0,0.0,0.0,Chinese,English,Yes,High,High,Yes
3545,29,RESULT4,12,2.7446200000000003,0.2287183333333333,0.0930588055866946,0.38818,2,0.16666666666666666,1567.5336875431226,1.3057989431039685,94.1405331025503,15.669587317247617,1.3057989431039685,119.41080709633091,973.8080414309866,81.15067011924889,73.92979416674652,0.5914526315789392,0.049287719298244936,0.11470382044337303,0.5914526315789392,0.049287719298244936,0.11470382044337303,0,0.0,0.0,English,Chinese,Yes,Low,Low,No
3545,29,RESULT5,10,2.8335000000000004,0.28335000000000005,0.09099067138998372,0.41553,2,0.2,698.1688505787242,-6.100110204714387,18.83255554235346,-61.00110204714386,-6.100110204714387,123.42684488579523,715.5286481536803,71.55286481536804,63.36376469595759,-1.237049473684217,-0.1237049473684217,0.08142141799919722,-1.237049473684217,-0.1237049473684217,0.08142141799919722,0,0.0,0.0,Chinese,English,Yes,High,High,Yes
3545,29,RESULT6,2,0.5766600000000001,0.28833000000000003,0.013429999999999996,0.30176,0,0.0,150.22143980969463,92.58559457126545,10.133950334176994,185.17118914253086,92.58559457126545,38.62354827651914,236.21738835786786,118.10869417893393,15.355790731972165,-0.5779878947368435,-0.28899394736842177,0.08791499999999998,-0.5779878947368435,-0.28899394736842177,0.08791499999999998,0,0.0,0.0,English,Chinese,Yes,Low,Low,No
3545,30,RESULT1,11,2.9414099999999994,0.26740090909090897,0.1626580127112512,0.56885,0,0.0,2009.866320479116,-60.37317354757838,156.2479315603244,-664.1049090233623,-60.37317354757838,43.40255025682135,1179.188441543328,107.19894923121164,43.19835235507914,-1.7566384210526396,-0.15969440191387632,0.06793695345412606,-1.7566384210526396,-0.15969440191387632,0.06793695345412606,0,0.0,0.0,English,English,No,Low,Low,No
3545,30,RESULT2,19,2.8852599999999997,0.15185578947368422,0.06466467679016676,0.28906,0,0.0,2174.1213908610525,29.704100057139016,74.72352079211353,564.3779010856413,29.704100057139016,93.7411578256486,1401.0625415510249,73.74013376584341,59.66206448089565,7.698599999999987,0.4051894736842099,0.4363164357655045,7.698599999999987,0.4051894736842099,0.4363164357655045,0,0.0,0.0,English,English,No,Low,Low,No
3545,30,RESULT3,12,2.0122,0.16768333333333332,0.07566915821889098,0.34814,2,0.16666666666666666,1951.8897336246432,-27.43126317796189,133.3102723483619,-329.17515813554263,-27.43126317796189,76.90573705135961,944.7670601311639,78.73058834426367,58.41214956765108,3.1054126315789388,0.2587843859649116,0.34491549417937145,3.1054126315789388,0.2587843859649116,0.34491549417937145,0,0.0,0.0,English,English,No,Low,Low,No
3545,30,RESULT4,65,16.865250000000003,0.25946538461538465,0.15732077824600602,0.92529,22,0.3384615384615385,6567.962969045288,43.26389227281453,115.68723351100508,2812.152997732945,43.26389227281453,96.36927938836835,5244.2823210631905,80.68126647789525,55.40755462612997,6.4281752631578515,0.10368024617996534,0.26105963171976176,6.4281752631578515,0.10368024617996534,0.26105963171976176,0,0.0,0.0,English,English,No,Low,Low,No
3545,30,RESULT5,3,1.30029,0.43343000000000004,0.23956682282820385,0.6098600000000001,0,0.0,146.90486424273072,81.26924905180338,27.94033119676614,243.8077471554101,81.26924905180338,45.176741295179355,322.56519444788387,107.52173148262794,33.75824924778541,-0.30589684210526524,-0.1019656140350884,0.06835655751685835,-0.30589684210526524,-0.1019656140350884,0.06835655751685835,0,0.0,0.0,English,English,No,Low,Low,No
3545,30,RESULT6,1,0.90527,0.90527,0.0,0.90527,0,0.0,116.70581698612976,104.02424112022705,0.0,104.02424112022705,104.02424112022705,0.0,179.20094924920082,179.20094924920082,0.0,-0.14902894736842145,-0.14902894736842145,0.0,-0.14902894736842145,-0.14902894736842145,0.0,0,0.0,0.0,English,English,No,Low,Low,No
