userID,Page,Total_Fixation_Count,Total_Fixation_Duration,Average_Fixation_Duration,Fixation_Duration_SD,Longest_Fixation_Duration,Total_Refixation_Count,Refixation_Ratio,Total_Saccade_Length,Average_Saccade_Length,Saccade_Length_SD,Total_Saccade_Absolute_Angle,Average_Saccade_Absolute_Angle,Saccade_Absolute_Angle_SD,Total_Saccade_Relative_Angle,Average_Saccade_Relative_Angle,Saccade_Relative_Angle_SD,Total_Left_Eye_Difference,Average_Left_Eye_Difference,Left_Eye_Difference_SD,Total_Right_Eye_Difference,Average_Right_Eye_Difference,Right_Eye_Difference_SD,Blink_Count,Total_Blink_Duration,Average_Blink_Duration,Number of English AOIs,L1,Eng Prof (Self),Eng Prof (Test),Chinese/Spanish Prof (Self),Chinese/Spanish Prof (Test)
5890,1,87,35.06738,0.403073333,0.384356018,2.39844,10,0.114942529,14666.91117,14.4559151,218.6227458,1257.664614,14.4559151,105.2313107,8413.543919,96.70740136,60.2834119,21.46357,0.268294625,0.27611757,21.46357,0.268294625,0.27611757,3,0.33975,0.11325,Three,English,High,High,Low,Low
5890,2,62,20.52443,0.331039194,0.202215278,0.91699,5,0.080645161,8812.146799,31.89313996,123.4024178,1977.374677,31.89313996,81.31799936,6083.855998,98.12670965,72.56033642,7.666652,0.123655677,0.279674942,7.666652,0.123655677,0.279674942,0,0,0,Zero,English,High,High,Low,Low
5890,3,87,25.46775,0.292732759,0.168629164,1.14551,6,0.068965517,13585.59599,35.98377071,140.5754015,3130.588052,35.98377071,95.58076659,7125.275901,81.899723,63.59947243,24.772906,0.288057047,0.322858641,24.772906,0.288057047,0.322858641,2,0.20919,0.104595,Three,English,High,High,Low,Low
5890,4,60,19.17776,0.319629333,0.16999246,0.82422,5,0.083333333,8831.977497,31.5649801,148.5993982,1893.898806,31.5649801,100.9856034,4935.881147,82.26468579,68.53629949,12.578422,0.22067407,0.273395013,12.578422,0.22067407,0.273395013,1,0.08983,0.08983,Three,English,High,High,Low,Low
5890,5,29,7.63573,0.263301034,0.092317817,0.46387,1,0.034482759,4493.218363,38.86328858,130.5990826,1127.035369,38.86328858,99.01298369,2305.548533,79.50167355,63.18744267,6.704014,0.231172897,0.296339283,6.704014,0.231172897,0.296339283,1,0.07781,0.07781,Six,English,High,High,Low,Low
5890,6,43,15.14942,0.352312093,0.203641507,0.86426,1,0.023255814,6636.835081,35.87648289,130.5059064,1542.688764,35.87648289,88.55326851,4297.713493,99.94682543,70.4032989,16.963608,0.394502512,0.275247755,16.963608,0.394502512,0.275247755,0,0,0,Three,English,High,High,Low,Low
5890,7,71,23.73246,0.33426,0.218053068,1.4668,6,0.084507042,10012.98089,23.33131109,146.9798794,1656.523087,23.33131109,97.93336685,6781.088003,95.50828173,70.67486887,22.346686,0.314742056,0.291604621,22.346686,0.314742056,0.291604621,0,0,0,Zero,English,High,High,Low,Low
5890,8,30,9.46778,0.315592667,0.203298904,1.25879,4,0.133333333,4982.954154,36.2259766,162.83356,1086.779298,36.2259766,73.5536607,2812.193018,93.73976728,66.10093968,6.96892,0.232297333,0.244274839,6.96892,0.232297333,0.244274839,0,0,0,Three,English,High,High,Low,Low
5890,9,30,6.26272,0.208757333,0.113665002,0.50293,0,0,5923.926189,38.34141291,150.8964144,1150.242387,38.34141291,98.2292809,3013.909145,100.4636382,66.31987024,10.068978,0.359606357,0.362751173,10.068978,0.359606357,0.362751173,1,0.03418,0.03418,Three,English,High,High,Low,Low
5890,10,27,6.70313,0.248264074,0.126097301,0.57617,1,0.037037037,3947.422102,14.20500035,112.0729672,383.5350095,14.20500035,96.478698,2559.891052,94.8107797,62.89912249,6.659946,0.256151769,0.218763475,6.659946,0.256151769,0.218763475,1,0.08669,0.08669,Six,English,High,High,Low,Low
5890,11,88,30.01565,0.341086932,0.170495849,0.89746,4,0.045454545,14712.16077,40.917096,174.6043505,3600.704448,40.917096,84.19227053,8429.97627,95.79518488,74.93864525,19.398232,0.222968184,0.326097033,19.398232,0.222968184,0.326097033,3,0.25933,0.086443333,Three,English,High,High,Low,Low
5890,12,39,14.56934,0.373572821,0.223665883,1.10352,1,0.025641026,4725.465767,13.84861439,107.2336076,540.0959613,13.84861439,87.93612982,3522.414578,90.31832253,71.82530231,2.568814,0.065867026,0.22152839,2.568814,0.065867026,0.22152839,1,0.11776,0.11776,Zero,English,High,High,Low,Low
5890,13,42,11.21678,0.26706619,0.102120635,0.57617,1,0.023809524,6442.304967,25.81424423,112.4638513,1084.198258,25.81424423,109.6708653,3851.176862,91.69468719,74.32173791,8.155452,0.194177429,0.145129171,8.155452,0.194177429,0.145129171,1,0.08611,0.08611,Three,English,High,High,Low,Low
5890,14,76,22.20608,0.292185263,0.155897854,0.76367,1,0.013157895,9155.251334,29.47927469,120.5661731,2240.424876,29.47927469,88.44841444,7184.372276,94.53121416,66.39644117,18.631134,0.251772081,0.332531819,18.631134,0.251772081,0.332531819,0,0,0,Three,English,High,High,Low,Low
5890,15,92,23.94536,0.260275652,0.139773811,1.13184,5,0.054347826,15474.12451,27.61949251,167.2560814,2540.993311,27.61949251,94.9051759,9082.137195,98.71888255,69.26092024,15.392286,0.169146,0.246231965,15.392286,0.169146,0.246231965,0,0,0,Six,English,High,High,Low,Low
5890,16,79,26.0596,0.329868354,0.207970023,1.22656,7,0.088607595,10820.80349,30.83317019,119.5959168,2435.820445,30.83317019,88.8908972,7623.829393,96.50416953,60.76268108,29.822004,0.377493722,0.276911996,29.822004,0.377493722,0.276911996,1,0.09058,0.09058,Three,English,High,High,Low,Low
5890,17,55,17.42775,0.316868182,0.191705057,1.125,2,0.036363636,9431.038604,39.77502941,174.2220418,2187.626617,39.77502941,89.94420395,5637.773918,102.5049803,69.98769875,8.024978,0.151414679,0.285150617,8.024978,0.151414679,0.285150617,3,0.34869,0.11623,Zero,English,High,High,Low,Low
5890,18,80,24.65822,0.30822775,0.168181398,1.00488,5,0.0625,11175.61496,43.08585965,131.5985077,3446.868772,43.08585965,85.85922578,7209.537265,90.11921582,71.06590673,11.099164,0.140495747,0.33964911,11.099164,0.140495747,0.33964911,2,0.217,0.1085,Three,English,High,High,Low,Low
5890,19,88,29.9795,0.340676136,0.181068502,1.02148,8,0.090909091,12120.90085,25.32244386,110.7670969,2228.37506,25.32244386,81.52028067,8322.759184,94.57680891,77.34708495,15.434114,0.183739452,0.296505785,15.434114,0.183739452,0.296505785,5,0.60428,0.120856,Three,English,High,High,Low,Low
5890,20,57,16.36621,0.287126491,0.146526754,0.75,1,0.01754386,8753.919591,44.56757578,138.5574529,2540.351819,44.56757578,82.67270141,5569.029039,97.70226385,74.89832798,11.802032,0.207053193,0.29998704,11.802032,0.207053193,0.29998704,0,0,0,Six,English,High,High,Low,Low
5890,21,86,28.0928,0.326660465,0.165889391,0.91113,6,0.069767442,14218.11823,42.53248943,164.8849887,3657.794091,42.53248943,88.04783253,7536.075341,87.62878304,71.01947845,38.228836,0.444521349,0.291566681,38.228836,0.444521349,0.291566681,3,0.23888,0.079626667,Three,English,High,High,Low,Low
5890,22,53,20.44046,0.385669057,0.224229941,1.17773,0,0,8365.017808,32.99827281,149.7401431,1748.908459,32.99827281,78.09380902,5513.85913,104.0350779,67.51295099,13.16027,0.2632054,0.335151459,13.16027,0.2632054,0.335151459,1,0.13617,0.13617,Zero,English,High,High,Low,Low
5890,23,29,7.95606,0.274346897,0.150863378,0.78223,2,0.068965517,4296.001545,47.83782986,101.6750648,1387.297066,47.83782986,88.7366026,2831.032483,97.62180977,70.0115346,12.268074,0.423037034,0.286776579,12.268074,0.423037034,0.286776579,1,0.11864,0.11864,Three,English,High,High,Low,Low
5890,24,47,12.52734,0.266539149,0.102352527,0.56934,5,0.106382979,7625.279691,45.4539396,171.2556361,2136.335161,45.4539396,95.14607019,4239.618645,90.20465202,66.38370141,9.897016,0.215152522,0.288545221,9.897016,0.215152522,0.288545221,0,0,0,Three,English,High,High,Low,Low
5890,25,82,23.6758,0.288729268,0.157531061,1.05859,4,0.048780488,12720.34688,34.29621859,141.8960095,2812.289924,34.29621859,83.09478486,7792.544882,95.03103514,66.42110267,28.797146,0.355520321,0.24980359,28.797146,0.355520321,0.24980359,1,0.09434,0.09434,Six,English,High,High,Low,Low
5890,26,46,12.42578,0.270125652,0.120617867,0.80371,4,0.086956522,6344.314509,37.74477969,165.4670578,1736.259866,37.74477969,81.20116729,4097.971974,89.08634725,66.95252222,23.531246,0.511548826,0.332949259,23.531246,0.511548826,0.332949259,0,0,0,Three,English,High,High,Low,Low
5890,27,84,38.60155,0.459542262,0.307623846,1.5332,11,0.130952381,10574.68966,17.04178264,120.4770159,1431.509742,17.04178264,85.93827236,7713.38456,91.82600666,70.55585994,39.114164,0.46564481,0.309923897,39.114164,0.46564481,0.309923897,4,0.49905,0.1247625,Zero,English,High,High,Low,Low
5890,28,60,20.38285,0.339714167,0.20662592,1.08203,1,0.016666667,7611.067482,42.02116857,118.7361353,2521.270114,42.02116857,88.80793025,5394.155053,89.90258422,69.02073043,16.723848,0.288342207,0.35753081,16.723848,0.288342207,0.35753081,1,0.11642,0.11642,Three,English,High,High,Low,Low
5890,29,56,18.52643,0.330829107,0.184574858,0.91797,1,0.017857143,9139.924453,45.64094817,135.8815811,2555.893098,45.64094817,78.24750136,5789.087149,103.3765562,73.46224248,13.640456,0.243579571,0.281701873,13.640456,0.243579571,0.281701873,1,0.09126,0.09126,Three,English,High,High,Low,Low
5890,30,51,14.25489,0.279507647,0.123494615,0.7168,1,0.019607843,6929.532786,27.33498962,111.8364687,1394.084471,27.33498962,80.493989,5076.259632,99.53450258,66.86452319,17.013278,0.354443292,0.268763393,17.013278,0.354443292,0.268763393,0,0,0,Six,English,High,High,Low,Low
2128,1,55,16.23439,0.295170727,0.212062498,1.36011,3,0.054545455,8333.810575,39.92361365,200.882482,2195.798751,39.92361365,99.52215652,5211.168725,94.74852228,65.17420234,-0.651566667,-0.012530128,0.283080793,-0.651566667,-0.012530128,0.283080793,2,0.42805,0.214025,Three,Both,High,Medium,High,High
2128,2,21,6.57469,0.313080476,0.156954564,0.75146,1,0.047619048,3482.038403,39.42848123,164.6444318,827.9981059,39.42848123,90.82647681,2260.186127,107.6279108,55.80799879,1.409995833,0.074210307,0.287431512,1.409995833,0.074210307,0.287431512,0,0,0,Six,Both,High,Medium,High,High
2128,3,28,6.48879,0.2317425,0.114659628,0.48291,1,0.035714286,2829.973687,58.85853337,92.31173614,1648.038934,58.85853337,83.58016754,3011.612986,107.5576067,56.56282436,0.7469525,0.027664907,0.263868958,0.7469525,0.027664907,0.263868958,0,0,0,Three,Both,High,Medium,High,High
2128,4,56,10.67458,0.1906175,0.099060382,0.52271,1,0.017857143,7191.393715,27.99844762,283.709573,1567.913067,27.99844762,90.93975433,5935.960719,105.9992986,53.14232112,2.405089167,0.05117211,0.28988592,2.405089167,0.05117211,0.28988592,1,0.14844,0.14844,Zero,Both,High,Medium,High,High
2128,5,45,14.68362,0.326302667,0.159024798,0.69019,1,0.022222222,5822.475691,27.14399906,111.3580167,1221.479957,27.14399906,91.99700387,4475.461989,99.45471087,64.40802015,-5.406235833,-0.131859411,0.254361534,-5.406235833,-0.131859411,0.254361534,3,0.58528,0.195093333,Three,Both,High,Medium,High,High
2128,6,38,10.15115,0.267135526,0.108135879,0.51611,2,0.052631579,6149.744151,45.8746075,152.6250361,1743.235085,45.8746075,96.79357591,3746.732771,98.59823083,58.13454246,-1.101299167,-0.029764842,0.272318593,-1.101299167,-0.029764842,0.272318593,0,0,0,Three,Both,High,Medium,High,High
2128,7,21,7.37158,0.351027619,0.243428597,1.03882,0,0,3142.181872,42.37820987,154.1470294,889.9424072,42.37820987,86.497936,2073.724362,98.74877915,58.98638096,-1.881964167,-0.099050746,0.269455781,-1.881964167,-0.099050746,0.269455781,1,0.17617,0.17617,Six,Both,High,Medium,High,High
2128,8,25,7.90966,0.3163864,0.13257949,0.69678,0,0,2850.182373,46.09799587,114.6111538,1152.449897,46.09799587,93.06893563,2152.57995,86.10319802,50.33860562,-2.94133,-0.122555417,0.307851803,-2.94133,-0.122555417,0.307851803,2,0.29244,0.14622,Three,Both,High,Medium,High,High
2128,9,48,13.87354,0.289032083,0.144909763,0.78223,0,0,6733.202369,25.89470362,130.6547573,1242.945774,25.89470362,98.47955218,4721.048563,98.35517841,58.18880747,-8.368394167,-0.194613818,0.327122327,-8.368394167,-0.194613818,0.327122327,1,0.04215,0.04215,Zero,Both,High,Medium,High,High
2128,10,18,5.14797,0.285998333,0.20326654,0.93042,0,0,2069.400651,66.05112901,60.15032626,1188.920322,66.05112901,81.5722176,1444.749197,80.26384427,57.6769981,-1.385305833,-0.081488578,0.216091229,-1.385305833,-0.081488578,0.216091229,0,0,0,Three,Both,High,Medium,High,High
2128,11,32,7.39747,0.231170937,0.116000695,0.50879,4,0.125,7234.066885,20.7401471,360.6406096,663.6847072,20.7401471,113.6680774,2743.517088,85.73490899,57.06144865,-2.636456667,-0.094159167,0.263937551,-2.636456667,-0.094159167,0.263937551,0,0,0,Three,Both,High,Medium,High,High
2128,12,21,7.45875,0.355178571,0.214012219,1.07178,0,0,2022.257662,49.98235107,95.44025978,1049.629372,49.98235107,85.59620661,1771.428803,84.35375255,53.92622904,-4.237894167,-0.223047061,0.349030148,-4.237894167,-0.223047061,0.349030148,1,0.1104,0.1104,Six,Both,High,Medium,High,High
2128,13,35,13.61403,0.388972286,0.245133873,1.15869,1,0.028571429,3617.501113,37.64553783,93.90996555,1317.593824,37.64553783,82.42284758,3269.769667,93.42199049,58.18702523,-11.80889417,-0.38093207,0.281625725,-11.80889417,-0.38093207,0.281625725,1,0.07,0.07,Three,Both,High,Medium,High,High
2128,14,1,0.30811,0.30811,0,0.30811,0,0,59.62326391,149.1857537,0,149.1857537,149.1857537,0,22.88687966,22.88687966,0,-0.472199167,-0.472199167,0,-0.472199167,-0.472199167,0,1,0.07382,0.07382,Zero,Both,High,Medium,High,High
2128,15,21,6.94238,0.330589524,0.147687082,0.62988,0,0,3085.106438,68.39893605,162.5348262,1436.377657,68.39893605,85.02888785,1953.632798,93.03013325,68.43686347,-4.696955833,-0.27629152,0.279998865,-4.696955833,-0.27629152,0.279998865,0,0,0,Three,Both,High,Medium,High,High
2128,16,37,10.35722,0.279924865,0.109510104,0.57056,1,0.027027027,4083.537405,28.79510397,115.3156894,1065.418847,28.79510397,88.28664795,4095.841159,110.6984097,52.81376841,-1.765710833,-0.050448881,0.306447033,-1.765710833,-0.050448881,0.306447033,1,0.19606,0.19606,Three,Both,High,Medium,High,High
2128,17,18,4.68702,0.26039,0.129310932,0.48242,0,0,2780.117065,24.82286145,175.7817388,446.8115061,24.82286145,96.81762219,1857.680365,103.2044647,58.83691672,-2.180416667,-0.136276042,0.378721037,-2.180416667,-0.136276042,0.378721037,1,0.08219,0.08219,Six,Both,High,Medium,High,High
2128,18,56,16.13281,0.288085893,0.168993596,0.80249,3,0.053571429,8478.620961,41.65800361,146.5169292,2332.848202,41.65800361,111.0856661,5601.892874,100.0338013,65.72859277,-6.604646667,-0.127012436,0.37808918,-6.604646667,-0.127012436,0.37808918,1,0.22957,0.22957,Three,Both,High,Medium,High,High
2128,19,33,9.19995,0.278786364,0.152370585,0.75,2,0.060606061,4526.176826,28.1121511,107.1943727,927.7009862,28.1121511,103.3888583,2869.944772,86.96802339,68.89858358,-10.80341583,-0.37253158,0.362524522,-10.80341583,-0.37253158,0.362524522,0,0,0,Zero,Both,High,Medium,High,High
2128,20,13,3.04125,0.233942308,0.101818976,0.40771,0,0,2200.808555,27.69421242,187.7018527,360.0247614,27.69421242,78.07456146,1484.109392,114.1622609,57.09077212,-5.060770833,-0.460070076,0.135707349,-5.060770833,-0.460070076,0.135707349,0,0,0,Three,Both,High,Medium,High,High
2128,21,18,5.78394,0.32133,0.173880184,0.66333,0,0,2750.530967,56.47525198,158.3582781,1016.554536,56.47525198,85.02617156,1837.121012,102.0622785,42.67997372,-1.0789275,-0.0719285,0.363837767,-1.0789275,-0.0719285,0.363837767,2,0.36529,0.182645,Three,Both,High,Medium,High,High
2128,22,28,8.79687,0.314173929,0.192360268,0.85034,2,0.071428571,2505.55796,52.60616304,58.49351046,1472.972565,52.60616304,77.10939128,2699.155786,96.39842095,63.88893794,-5.149079167,-0.205963167,0.272882261,-5.149079167,-0.205963167,0.272882261,0,0,0,Six,Both,High,Medium,High,High
2128,23,33,10.01074,0.303355758,0.221941147,1.17896,2,0.060606061,4838.892844,25.59591406,163.3548059,844.6651641,25.59591406,91.13778699,3353.711662,101.6276261,55.36311116,-7.385715833,-0.254679856,0.289735793,-7.385715833,-0.254679856,0.289735793,3,0.51015,0.17005,Three,Both,High,Medium,High,High
2128,24,40,12.58354,0.3145885,0.141512129,0.76416,2,0.05,5457.915561,42.60173006,137.8034811,1704.069203,42.60173006,82.27433254,4031.63063,100.7907657,65.61931598,-8.424029167,-0.227676464,0.402783163,-8.424029167,-0.227676464,0.402783163,0,0,0,Zero,Both,High,Medium,High,High
2128,25,37,10.81956,0.292420541,0.169025186,0.95142,3,0.081081081,6354.608134,35.53710692,236.7878975,1314.872956,35.53710692,99.65122172,3324.420756,89.84920963,60.22351266,-7.364245,-0.245474833,0.33067704,-7.364245,-0.245474833,0.33067704,3,0.38887,0.129623333,Three,Both,High,Medium,High,High
2128,26,38,12.7915,0.336618421,0.298108567,1.91919,1,0.026315789,4828.180271,39.92434777,117.6828171,1517.125215,39.92434777,81.76008795,3914.745332,103.019614,59.50429192,-9.579360833,-0.273696024,0.391893432,-9.579360833,-0.273696024,0.391893432,0,0,0,Three,Both,High,Medium,High,High
2128,27,19,5.39428,0.283909474,0.138297327,0.64307,0,0,1840.783584,54.93261255,61.96925749,1043.719639,54.93261255,91.30204404,1800.66841,94.77202157,59.77141724,-2.463175,-0.136843056,0.288713402,-2.463175,-0.136843056,0.288713402,1,0.16365,0.16365,Six,Both,High,Medium,High,High
2128,28,26,6.17845,0.237632692,0.12431807,0.58276,1,0.038461538,3337.927534,51.614993,114.1236161,1341.989818,51.614993,101.1702849,2521.566845,96.98334019,50.37635473,-3.371184167,-0.177430746,0.289545855,-3.371184167,-0.177430746,0.289545855,0,0,0,Three,Both,High,Medium,High,High
2128,29,24,6.42116,0.267548333,0.122481535,0.60303,0,0,2844.995064,46.94163258,136.6907863,1126.599182,46.94163258,84.13156091,2239.756382,93.32318256,64.61355432,-3.762821667,-0.171037348,0.471221637,-3.762821667,-0.171037348,0.471221637,0,0,0,Zero,Both,High,Medium,High,High
2128,30,21,5.91016,0.28143619,0.22171838,1.11206,2,0.095238095,4944.78846,16.64966762,397.8982735,349.6430201,16.64966762,99.93923112,1802.936724,85.85412973,56.61800275,-4.682465,-0.260136944,0.349528544,-4.682465,-0.260136944,0.349528544,1,0.05428,0.05428,Three,Both,High,Medium,High,High
2156,1,66,16.75842,0.253915455,0.344018825,2.10364,3,0.045454545,37972.80206,28.89622089,1100.488526,1907.150579,28.89622089,95.64275451,5724.409257,86.73347359,61.16001945,-10.56555576,-0.285555561,0.502562526,-10.56555576,-0.285555561,0.502562526,2,0.78796,0.39398,Zero,Both,High,Low,High,High
2156,2,49,9.83895,0.200794898,0.288227214,1.67932,2,0.040816327,44364.79837,0.377156465,1842.280479,18.48066678,0.377156465,93.7982575,3788.07736,77.30770123,60.1971683,-5.678354242,-0.195805319,0.36822191,-5.678354242,-0.195805319,0.36822191,2,0.57208,0.28604,Three,Both,High,Low,High,High
2156,3,58,12.16536,0.209747586,0.289115,1.95007,3,0.051724138,87213.52367,32.22470508,2082.288965,1869.032895,32.22470508,78.50132546,4122.729803,71.08154832,65.45448129,-15.13422333,-0.343959621,0.324105928,-15.13422333,-0.343959621,0.324105928,2,0.47414,0.23707,Six,Both,High,Low,High,High
2156,4,23,4.5011,0.1957,0.206036869,0.83777,0,0,30989.88754,10.39099675,1470.881167,238.9929253,10.39099675,79.15873674,2107.552799,91.63273039,65.91318991,-3.945641212,-0.303510862,0.581175302,-3.945641212,-0.303510862,0.581175302,2,0.50569,0.252845,Three,Both,High,Low,High,High
2156,5,105,27.63357,0.263176857,0.232132435,1.65503,7,0.066666667,80622.01463,39.62419308,1341.566298,4160.540273,39.62419308,90.57440704,9931.214762,94.58299773,61.99861924,-16.03509424,-0.258630552,0.439442311,-16.03509424,-0.258630552,0.439442311,4,0.20501,0.0512525,Three,Both,High,Low,High,High
2156,6,63,16.67943,0.264752857,0.201004702,0.89697,8,0.126984127,52197.94973,14.44047677,1613.980691,909.7500366,14.44047677,100.259414,4842.401481,76.86351557,59.79605635,-11.20195606,-0.350061127,0.354837745,-11.20195606,-0.350061127,0.354837745,1,0.03423,0.03423,Zero,Both,High,Low,High,High
2156,7,70,23.97215,0.342459286,0.332893174,1.6814,5,0.071428571,37656.17205,30.26211054,1341.711443,2118.347738,30.26211054,97.79550564,5803.115926,82.90165608,65.11612919,-13.06966182,-0.363046162,0.368786739,-13.06966182,-0.363046162,0.368786739,4,0.45658,0.114145,Three,Both,High,Low,High,High
2156,8,66,19.16531,0.290383485,0.255298289,1.29199,6,0.090909091,24325.85521,28.38226609,884.0771393,1873.229562,28.38226609,93.00932466,5019.934308,76.05961073,58.604082,-11.17451788,-0.319271939,0.467173911,-11.17451788,-0.319271939,0.467173911,1,0.04272,0.04272,Six,Both,High,Low,High,High
2156,9,56,20.78613,0.371180893,0.31548977,1.50049,7,0.125,17307.41091,23.04755919,818.7385611,1290.663315,23.04755919,77.08673525,5464.609017,97.58230388,62.5378909,-13.04069,-0.395172424,0.230603709,-13.04069,-0.395172424,0.230603709,3,0.7381,0.246033333,Three,Both,High,Low,High,High
2156,10,76,22.77101,0.299618553,0.306022285,1.73486,6,0.078947368,35367.06545,28.30698796,1011.88106,2151.331085,28.30698796,85.79630679,6425.824443,84.55032162,59.41841767,-8.864529697,-0.233277097,0.4111692,-8.864529697,-0.233277097,0.4111692,4,0.6266,0.15665,Three,Both,High,Low,High,High
2156,11,41,11.17577,0.272579756,0.252986373,1.42383,2,0.048780488,29251.57018,19.94634257,1632.932851,817.8000453,19.94634257,103.6011112,3784.666131,92.30893002,67.1564615,-11.40426455,-0.475177689,0.271133382,-11.40426455,-0.475177689,0.271133382,2,0.06629,0.033145,Zero,Both,High,Low,High,High
2156,12,30,6.69725,0.223241667,0.248013565,0.99438,1,0.033333333,19653.35794,40.865253,1400.441313,1225.95759,40.865253,96.30494279,2863.134725,95.43782418,59.25353721,-7.97102697,-0.468883939,0.392165374,-7.97102697,-0.468883939,0.392165374,0,0,0,Three,Both,High,Low,High,High
2156,13,37,7.2454,0.195821622,0.163379431,0.85425,1,0.027027027,21140.78332,9.131731271,1126.83128,337.874057,9.131731271,97.94465069,3177.181748,85.86977698,61.48474054,-5.564750909,-0.309152828,0.308886432,-5.564750909,-0.309152828,0.308886432,2,0.19338,0.09669,Six,Both,High,Low,High,High
2156,14,29,6.88281,0.237338276,0.159118895,0.63281,0,0,12311.08238,33.84190071,1048.419845,981.4151206,33.84190071,91.47243309,2099.041305,72.38073465,55.43935494,-8.556086667,-0.38891303,0.39171803,-8.556086667,-0.38891303,0.39171803,2,0.14021,0.070105,Three,Both,High,Low,High,High
2156,15,46,14.26341,0.31007413,0.282169165,1.43994,2,0.043478261,21202.31891,22.90241196,541.896524,1053.51095,22.90241196,97.89328789,3941.734202,85.68987395,66.54656146,-10.85099606,-0.339093627,0.307554577,-10.85099606,-0.339093627,0.307554577,1,0.07793,0.07793,Three,Both,High,Low,High,High
2156,16,132,41.14265,0.311686742,0.317652357,2.4043,19,0.143939394,41747.69852,20.79969894,717.6717733,2745.56026,20.79969894,101.1001745,12104.67737,91.70210127,60.06116482,-26.10691576,-0.372955939,0.394368648,-26.10691576,-0.372955939,0.394368648,5,0.56842,0.113684,Zero,Both,High,Low,High,High
2156,17,26,7.76441,0.298631154,0.181222529,0.64966,1,0.038461538,8076.840335,44.1247881,499.4527181,1147.24449,44.1247881,95.48047524,2150.859648,82.72537107,61.80597694,-5.51663303,-0.344789564,0.369435444,-5.51663303,-0.344789564,0.369435444,1,0.43437,0.43437,Three,Both,High,Low,High,High
2156,18,91,22.09646,0.242818242,0.3247256,1.85181,9,0.098901099,50940.35774,28.42029808,1274.893429,2586.247125,28.42029808,88.65783489,7716.435022,84.79598926,64.46778155,-27.74658242,-0.470281058,0.324223754,-27.74658242,-0.470281058,0.324223754,2,0.15832,0.07916,Six,Both,High,Low,High,High
2156,19,67,17.01148,0.253902687,0.232754094,1.05957,7,0.104477612,38144.47041,46.08452932,1118.985427,3087.663465,46.08452932,89.75613086,5612.325771,83.76605629,59.15977371,-13.09190424,-0.451444974,0.408699681,-13.09190424,-0.451444974,0.408699681,3,0.38676,0.12892,Three,Both,High,Low,High,High
2156,20,57,13.5874,0.238375439,0.248602063,1.21216,2,0.035087719,50513.00936,20.89474211,1370.161011,1191.0003,20.89474211,96.76893555,4455.782414,78.1716213,69.86174339,-14.94972152,-0.364627354,0.318701101,-14.94972152,-0.364627354,0.318701101,2,0.18889,0.094445,Three,Both,High,Low,High,High
2156,21,48,8.56837,0.178507708,0.141251593,0.61597,1,0.020833333,43476.24945,67.81500097,1285.75753,3255.120046,67.81500097,66.62858296,3434.028671,71.54226398,66.23941413,-15.55462182,-0.432072828,0.210557355,-15.55462182,-0.432072828,0.210557355,3,0.19619,0.065396667,Zero,Both,High,Low,High,High
2156,22,73,21.22851,0.290801507,0.301316621,1.77661,8,0.109589041,25033.44776,25.99738247,734.2163752,1897.80892,25.99738247,102.6147152,5744.228504,78.6880617,54.68692143,-13.84398273,-0.256370051,0.358116689,-13.84398273,-0.256370051,0.358116689,2,0.20775,0.103875,Three,Both,High,Low,High,High
2156,23,75,15.06883,0.200917733,0.127852631,0.57544,11,0.146666667,18689.82156,19.11673959,685.6563457,1433.755469,19.11673959,97.01002169,7312.736795,97.50315726,57.14248431,-12.41744121,-0.269944374,0.384009619,-12.41744121,-0.269944374,0.384009619,2,1.20424,0.60212,Six,Both,High,Low,High,High
2156,24,27,6.94237,0.257124815,0.19704399,0.97388,1,0.037037037,9950.202355,38.94113764,724.9921758,1051.410716,38.94113764,97.49091887,2071.231688,76.71228474,53.44791937,-3.661882727,-0.174375368,0.360995022,-3.661882727,-0.174375368,0.360995022,0,0,0,Three,Both,High,Low,High,High
2156,25,39,8.59816,0.220465641,0.124018087,0.58594,1,0.025641026,7276.786785,44.02515671,239.8446584,1716.981112,44.02515671,95.71876652,3644.937588,93.45993816,53.25788652,-3.129934545,-0.130413939,0.308881022,-3.129934545,-0.130413939,0.308881022,1,0.0831,0.0831,Three,Both,High,Low,High,High
2156,26,72,24.72533,0.343407361,0.347008886,1.99634,5,0.069444444,9597.268846,14.75850164,137.6668911,1062.612118,14.75850164,103.1725992,6977.434871,96.90881766,60.48003841,-3.99903303,-0.081612919,0.4245123,-3.99903303,-0.081612919,0.4245123,3,0.41149,0.137163333,Zero,Both,High,Low,High,High
2156,27,68,20.44481,0.300658971,0.237762816,1.20654,5,0.073529412,11449.65845,18.29584336,192.9440623,1244.117349,18.29584336,96.08974044,7295.107187,107.280988,56.00857197,8.203159091,0.160846257,0.464324963,8.203159091,0.160846257,0.464324963,2,0.30185,0.150925,Three,Both,High,Low,High,High
2156,28,48,15.53101,0.323562708,0.213385033,1.19824,2,0.041666667,7387.524846,22.00549497,159.4459121,1056.263758,22.00549497,92.98240063,4380.889473,91.26853068,57.58517586,0.773173636,0.028636061,0.371985461,0.773173636,0.028636061,0.371985461,0,0,0,Six,Both,High,Low,High,High
2156,29,50,17.02346,0.3404692,0.255724168,1.54077,3,0.06,6224.491195,33.73247148,105.9152249,1686.623574,33.73247148,97.70513601,4561.438453,91.22876907,57.90756615,-9.762373939,-0.287128645,0.260382029,-9.762373939,-0.287128645,0.260382029,1,0.16714,0.16714,Three,Both,High,Low,High,High
2156,30,34,10.51951,0.309397353,0.214199586,1.09253,0,0,2851.525354,7.347260722,63.63726044,249.8068645,7.347260722,104.9452995,3035.853666,89.2898137,59.22258977,2.942093333,0.133731515,0.450706142,2.942093333,0.133731515,0.450706142,1,0.0502,0.0502,Three,Both,High,Low,High,High
5492,1,188,52.1538,0.27741383,0.151729034,0.96484,33,0.175531915,21986.97145,8.023606645,129.4408342,1508.438049,8.023606645,89.95521306,18836.90776,100.1963179,58.27563865,13.350534,0.077619384,0.430164991,13.350534,0.077619384,0.430164991,9,0.78303,0.087003333,Three,Both,High,Medium,High,High
5492,2,168,44.1226,0.262634524,0.137915835,0.95166,20,0.119047619,21630.96659,16.58128112,129.1775074,2785.655227,16.58128112,92.60403964,16560.34359,98.57347373,59.77047824,20.306936,0.128524911,0.441685295,20.306936,0.128524911,0.441685295,2,0.15269,0.076345,Three,Both,High,Medium,High,High
5492,3,135,39.51864,0.292730667,0.174975121,1.39209,20,0.148148148,12754.68196,-1.864530264,93.12023019,-251.7115856,-1.864530264,92.39523736,12779.54572,94.66330166,61.4448238,12.393658,0.096074868,0.536167068,12.393658,0.096074868,0.536167068,1,0.07608,0.07608,Zero,Both,High,Medium,High,High
5492,4,226,64.18607,0.284009159,0.177539886,1.16016,27,0.119469027,27653.94787,8.678896286,118.4501926,1961.430561,8.678896286,91.3376696,22553.1957,99.79290132,58.77825327,33.588318,0.160709656,0.501678845,33.588318,0.160709656,0.501678845,8,0.96387,0.12048375,Six,Both,High,Medium,High,High
5492,5,152,44.93512,0.295625789,0.186657801,1.38672,17,0.111842105,18859.95629,17.07756034,159.6714115,2595.789172,17.07756034,84.36721729,16325.33622,107.4035278,60.83509053,8.293358,0.057592764,0.470771048,8.293358,0.057592764,0.470771048,3,0.38662,0.128873333,Three,Both,High,Medium,High,High
5492,6,145,40.27061,0.277728345,0.202772115,1.66113,15,0.103448276,16114.98918,5.710637565,123.6654958,828.042447,5.710637565,87.02542351,14731.1947,101.5944462,59.08113899,19.933078,0.143403439,0.449524366,19.933078,0.143403439,0.449524366,4,0.54064,0.13516,Three,Both,High,Medium,High,High
5492,7,172,48.94925,0.284588663,0.139931072,0.81738,31,0.180232558,17658.7909,4.287726223,141.025512,737.4889103,4.287726223,95.25474775,17131.66475,99.60270206,54.90283493,13.706842,0.085135665,0.405664633,13.706842,0.085135665,0.405664633,2,0.20427,0.102135,Three,Both,High,Medium,High,High
5492,8,147,43.08887,0.293121565,0.170814054,1.01855,14,0.095238095,18443.69361,13.99644035,236.2602234,2057.476731,13.99644035,97.03111133,14384.12412,97.85118448,60.7499484,21.368136,0.149427524,0.445329414,21.368136,0.149427524,0.445329414,1,0.06267,0.06267,Zero,Both,High,Medium,High,High
5492,9,189,43.09182,0.227999048,0.136889209,0.8623,15,0.079365079,34014.74553,6.404563231,469.8182786,1210.462451,6.404563231,89.96117619,18209.72553,96.34775411,59.21643273,-1.576716,-0.016254804,0.408834859,-1.576716,-0.016254804,0.408834859,4,0.27293,0.0682325,Six,Both,High,Medium,High,High
5492,10,163,40.07722,0.245872515,0.160167679,0.91016,16,0.098159509,24655.29817,-6.321143325,196.9265413,-1030.346362,-6.321143325,101.5118821,14678.91772,90.05470992,57.32483012,13.086314,0.099138742,0.600163603,13.086314,0.099138742,0.600163603,4,0.52868,0.13217,Three,Both,High,Medium,High,High
5492,11,23,7.41211,0.322265652,0.203967771,0.75684,2,0.086956522,5472.075249,54.10650934,451.2742049,1244.449715,54.10650934,70.00626715,2088.732459,90.81445474,56.65087067,5.497818,0.289358842,0.717008304,5.497818,0.289358842,0.717008304,1,0.14451,0.14451,Three,Both,High,Medium,High,High
5492,12,18,3.5674,0.198188889,0.059644353,0.32813,0,0,2381.932635,19.91315774,202.6794053,358.4368393,19.91315774,76.2830467,1804.292192,100.2384551,54.30886647,7.071352,0.4419595,0.498944644,7.071352,0.4419595,0.498944644,0,0,0,Three,Both,High,Medium,High,High
5492,13,0,0,0,0,0,0,0,0,0,0,0,0,0,0,0,0,0,0,0,0,0,0,0,0,0,Zero,Both,High,Medium,High,High
5492,14,171,41.93072,0.245208889,0.120393688,0.82813,19,0.111111111,22807.74928,28.14961533,128.9009248,4813.584221,28.14961533,90.23734725,16554.14932,96.80789076,62.00550277,13.110776,0.085691346,0.578822113,13.110776,0.085691346,0.578822113,3,0.37052,0.123506667,Six,Both,High,Medium,High,High
5492,15,58,14.30371,0.24661569,0.107459733,0.75,3,0.051724138,8593.493968,13.32500551,159.0779062,772.8503193,13.32500551,96.26405707,5922.778755,102.1168751,62.47446559,15.771482,0.281633607,0.480931024,15.771482,0.281633607,0.480931024,3,0.62004,0.20668,Three,Both,High,Medium,High,High
5492,16,102,27.81743,0.272719902,0.187701613,1.25293,11,0.107843137,15745.13414,8.646166711,234.9381283,881.9090045,8.646166711,100.8755952,10271.12396,100.6972938,61.64047498,5.565548,0.066256524,0.518076657,5.565548,0.066256524,0.518076657,1,0.14088,0.14088,Three,Both,High,Medium,High,High
5492,17,74,20.50393,0.277080135,0.113474255,0.62402,2,0.027027027,7643.045301,20.25223633,85.79696653,1498.665489,20.25223633,79.70213532,7969.298053,107.6932169,62.26334955,0.67533,0.009647571,0.543104806,0.67533,0.009647571,0.543104806,4,0.48222,0.120555,Three,Both,High,Medium,High,High
5492,18,118,27.94732,0.236841695,0.101534888,0.60254,19,0.161016949,13404.5949,1.504435177,121.2266459,177.5233509,1.504435177,96.78774011,11850.05956,100.4242336,57.53418907,0.345992,0.003117045,0.45726961,0.345992,0.003117045,0.45726961,3,0.33781,0.112603333,Zero,Both,High,Medium,High,High
5492,19,120,31.26569,0.260547417,0.159304196,1.08496,3,0.025,17055.28247,17.91704538,162.1715987,2150.045446,17.91704538,94.53636939,11601.10652,96.67588766,61.87025245,4.646258,0.040756649,0.493009531,4.646258,0.040756649,0.493009531,2,0.23382,0.11691,Six,Both,High,Medium,High,High
5492,20,61,17.73633,0.290759508,0.14217439,0.8916,1,0.016393443,7927.723213,-5.290523696,111.8523879,-322.7219454,-5.290523696,96.70665624,6394.126841,104.8217515,66.09116387,-3.75059,-0.062509833,0.503225593,-3.75059,-0.062509833,0.503225593,1,0.09491,0.09491,Three,Both,High,Medium,High,High
5492,21,89,24.75882,0.278188989,0.157995095,0.98438,6,0.06741573,11239.10709,23.85477218,163.077687,2123.074724,23.85477218,76.85000405,9473.734276,106.4464525,62.97210391,-12.152016,-0.139678345,0.439086723,-12.152016,-0.139678345,0.439086723,2,0.20103,0.100515,Three,Both,High,Medium,High,High
5492,22,147,42.53809,0.289374762,0.156975526,1.19434,19,0.129251701,16750.86468,8.45987221,116.0595188,1243.601215,8.45987221,95.08521202,16047.98561,109.1699701,62.00903378,-9.381934,-0.06560793,0.468928864,-9.381934,-0.06560793,0.468928864,3,0.29587,0.098623333,Three,Both,High,Medium,High,High
5492,23,71,19.47169,0.274249155,0.20311458,1.38281,3,0.042253521,8525.424053,29.27990361,134.7379773,2078.873156,29.27990361,85.76395307,7330.960227,103.2529609,64.95979208,11.427698,0.178557781,0.465818691,11.427698,0.178557781,0.465818691,3,0.35589,0.11863,Zero,Both,High,Medium,High,High
5492,24,180,54.22956,0.301275333,0.196146828,1.19336,20,0.111111111,20784.44263,-0.824982528,105.3656065,-148.496855,-0.824982528,87.07529147,17632.53569,97.9585316,61.81457667,46.539228,0.28377578,0.528900726,46.539228,0.28377578,0.528900726,3,0.29462,0.098206667,Six,Both,High,Medium,High,High
5492,25,97,30.88577,0.31841,0.238219312,1.40723,6,0.06185567,11793.97063,20.80737318,175.2862056,2018.315198,20.80737318,84.64848751,9016.669253,92.95535313,57.30885266,11.300256,0.136147663,1.016635046,11.300256,0.136147663,1.016635046,1,0.12615,0.12615,Three,Both,High,Medium,High,High
5492,26,39,11.86426,0.304211795,0.190276404,1.23242,2,0.051282051,4090.00796,23.30640069,95.43264847,908.9496269,23.30640069,100.2654066,3093.933435,79.33162654,56.68498918,0.886698,0.022735846,0.58351545,0.886698,0.022735846,0.58351545,0,0,0,Three,Both,High,Medium,High,High
5492,27,72,20.84377,0.289496806,0.1588094,0.84375,4,0.055555556,8323.324557,15.57201973,130.3823157,1121.185421,15.57201973,87.79991481,7188.443716,99.83949605,63.82129928,-0.69984,-0.009997714,0.481565122,-0.69984,-0.009997714,0.481565122,0,0,0,Three,Both,High,Medium,High,High
5492,28,184,58.72371,0.319150598,0.255641957,2.23145,25,0.135869565,19132.20958,6.268914098,121.4319362,1153.480194,6.268914098,93.21420433,18941.26322,102.9416479,58.18712058,-19.840322,-0.114024839,0.428318803,-19.840322,-0.114024839,0.428318803,4,0.58592,0.14648,Zero,Both,High,Medium,High,High
5492,29,108,30.47655,0.282190278,0.137279017,0.77051,6,0.055555556,16830.83274,14.92534386,175.6385469,1611.937137,14.92534386,84.37260693,11421.70619,105.7565388,64.92677077,-5.896818,-0.058384337,0.44642485,-5.896818,-0.058384337,0.44642485,2,0.15159,0.075795,Six,Both,High,Medium,High,High
5492,30,106,27.96684,0.263838113,0.130233766,0.89063,8,0.075471698,12650.87416,26.05561669,116.9244273,2761.895369,26.05561669,87.70893659,11144.23963,105.1343362,58.98985961,-0.777582,-0.00747675,0.436186548,-0.777582,-0.00747675,0.436186548,0,0,0,Three,Both,High,Medium,High,High
2899,1,46,10.89164,0.236774783,0.109732994,0.66211,5,0.108695652,5551.759791,-5.958707504,106.6713902,-274.1005452,-5.958707504,92.47238028,4597.858743,99.95345093,62.23817921,-7.503169333,-0.163112377,0.178050193,-7.503169333,-0.163112377,0.178050193,0,0,0,Six,English,High,Medium,Low,Low
2899,2,55,17.30373,0.314613273,0.183330038,1.02441,3,0.054545455,6806.010466,31.61668205,130.4478589,1738.917513,31.61668205,90.77611637,5605.642368,101.9207703,60.75164044,-8.168334,-0.151265444,0.246903865,-8.168334,-0.151265444,0.246903865,0,0,0,Three,English,High,Medium,Low,Low
2899,3,55,15.01856,0.273064727,0.158859704,0.91016,4,0.072727273,7430.145727,19.83153248,138.0338452,1090.734286,19.83153248,92.8198845,5755.988398,104.6543345,64.32565734,-11.78882333,-0.214342242,0.214833742,-11.78882333,-0.214342242,0.214833742,0,0,0,Three,English,High,Medium,Low,Low
2899,4,102,35.37598,0.346823333,0.244872389,1.4668,10,0.098039216,13339.30681,2.237154435,153.9489382,228.1897524,2.237154435,91.12544071,10219.40489,100.1902441,66.94534883,-17.19728467,-0.175482497,0.291281548,-17.19728467,-0.175482497,0.291281548,1,0.10296,0.10296,Three,English,High,Medium,Low,Low
2899,5,36,11.66014,0.323892778,0.166784235,0.83691,1,0.027777778,5696.583351,34.06042176,159.0194753,1226.175183,34.06042176,91.88466121,3576.099921,99.33610892,67.11682695,-1.835746667,-0.052449905,0.361257124,-1.835746667,-0.052449905,0.361257124,0,0,0,Zero,English,High,Medium,Low,Low
2899,6,32,8.07715,0.252410937,0.110954149,0.50293,3,0.09375,4058.711845,19.2572526,117.3227137,616.2320833,19.2572526,84.7433602,3139.553001,98.11103128,65.8953002,-6.013071333,-0.214752548,0.261875834,-6.013071333,-0.214752548,0.261875834,0,0,0,Six,English,High,Medium,Low,Low
2899,7,44,11.01954,0.250444091,0.144089066,0.75684,1,0.022727273,7037.739863,22.57191526,159.2666111,993.1642714,22.57191526,89.6691997,4818.930653,109.5211512,57.14256748,6.246455333,0.164380404,0.513504758,6.246455333,0.164380404,0.513504758,1,0.01303,0.01303,Three,English,High,Medium,Low,Low
2899,8,65,17.70508,0.272385846,0.105229145,0.68359,3,0.046153846,10901.38923,20.81448266,163.6783101,1352.941373,20.81448266,93.57137286,6885.001504,105.9231001,65.88189581,-18.09543933,-0.296646546,0.230566568,-18.09543933,-0.296646546,0.230566568,1,0.07864,0.07864,Three,English,High,Medium,Low,Low
2899,9,30,8.79686,0.293228667,0.146907733,0.74414,3,0.1,5661.598741,17.32520973,285.965421,519.756292,17.32520973,103.7262194,3238.942408,107.9647469,56.79098069,-2.636461333,-0.094159333,0.288702512,-2.636461333,-0.094159333,0.288702512,0,0,0,Three,English,High,Medium,Low,Low
2899,10,89,28.97464,0.325557753,0.170922317,1.30664,12,0.134831461,13393.63341,19.85607657,165.9695326,1767.190815,19.85607657,97.30487839,9118.706026,102.4573711,62.17123321,-24.39464267,-0.283658636,0.268667084,-24.39464267,-0.283658636,0.268667084,1,0.13514,0.13514,Zero,English,High,Medium,Low,Low
2899,11,53,13.49122,0.254551321,0.121925581,0.68457,4,0.075471698,8101.16848,20.21679616,159.9788655,1071.490196,20.21679616,78.54245291,5198.795047,98.09047259,59.48078221,7.770832667,0.158588422,1.316042677,7.770832667,0.158588422,1.316042677,2,0.11757,0.058785,Six,English,High,Medium,Low,Low
2899,12,72,25.89553,0.359660139,0.214545894,1.21973,5,0.069444444,11912.32097,7.396782938,182.9405317,532.5683715,7.396782938,95.81018715,6704.972741,93.1246214,67.335758,-17.01456333,-0.24306519,0.216394781,-17.01456333,-0.24306519,0.216394781,0,0,0,Three,English,High,Medium,Low,Low
2899,13,24,7.26859,0.302857917,0.17521528,0.87207,1,0.041666667,3690.625702,34.24165307,100.7768307,821.7996737,34.24165307,105.4850075,2434.377436,101.4323932,55.8850935,-4.788224667,-0.208183681,0.286124824,-4.788224667,-0.208183681,0.286124824,0,0,0,Three,English,High,Medium,Low,Low
2899,14,21,5.95311,0.283481429,0.102930866,0.50879,1,0.047619048,4207.028506,31.16911358,225.3873033,654.5513852,31.16911358,89.06972476,2101.279578,100.0609323,67.63800479,-4.437116,-0.211291238,0.349649672,-4.437116,-0.211291238,0.349649672,0,0,0,Three,English,High,Medium,Low,Low
2899,15,57,15.0527,0.264082456,0.11952785,0.69043,5,0.087719298,6827.63146,20.52028044,116.7506672,1169.655985,20.52028044,96.85528802,6045.252418,106.05706,65.2627667,-1.822282,-0.03196986,0.277638193,-1.822282,-0.03196986,0.277638193,1,0.19275,0.19275,Zero,English,High,Medium,Low,Low
2899,16,7,2.78907,0.398438571,0.101477886,0.56348,0,0,838.6273692,29.90691008,29.95082972,209.3483705,29.90691008,61.4279708,656.4854216,93.78363165,72.70818602,-0.748535333,-0.106933619,0.167308893,-0.748535333,-0.106933619,0.167308893,0,0,0,Six,English,High,Medium,Low,Low
2899,17,47,13.40821,0.285281064,0.206485883,1.51367,2,0.042553191,6638.949304,18.31233468,133.4523653,860.67973,18.31233468,83.32476793,4468.336457,95.07098845,60.46818194,-7.848430667,-0.178373424,0.273165092,-7.848430667,-0.178373424,0.273165092,0,0,0,Three,English,High,Medium,Low,Low
2899,18,52,14.45703,0.278019808,0.181338806,1.17285,1,0.019230769,8001.703398,28.68794271,152.0879695,1491.773021,28.68794271,97.1287571,5674.781258,109.1304088,59.54289375,-11.916606,-0.233658941,0.285937336,-11.916606,-0.233658941,0.285937336,1,0.06917,0.06917,Three,English,High,Medium,Low,Low
2899,19,30,9.29884,0.309961333,0.243577776,1.12012,1,0.033333333,5171.077204,16.64155625,173.3420591,499.2466874,16.64155625,89.87203868,2962.738073,98.75793576,51.28855047,-2.108567333,-0.110977228,0.405735772,-2.108567333,-0.110977228,0.405735772,2,0.11823,0.059115,Three,English,High,Medium,Low,Low
2899,20,35,9.584,0.273828571,0.12154763,0.62988,2,0.057142857,5850.069407,20.06389216,195.14378,702.2362257,20.06389216,93.77262053,3746.937198,107.0553485,63.01761237,0,0,0,0,0,0,1,0.08345,0.08345,Zero,English,High,Medium,Low,Low
2899,21,53,13.59572,0.256523019,0.116153652,0.60938,0,0,7774.986357,29.45313504,135.5477805,1561.016157,29.45313504,98.10392819,5334.734261,100.6553634,63.86988738,0,0,0,0,0,0,1,0.11389,0.11389,Six,English,High,Medium,Low,Low
2899,22,46,11.09373,0.241168043,0.126544476,0.69824,2,0.043478261,5157.119982,18.25847151,114.2870884,839.8896896,18.25847151,99.69195859,4710.56973,102.4036898,60.40830552,0,0,0,0,0,0,1,0.12655,0.12655,Three,English,High,Medium,Low,Low
2899,23,25,6.8916,0.275664,0.13136175,0.61719,0,0,2622.528947,18.22950855,85.52305447,455.7377137,18.22950855,84.12521922,2370.989204,94.83956815,60.28825845,-2.392866,-0.113946,0.269260305,-2.392866,-0.113946,0.269260305,0,0,0,Three,English,High,Medium,Low,Low
2899,24,72,20.02933,0.278185139,0.148326771,0.7373,9,0.125,10047.94082,13.81945961,121.1190167,995.0010922,13.81945961,91.95676482,6718.460248,93.31194789,62.93659549,-11.53714533,-0.172196199,0.298183614,-11.53714533,-0.172196199,0.298183614,2,0.33674,0.16837,Three,English,High,Medium,Low,Low
2899,25,38,12.26465,0.322753947,0.202811243,1.05469,1,0.026315789,5180.839985,21.19016733,122.2057045,805.2263587,21.19016733,92.00670574,3825.845613,100.6801477,63.01441461,-7.640555333,-0.206501495,0.280695626,-7.640555333,-0.206501495,0.280695626,0,0,0,Zero,English,High,Medium,Low,Low
2899,26,21,6.4961,0.309338095,0.241253731,1.15234,0,0,3688.186176,12.37965392,130.1675819,259.9727324,12.37965392,93.97049868,1691.495884,80.54742306,58.38533726,-1.292246667,-0.064612333,0.318575262,-1.292246667,-0.064612333,0.318575262,0,0,0,Six,English,High,Medium,Low,Low
2899,27,27,6.29297,0.233072963,0.066692401,0.39453,1,0.037037037,3884.873032,18.38177853,121.0133601,496.3080204,18.38177853,81.2538378,2878.277823,106.6028823,64.87261203,-4.419792667,-0.169992026,0.252727503,-4.419792667,-0.169992026,0.252727503,0,0,0,Three,English,High,Medium,Low,Low
2899,28,31,6.98048,0.225176774,0.081071412,0.44238,1,0.032258065,5803.466583,16.68755512,176.7646258,517.3142087,16.68755512,91.11478048,3387.811594,109.284245,67.56643529,-9.000679333,-0.290344495,0.2258711,-9.000679333,-0.290344495,0.2258711,1,0.17297,0.17297,Three,English,High,Medium,Low,Low
2899,29,32,9.67968,0.30249,0.164050961,0.77734,1,0.03125,5094.482322,41.47914972,147.1324857,1327.332791,41.47914972,92.38127066,2920.810854,91.27533918,67.18750825,-3.151851333,-0.112566119,0.319574586,-3.151851333,-0.112566119,0.319574586,0,0,0,Three,English,High,Medium,Low,Low
2899,30,54,17.02054,0.315195185,0.150209751,0.79785,1,0.018518519,8338.117341,29.44672905,147.8214181,1590.123369,29.44672905,87.87052999,5219.126162,96.65048449,69.60084938,-12.03041933,-0.261530855,0.285887778,-12.03041933,-0.261530855,0.285887778,1,0.11074,0.11074,Zero,English,High,Medium,Low,Low
6673,1,80,24.84961,0.310620125,0.169010111,0.85718,5,0.0625,8144.365708,24.71505514,118.0401996,1977.204411,24.71505514,83.33023249,8630.585418,107.8823177,61.55177008,-2.26082,-0.031400278,0.172495263,-2.26082,-0.031400278,0.172495263,4,0.75097,0.1877425,Three,English,High,High,Medium,High
6673,2,43,10.68139,0.248404419,0.134310464,0.8374,7,0.162790698,5096.666872,-9.604011586,149.4323563,-412.9724982,-9.604011586,100.1111084,4288.745607,99.73826994,57.98319463,1.230636667,0.030015528,0.169865007,1.230636667,0.030015528,0.169865007,3,0.61191,0.20397,Six,English,High,High,Medium,High
6673,3,80,21.71925,0.271490625,0.133904592,0.66235,10,0.125,8295.421731,28.55282317,99.99645178,2284.225854,28.55282317,100.3072522,8049.367476,100.6170934,61.71133395,-3.690936667,-0.050560776,0.170075618,-3.690936667,-0.050560776,0.170075618,3,0.62474,0.208246667,Three,English,High,High,Medium,High
6673,4,48,17.83323,0.371525625,0.36359564,2.35767,5,0.104166667,6061.154351,46.11452356,105.0212377,2213.497131,46.11452356,94.34898496,4504.989776,93.85395366,59.09304296,2.2816,0.050702222,0.214860179,2.2816,0.050702222,0.214860179,1,0.18669,0.18669,Zero,English,High,High,Medium,High
6673,5,69,19.1572,0.27764058,0.159007489,0.97827,8,0.115942029,8784.261053,6.209868014,146.1961643,428.4808929,6.209868014,96.72986861,6390.36765,92.61402391,56.26901417,-0.22732,-0.003444242,0.154649543,-0.22732,-0.003444242,0.154649543,2,0.41166,0.20583,Three,English,High,High,Medium,High
6673,6,47,13.25295,0.28197766,0.10170687,0.54272,3,0.063829787,7330.870632,29.42123045,179.0476929,1382.797831,29.42123045,94.21680909,4784.628587,101.8006082,55.54385011,-0.989223333,-0.021047305,0.178274112,-0.989223333,-0.021047305,0.178274112,0,0,0,Three,English,High,High,Medium,High
6673,7,92,24.94557,0.2711475,0.131463046,0.72266,8,0.086956522,10604.89771,25.20916901,128.1163871,2319.243548,25.20916901,88.90500503,9986.446651,108.5483332,56.26055153,10.57268,0.121525057,0.162781696,10.57268,0.121525057,0.162781696,1,0.18433,0.18433,Six,English,High,High,Medium,High
6673,8,120,31.73783,0.264481917,0.140047746,0.99023,11,0.091666667,16355.29947,16.62556668,173.661726,1995.068002,16.62556668,93.25366499,11612.04479,96.76703996,63.39240986,3.23382,0.032664848,0.197253146,3.23382,0.032664848,0.197253146,4,0.33891,0.0847275,Three,English,High,High,Medium,High
6673,9,84,27.85795,0.331642262,0.176912455,0.91748,12,0.142857143,12429.97396,20.94034405,150.7421265,1758.9889,20.94034405,93.37978349,7827.058518,93.17926807,66.33015157,10.26546667,0.128318333,0.198025825,10.26546667,0.128318333,0.198025825,1,0.17502,0.17502,Zero,English,High,High,Medium,High
6673,10,109,32.32329,0.296543945,0.166181372,0.99756,19,0.174311927,10861.2448,20.06297272,121.9062399,2186.864027,20.06297272,94.00503166,11611.87234,106.5309389,58.57635461,25.82249333,0.250703819,0.15503419,25.82249333,0.250703819,0.15503419,6,0.97314,0.16219,Three,English,High,High,Medium,High
6673,11,76,23.00929,0.302753816,0.144823454,0.71729,3,0.039473684,8383.46295,14.0075415,129.1236698,1064.573154,14.0075415,91.7987997,7587.086229,99.83008196,62.99333178,-7.53542,-0.104658611,0.170352394,-7.53542,-0.104658611,0.170352394,1,0.20797,0.20797,Three,English,High,High,Medium,High
6673,12,147,43.24022,0.294151156,0.164462932,1.30029,23,0.156462585,18612.07066,16.09085655,131.8292417,2365.355913,16.09085655,94.59383347,15906.50772,108.2075355,62.23785514,7.93465,0.056274113,0.230160172,7.93465,0.056274113,0.230160172,2,0.35406,0.17703,Six,English,High,High,Medium,High
6673,13,237,69.47557,0.293145865,0.173474436,1.22559,38,0.160337553,30097.00439,23.76193897,126.0337823,5631.579536,23.76193897,97.70320879,23012.29372,97.09828573,64.10895894,1.869196667,0.008344628,0.196802199,1.869196667,0.008344628,0.196802199,3,0.50876,0.169586667,Three,English,High,High,Medium,High
6673,14,38,13.83006,0.363948947,0.208452699,1.08545,1,0.026315789,4801.75295,27.81888812,107.4127569,1057.117749,27.81888812,87.09053874,3808.090288,100.2129023,64.90888161,0.38999,0.010833056,0.223519532,0.38999,0.010833056,0.223519532,1,0.18894,0.18894,Zero,English,High,High,Medium,High
6673,15,194,54.40338,0.280429794,0.157007742,1.11865,33,0.170103093,25790.45092,18.81959522,148.5794378,3651.001472,18.81959522,97.91224356,19679.97014,101.4431451,62.26949915,8.290033333,0.045054529,0.531360274,8.290033333,0.045054529,0.531360274,6,0.95315,0.158858333,Three,English,High,High,Medium,High
6673,16,165,50.2896,0.304785455,0.176363082,1.104,14,0.084848485,20037.85822,5.127217537,146.2745956,845.9908936,5.127217537,96.49529834,16621.46253,100.7361365,61.69097723,14.08393667,0.08913884,0.910162151,14.08393667,0.08913884,0.910162151,4,0.72213,0.1805325,Three,English,High,High,Medium,High
6673,17,94,30.83447,0.328026277,0.192409439,1.06494,2,0.021276596,18142.94631,19.1684015,293.8019729,1801.829741,19.1684015,88.42386709,10041.20692,106.8213502,64.26914628,6.803396667,0.079109264,0.181358373,6.803396667,0.079109264,0.181358373,4,0.7335,0.183375,Six,English,High,High,Medium,High
6673,18,52,13.06836,0.251314615,0.164080622,0.99854,5,0.096153846,6651.148593,27.91513872,141.6289562,1451.587213,27.91513872,93.09513249,5441.834066,104.6506551,58.38882191,13.81255333,0.281888844,0.254259616,13.81255333,0.281888844,0.254259616,0,0,0,Three,English,High,High,Medium,High
6673,19,111,33.54205,0.302180631,0.159614451,0.88428,11,0.099099099,14831.83113,33.08743081,178.75144,3672.704819,33.08743081,93.75097132,10964.6745,98.78085137,62.35854522,9.545046667,0.091779295,0.229102722,9.545046667,0.091779295,0.229102722,6,0.8898,0.1483,Zero,English,High,High,Medium,High
6673,20,161,53.59088,0.332862609,0.210197432,1.94629,20,0.124223602,18011.36335,11.12078339,133.5239118,1790.446125,11.12078339,92.26664441,16574.56158,102.9475874,63.15805821,-6.5322,-0.042694118,0.160972989,-6.5322,-0.042694118,0.160972989,6,1.16883,0.194805,Three,English,High,High,Medium,High
6673,21,42,11.20361,0.266752619,0.163451692,1.0376,0,0,5973.403775,42.19984178,155.6430665,1772.393355,42.19984178,87.27030008,4433.464995,105.5586904,58.6178321,1.79005,0.045898718,0.218958824,1.79005,0.045898718,0.218958824,1,0.17122,0.17122,Three,English,High,High,Medium,High
6673,22,43,12.89257,0.299827209,0.151081207,0.82324,2,0.046511628,5433.865612,36.10242415,124.6829828,1552.404239,36.10242415,105.6055294,5016.051387,116.6523578,54.36317607,3.19741,0.07612881,0.209219289,3.19741,0.07612881,0.209219289,3,0.51986,0.173286667,Six,English,High,High,Medium,High
6673,23,34,8.52201,0.250647353,0.132664838,0.67139,2,0.058823529,3531.637458,40.12481587,127.7358972,1364.243739,40.12481587,78.97385395,3551.068141,104.4431806,56.39639061,3.80238,0.115223636,0.147746434,3.80238,0.115223636,0.147746434,1,0.12964,0.12964,Three,English,High,High,Medium,High
6673,24,120,30.26174,0.252181167,0.131428721,0.97168,8,0.066666667,11225.84563,10.70732172,100.2514297,1284.878606,10.70732172,94.19903511,12199.62845,101.6635704,56.97266855,3.9287,0.034462281,0.211009848,3.9287,0.034462281,0.211009848,2,0.32732,0.16366,Zero,English,High,High,Medium,High
6673,25,73,20.70114,0.28357726,0.144211355,0.68994,3,0.04109589,7296.879616,34.89240386,92.57591888,2547.145482,34.89240386,86.60604136,7454.623608,102.1181316,60.08973503,1.904896667,0.026829531,0.175004756,1.904896667,0.026829531,0.175004756,2,0.33077,0.165385,Three,English,High,High,Medium,High
6673,26,76,22.56344,0.296887368,0.187228524,1.08496,6,0.078947368,10002.46613,19.28667834,155.5505196,1465.787554,19.28667834,100.3966876,8137.876742,107.0773255,57.73867927,-0.50009,-0.006945694,0.198284694,-0.50009,-0.006945694,0.198284694,3,0.52916,0.176386667,Three,English,High,High,Medium,High
6673,27,86,23.53276,0.273636744,0.131199097,0.8042,8,0.093023256,10891.39235,38.54813749,153.6242496,3315.139824,38.54813749,96.35038584,9144.345224,106.3295956,59.93324853,6.053636667,0.075670458,0.150199634,6.053636667,0.075670458,0.150199634,5,0.91493,0.182986,Six,English,High,High,Medium,High
6673,28,29,7.73341,0.26666931,0.145401769,0.68311,2,0.068965517,2926.172037,40.5599022,114.7202018,1176.237164,40.5599022,77.98506658,2709.956022,93.44675939,48.02862918,3.813443333,0.136194405,0.175310253,3.813443333,0.136194405,0.175310253,1,0.16274,0.16274,Three,English,High,High,Medium,High
6673,29,61,15.14696,0.24831082,0.12112739,0.60352,3,0.049180328,7116.432459,24.85665657,105.8659458,1516.256051,24.85665657,86.51146322,6302.362931,103.3174251,58.36640808,0.08781,0.001540526,0.202826566,0.08781,0.001540526,0.202826566,1,0.16303,0.16303,Zero,English,High,High,Medium,High
6673,30,57,16.0991,0.282440351,0.145136955,0.69629,1,0.01754386,7394.128825,51.19387915,118.2487461,2918.051112,51.19387915,85.85345188,5055.900257,88.70000451,64.1987428,-2.53099,-0.046870185,0.195132038,-2.53099,-0.046870185,0.195132038,2,0.36272,0.18136,Three,English,High,High,Medium,High
7734,1,150,31.04542,0.206969467,0.093407332,0.5957,11,0.073333333,16375.30064,21.59027844,119.3280487,3238.541766,21.59027844,87.43415267,15900.61261,106.0040841,54.79299821,-48.07610227,-0.331559326,0.213128883,-48.07610227,-0.331559326,0.213128883,6,0.56148,0.09358,Six,English,High,High,Medium,Medium
7734,2,147,30.95805,0.21059898,0.096137098,0.61621,24,0.163265306,14431.44613,13.37009853,119.8396738,1965.404484,13.37009853,91.21966955,13995.61857,95.20828959,59.86189602,-36.64835773,-0.259917431,0.20706282,-36.64835773,-0.259917431,0.20706282,4,0.41492,0.10373,Three,English,High,High,Medium,Medium
7734,3,164,34.68455,0.211491159,0.095098058,0.56641,18,0.109756098,19262.14591,12.23477143,227.7452622,2006.502514,12.23477143,88.74889964,15861.98988,96.7194505,59.35757257,-22.87476,-0.148537403,0.213953188,-22.87476,-0.148537403,0.213953188,7,0.69215,0.098878571,Three,English,High,High,Medium,Medium
7734,4,154,35.87507,0.232955,0.12123768,0.75098,24,0.155844156,17876.33523,7.376426493,247.3967036,1135.96968,7.376426493,89.86120719,16961.83811,110.1418059,52.56884501,-20.39576955,-0.138746732,0.197065783,-20.39576955,-0.138746732,0.197065783,5,0.56176,0.112352,Three,English,High,High,Medium,Medium
7734,5,100,24.23923,0.2423923,0.119931775,0.75195,12,0.12,11915.99443,22.05657151,154.7040353,2205.657151,22.05657151,92.30845846,10769.16865,107.6916865,55.37754722,-6.448131818,-0.068597147,0.183469047,-6.448131818,-0.068597147,0.183469047,2,0.23251,0.116255,Zero,English,High,High,Medium,Medium
7734,6,87,17.52149,0.201396437,0.090611447,0.46875,7,0.08045977,9333.482541,19.79309448,129.3626711,1721.99922,19.79309448,92.75346983,8464.379679,97.29172045,53.42525328,1.372615909,0.016148422,0.188736861,1.372615909,0.016148422,0.188736861,3,0.37137,0.12379,Six,English,High,High,Medium,Medium
7734,7,104,22.9346,0.220525,0.11200151,0.84375,13,0.125,12477.0395,19.2471195,177.8149693,2001.700428,19.2471195,95.56268529,9409.902127,90.47982814,63.55367234,-9.610400909,-0.094219617,0.262625922,-9.610400909,-0.094219617,0.262625922,3,0.27333,0.09111,Three,English,High,High,Medium,Medium
7734,8,106,22.1876,0.209316981,0.101108184,0.58301,9,0.08490566,10167.41486,22.18353774,112.9665839,2351.455001,22.18353774,82.35319208,11280.86018,106.4232093,58.811009,-14.86236364,-0.148623636,0.193590484,-14.86236364,-0.148623636,0.193590484,5,0.49435,0.09887,Three,English,High,High,Medium,Medium
7734,9,126,26.81152,0.212789841,0.120168107,0.75098,9,0.071428571,12170.36552,10.87731548,102.4843517,1370.54175,10.87731548,82.09888579,13532.92056,107.4041314,54.51522577,0.964693636,0.008039114,0.193299162,0.964693636,0.008039114,0.193299162,4,0.41171,0.1029275,Three,English,High,High,Medium,Medium
7734,10,113,24.60251,0.217721327,0.09828069,0.62305,12,0.10619469,10870.25326,20.24983434,125.964672,2288.231281,20.24983434,92.437551,11047.28321,97.7635682,55.19254485,-12.61646273,-0.116819099,0.213927662,-12.61646273,-0.116819099,0.213927662,1,0.11356,0.11356,Zero,English,High,High,Medium,Medium
7734,11,112,21.03223,0.187787768,0.077643384,0.52344,9,0.080357143,12733.78848,12.249327,144.7749336,1371.924624,12.249327,88.76749749,12167.91049,108.642058,54.83258052,-11.59124682,-0.110392827,0.2137761,-11.59124682,-0.110392827,0.2137761,4,0.39682,0.099205,Six,English,High,High,Medium,Medium
7734,12,118,24.73636,0.209630169,0.123499543,0.90527,18,0.152542373,11086.60356,9.160267349,116.1867764,1080.911547,9.160267349,91.02627316,11773.74455,99.77749619,55.49015062,5.138988636,0.047146685,0.220301944,5.138988636,0.047146685,0.220301944,4,0.46426,0.116065,Three,English,High,High,Medium,Medium
7734,13,89,18.2217,0.204738202,0.098427293,0.53516,10,0.112359551,11091.7788,36.46248848,146.7200923,3245.161475,36.46248848,94.20703693,9024.481723,101.398671,63.18190487,-0.616661364,-0.007088062,0.219066204,-0.616661364,-0.007088062,0.219066204,2,0.18986,0.09493,Three,English,High,High,Medium,Medium
7734,14,178,37.21286,0.209061011,0.113182132,1.00488,20,0.112359551,19654.22004,14.67826266,137.2262276,2612.730754,14.67826266,91.30510234,17815.04312,100.0845119,53.56791838,5.369080455,0.031769707,0.188596188,5.369080455,0.031769707,0.188596188,3,0.27232,0.090773333,Three,English,High,High,Medium,Medium
7734,15,111,26.54106,0.239108649,0.144192242,1.01758,8,0.072072072,10595.1487,16.64645946,99.29431116,1847.757,16.64645946,92.82930985,11316.29943,101.9486435,57.38593985,-5.091176818,-0.048487398,0.208342215,-5.091176818,-0.048487398,0.208342215,3,0.42069,0.14023,Zero,English,High,High,Medium,Medium
7734,16,47,10.68846,0.227414043,0.087960409,0.50879,3,0.063829787,6436.024192,18.55060994,166.1639405,871.8786672,18.55060994,79.8786977,4648.034943,98.89436049,56.6123717,3.556682727,0.07731919,0.205005595,3.556682727,0.07731919,0.205005595,1,0.08482,0.08482,Six,English,High,High,Medium,Medium
7734,17,68,13.43552,0.197581176,0.078768903,0.48242,4,0.058823529,8109.128531,5.155517089,191.6836062,350.5751621,5.155517089,91.08932436,7034.523415,103.4488738,54.90446131,12.22088,0.185164848,0.296881586,12.22088,0.185164848,0.296881586,0,0,0,Three,English,High,High,Medium,Medium
7734,18,152,32.96091,0.216848092,0.111542575,0.74316,17,0.111842105,16573.39916,7.954606929,127.1205442,1209.100253,7.954606929,96.8899796,15354.60612,101.0171456,57.91295607,1.118730455,0.007610411,0.218186598,1.118730455,0.007610411,0.218186598,1,0.13319,0.13319,Three,English,High,High,Medium,Medium
7734,19,65,14.63576,0.225165538,0.110871129,0.63086,4,0.061538462,7295.640079,23.2001152,123.3220945,1508.007488,23.2001152,91.10906476,6593.89936,101.4446055,59.95688138,3.221787273,0.050340426,0.229781148,3.221787273,0.050340426,0.229781148,1,0.12711,0.12711,Three,English,High,High,Medium,Medium
7734,20,111,23.40138,0.210823243,0.116110418,0.72168,8,0.072072072,11489.73099,23.05892087,136.0517347,2559.540216,23.05892087,87.32840315,11113.31604,100.1199643,58.0180007,8.478584545,0.079986647,0.211101,8.478584545,0.079986647,0.211101,3,0.26806,0.089353333,Zero,English,High,High,Medium,Medium
7734,21,117,23.06252,0.197115556,0.086410814,0.52246,12,0.102564103,16291.38633,33.1656932,208.5750529,3880.386104,33.1656932,93.6601027,11508.52318,98.36344599,55.05033445,29.21796,0.265617818,0.270840378,29.21796,0.265617818,0.270840378,5,0.52979,0.105958,Six,English,High,High,Medium,Medium
7734,22,173,37.2149,0.215115029,0.102637728,0.68457,20,0.115606936,18197.53638,14.46150384,186.0733508,2501.840164,14.46150384,97.53113399,17496.67368,101.1368421,56.66076187,36.77020773,0.220180885,0.246227198,36.77020773,0.220180885,0.246227198,3,0.37184,0.123946667,Three,English,High,High,Medium,Medium
7734,23,86,17.3028,0.201195349,0.089698512,0.47461,9,0.104651163,7382.535778,26.88369659,77.61108054,2311.997907,26.88369659,89.70998789,8823.724216,102.6014444,53.82194007,13.72266318,0.165333291,0.246057406,13.72266318,0.165333291,0.246057406,3,0.37232,0.124106667,Three,English,High,High,Medium,Medium
7734,24,141,30.23048,0.214400567,0.086872759,0.50195,11,0.078014184,16545.78935,14.92763386,264.8188955,2104.796374,14.92763386,89.96322602,15059.34301,106.8038512,58.18540983,12.27107273,0.09157517,0.23593039,12.27107273,0.09157517,0.23593039,1,0.15013,0.15013,Three,English,High,High,Medium,Medium
7734,25,99,22.68365,0.229127778,0.098444561,0.50781,13,0.131313131,11972.61641,18.64098916,204.2003663,1845.457927,18.64098916,87.90582528,10432.14568,105.3752089,56.73529554,11.55417091,0.120355947,0.282800903,11.55417091,0.120355947,0.282800903,2,0.26091,0.130455,Zero,English,High,High,Medium,Medium
7734,26,134,29.22856,0.218123582,0.100471766,0.62891,17,0.126865672,13210.08932,20.00930354,100.8427491,2681.246674,20.00930354,82.26266663,13285.07431,99.14234558,54.96091741,14.87968318,0.11716286,0.204283586,14.87968318,0.11716286,0.204283586,3,0.34593,0.11531,Six,English,High,High,Medium,Medium
7734,27,58,12.88671,0.222184655,0.075789063,0.39453,3,0.051724138,6372.418024,28.44629224,115.5900859,1649.88495,28.44629224,87.44239734,6231.407289,107.4380567,59.82471692,12.41652773,0.21783382,0.3003705,12.41652773,0.21783382,0.3003705,2,0.15179,0.075895,Three,English,High,High,Medium,Medium
7734,28,56,11.24513,0.200805893,0.09336232,0.47559,2,0.035714286,4946.885015,27.09237752,80.83365647,1517.173141,27.09237752,83.02063358,5176.053546,92.42952761,61.58111349,7.634662273,0.144050232,0.218108708,7.634662273,0.144050232,0.218108708,0,0,0,Three,English,High,High,Medium,Medium
7734,29,83,16.06153,0.19351241,0.082518921,0.44824,7,0.084337349,7359.467801,19.55670268,82.36324478,1623.206323,19.55670268,96.14757694,8916.577739,107.4286475,50.4130468,28.12185773,0.355972883,0.242219874,28.12185773,0.355972883,0.242219874,2,0.15709,0.078545,Three,English,High,High,Medium,Medium
7734,30,64,13.41408,0.209595,0.076985941,0.39551,6,0.09375,6755.573178,22.72412355,134.7673542,1454.343907,22.72412355,93.61351545,5052.746141,78.94915845,54.94494417,11.34112318,0.185920052,0.219180242,11.34112318,0.185920052,0.219180242,2,0.21985,0.109925,Zero,English,High,High,Medium,Medium
6515,1,335,31.46655,0.09393,0.064916382,0.61865,42,0.125373134,81618.25764,8.083716383,445.6322944,2708.044988,8.083716383,97.5044052,31153.22914,92.99471385,55.31903635,31.3045909,0.097826847,0.47641767,31.3045909,0.097826847,0.47641767,27,3.47716,0.128783704,Three,Both,Medium,Medium,Medium,Medium
6515,2,264,23.01314,0.087170985,0.050512938,0.32007,39,0.147727273,63236.49159,-3.627923995,438.9143913,-957.7719345,-3.627923995,103.3213172,23884.7236,90.47243788,56.59322496,51.72124701,0.206060745,0.475322727,51.72124701,0.206060745,0.475322727,10,3.70584,0.370584,Zero,Both,Medium,Medium,Medium,Medium
6515,3,288,24.39779,0.084714549,0.049180327,0.28735,39,0.135416667,56235.28386,18.94521791,254.3084086,5456.222758,18.94521791,99.03383772,27019.09058,93.81628674,55.07295411,86.74223224,0.328569062,0.358134292,86.74223224,0.328569062,0.358134292,6,1.20239,0.200398333,Three,Both,Medium,Medium,Medium,Medium
6515,4,142,13.73053,0.096693873,0.056816865,0.33032,11,0.077464789,21420.84371,28.39354148,193.9976294,4031.882891,28.39354148,92.48725998,12810.1703,90.21246687,53.19127827,45.81434776,0.331988027,0.354285894,45.81434776,0.331988027,0.354285894,8,1.89188,0.236485,Three,Both,Medium,Medium,Medium,Medium
6515,5,224,20.718,0.092491071,0.049929337,0.3252,24,0.107142857,37762.2916,25.3446228,205.2416868,5677.195507,25.3446228,92.42646029,23761.86213,106.0797416,54.88396864,61.24465104,0.282233415,0.319302812,61.24465104,0.282233415,0.319302812,13,1.45843,0.112186923,Six,Both,Medium,Medium,Medium,Medium
6515,6,200,17.60421,0.08802105,0.0505228,0.3833,19,0.095,28388.05692,8.436468647,177.9090611,1687.293729,8.436468647,102.826343,18656.60718,93.2830359,53.39281766,64.67701866,0.340405361,0.330995645,64.67701866,0.340405361,0.330995645,18,4.34214,0.24123,Three,Both,Medium,Medium,Medium,Medium
6515,7,204,18.44458,0.090414608,0.044640607,0.29321,32,0.156862745,23543.98285,8.925748867,157.6382413,1820.852769,8.925748867,96.43155833,16824.67944,82.47391883,53.45638605,3.333973134,0.018318534,0.354242432,3.333973134,0.018318534,0.354242432,12,4.08211,0.340175833,Zero,Both,Medium,Medium,Medium,Medium
6515,8,101,8.532,0.084475248,0.035442327,0.22021,10,0.099009901,10329.53306,1.418448321,86.943152,143.2632805,1.418448321,92.37661023,8820.618228,87.33285374,51.55960058,1.722506866,0.02002915,0.337168925,1.722506866,0.02002915,0.337168925,35,13.29904,0.379972571,Three,Both,Medium,Medium,Medium,Medium
6515,9,139,11.83621,0.08515259,0.044841014,0.26318,12,0.086330935,16209.51531,0.046196693,156.3217414,6.421340323,0.046196693,95.87765857,12407.57564,89.26313412,54.89990993,2.208403433,0.020076395,0.294234671,2.208403433,0.020076395,0.294234671,37,8.05652,0.217743784,Three,Both,Medium,Medium,Medium,Medium
6515,10,137,9.3628,0.068341606,0.02918521,0.19897,17,0.124087591,13931.57804,4.473935604,90.63578463,612.9291778,4.473935604,95.38090466,11073.44134,80.82803896,52.7386062,-3.462540448,-0.03206056,0.303948843,-3.462540448,-0.03206056,0.303948843,37,8.98117,0.242734324,Six,Both,Medium,Medium,Medium,Medium
6515,11,9,0.55104,0.061226667,0.032798686,0.12769,0,0,2773.666709,44.79264689,402.3463304,403.133822,44.79264689,75.25991695,631.4795726,70.16439696,62.54557898,1.360909701,0.27218194,0.233171616,1.360909701,0.27218194,0.233171616,2,0.73422,0.36711,Three,Both,Medium,Medium,Medium,Medium
6515,12,11,0.69312,0.063010909,0.033211214,0.13477,1,0.090909091,2313.354807,77.79448131,164.0461345,855.7392944,77.79448131,59.62261549,639.5647584,58.14225077,61.77730402,-1.700102537,-0.188900282,0.485547512,-1.700102537,-0.188900282,0.485547512,0,0,0,Zero,Both,Medium,Medium,Medium,Medium
6515,13,0,0,0,0,0,0,0,0,0,0,0,0,0,0,0,0,0,0,0,0,0,0,0,0,0,Three,Both,Medium,Medium,Medium,Medium
6515,14,0,0,0,0,0,0,0,0,0,0,0,0,0,0,0,0,0,0,0,0,0,0,0,0,0,Three,Both,Medium,Medium,Medium,Medium
6515,15,13,0.96046,0.073881538,0.03054374,0.16333,1,0.076923077,2001.331065,28.89814191,231.846054,375.6758448,28.89814191,111.5573335,1450.947157,111.6113197,50.90534287,2.508249403,0.25082494,1.486020162,2.508249403,0.25082494,1.486020162,0,0,0,Six,Both,Medium,Medium,Medium,Medium
6515,16,67,6.14944,0.091782687,0.064754364,0.43262,4,0.059701493,15798.49459,0.209724341,477.6509169,14.05153084,0.209724341,92.69231209,6517.890423,97.28194661,57.40353025,9.923992239,0.157523686,0.392987493,9.923992239,0.157523686,0.392987493,1,0.17523,0.17523,Three,Both,Medium,Medium,Medium,Medium
6515,17,171,16.90507,0.098860058,0.058117079,0.31958,17,0.099415205,26862.45869,8.816308938,296.3911155,1507.588828,8.816308938,102.8864448,14707.8325,86.0107164,52.92294718,105.8937504,0.66183594,0.547775159,105.8937504,0.66183594,0.547775159,7,0.67925,0.097035714,Zero,Both,Medium,Medium,Medium,Medium
6515,18,115,10.20286,0.088720522,0.048076979,0.33838,10,0.086956522,17385.08565,-16.27223203,270.8795094,-1871.306683,-16.27223203,96.39951814,10391.23647,90.35857803,55.5917751,50.0910994,0.650533758,0.610216013,50.0910994,0.650533758,0.610216013,2,0.60124,0.30062,Three,Both,Medium,Medium,Medium,Medium
6515,19,1,0.03857,0.03857,0,0.03857,0,0,557.3340701,43.22123868,0,43.22123868,43.22123868,0,159.0121771,159.0121771,0,0.32940194,0.32940194,0,0.32940194,0.32940194,0,1,0.28745,0.28745,Three,Both,Medium,Medium,Medium,Medium
6515,20,0,0,0,0,0,0,0,0,0,0,0,0,0,0,0,0,0,0,0,0,0,0,0,0,0,Six,Both,Medium,Medium,Medium,Medium
6515,21,0,0,0,0,0,0,0,0,0,0,0,0,0,0,0,0,0,0,0,0,0,0,0,0,0,Three,Both,Medium,Medium,Medium,Medium
6515,22,0,0,0,0,0,0,0,0,0,0,0,0,0,0,0,0,0,0,0,0,0,0,0,0,0,Zero,Both,Medium,Medium,Medium,Medium
6515,23,2,0.04932,0.02466,0.00366,0.02832,0,0,864.2480018,124.2785627,225.7407625,248.5571254,124.2785627,2.336177868,268.1393093,134.0696547,41.25798959,2.45865194,2.45865194,0,2.45865194,2.45865194,0,0,0,0,Three,Both,Medium,Medium,Medium,Medium
6515,24,16,0.87696,0.05481,0.026823661,0.12744,0,0,8456.768944,10.10078986,439.4189455,161.6126378,10.10078986,88.48349478,1396.538552,87.28365948,58.77533514,6.080365522,0.76004569,0.736609008,6.080365522,0.76004569,0.736609008,0,0,0,Three,Both,Medium,Medium,Medium,Medium
6515,25,78,4.9048,0.062882051,0.024049848,0.13525,2,0.025641026,22436.10539,2.786978455,436.9751784,217.3843195,2.786978455,97.83322031,7497.924211,96.12723348,57.7461424,28.63306925,0.622458027,0.607999631,28.63306925,0.622458027,0.607999631,6,1.53832,0.256386667,Six,Both,Medium,Medium,Medium,Medium
6515,26,159,14.84862,0.093387547,0.068694764,0.5293,17,0.106918239,22008.55439,-0.425106217,197.6132898,-67.59188856,-0.425106217,105.2235951,14518.65208,91.31227723,55.86263854,36.43764119,0.775268962,0.757736117,36.43764119,0.775268962,0.757736117,24,7.54274,0.314280833,Three,Both,Medium,Medium,Medium,Medium
6515,27,97,6.8101,0.070207216,0.035635054,0.26758,5,0.051546392,16574.05076,12.6664115,468.5457841,1228.641916,12.6664115,91.52751551,8802.032043,90.74259838,59.32001151,-4.622477015,-0.055029488,0.248029626,-4.622477015,-0.055029488,0.248029626,4,1.07811,0.2695275,Zero,Both,Medium,Medium,Medium,Medium
6515,28,106,7.79592,0.073546415,0.031697324,0.20117,8,0.075471698,10681.32468,4.906605654,102.7276927,520.1001993,4.906605654,94.82427291,8243.84092,77.77208415,52.53642309,1.07260403,0.01072604,0.318971103,1.07260403,0.01072604,0.318971103,1,0.14465,0.14465,Three,Both,Medium,Medium,Medium,Medium
6515,29,120,8.79395,0.073282917,0.030939029,0.20801,10,0.083333333,18480.58003,0.993374348,269.2576158,119.2049217,0.993374348,92.44716995,10392.58754,86.60489617,56.53243579,4.634555672,0.043722223,0.286025939,4.634555672,0.043722223,0.286025939,13,2.93345,0.22565,Three,Both,Medium,Medium,Medium,Medium
6515,30,96,6.52643,0.067983646,0.027445576,0.1665,12,0.125,12549.29379,11.92346261,174.9112722,1144.65241,11.92346261,98.38684867,8041.426239,83.76485666,54.21416945,-1.575331194,-0.018107255,0.279429731,-1.575331194,-0.018107255,0.279429731,13,6.00574,0.46198,Six,Both,Medium,Medium,Medium,Medium