userID,Page,Total_Fixation_Count,Total_Fixation_Duration,Average_Fixation_Duration,Fixation_Duration_SD,Longest_Fixation_Duration,Total_Refixation_Count,Refixation_Ratio,Total_Saccade_Length,Average_Saccade_Length,Saccade_Length_SD,Total_Saccade_Absolute_Angle,Average_Saccade_Absolute_Angle,Saccade_Absolute_Angle_SD,Total_Saccade_Relative_Angle,Average_Saccade_Relative_Angle,Saccade_Relative_Angle_SD,Total_Left_Eye_Difference,Average_Left_Eye_Difference,Left_Eye_Difference_SD,Total_Right_Eye_Difference,Average_Right_Eye_Difference,Right_Eye_Difference_SD,Blink_Count,Total_Blink_Duration,Average_Blink_Duration,Number of English AOIs,L1,Eng Prof (Self),Eng Prof (Test),Chinese/Spanish Prof (Self),Chinese/Spanish Prof (Test)
2899,2,55,17.303729999999998,0.31461327272727274,0.1833300377615542,1.02441,3,0.054545454545454536,6806.010465751382,31.61668205230455,130.44785886368552,1738.9175128767504,31.61668205230455,90.77611637068267,5605.642368318778,101.92077033306869,60.75164044351586,-8.168334000000018,-0.15126544444444473,0.2469038646729373,-8.168334000000018,-0.15126544444444473,0.2469038646729373,0,0.0,0.0,3,English,High,Medium,Low,Low
2899,3,55,15.018559999999995,0.27306472727272724,0.15885970357925655,0.9101600000000001,4,0.07272727272727272,7430.145726747053,19.831532478012626,138.03384515979567,1090.7342862906944,19.831532478012626,92.8198844967548,5755.988398154615,104.65433451190208,64.32565734334366,-11.78882333333334,-0.21434224242424246,0.2148337417958747,-11.78882333333334,-0.21434224242424246,0.2148337417958747,0,0.0,0.0,3,English,High,Medium,Low,Low
2899,4,102,35.37598000000001,0.3468233333333335,0.2448723886560994,1.4668,10,0.09803921568627452,13339.306811398279,2.2371544348365724,153.9489381986663,228.18975235333042,2.2371544348365724,91.1254407078503,10219.4048943552,100.19024406230592,66.94534883155397,-17.19728466666668,-0.17548249659863954,0.2912815479937491,-17.19728466666668,-0.17548249659863954,0.2912815479937491,1,0.10296,0.10296,3,English,High,Medium,Low,Low
2899,5,36,11.66014,0.3238927777777778,0.16678423547624355,0.83691,1,0.027777777777777776,5696.583350612311,34.060421758389175,159.01947528056238,1226.1751833020098,34.060421758389175,91.88466120924973,3576.099921158809,99.33610892107805,67.11682695039147,-1.8357466666666744,-0.052449904761904975,0.3612571242423279,-1.8357466666666744,-0.052449904761904975,0.3612571242423279,0,0.0,0.0,0,English,High,Medium,Low,Low
2899,7,44,11.01954,0.2504440909090909,0.14408906619483947,0.75684,1,0.022727272727272728,7037.739863367379,22.57191525945186,159.26661111770076,993.164271415882,22.57191525945186,89.66919970189909,4818.930653044333,109.521151205553,57.14256747925372,6.2464553333333335,0.16438040350877192,0.5135047577163224,6.2464553333333335,0.16438040350877192,0.5135047577163224,1,0.013030000000000002,0.013030000000000002,3,English,High,Medium,Low,Low
2899,8,65,17.705079999999988,0.27238584615384603,0.10522914471822993,0.6835899999999999,3,0.04615384615384616,10901.38923077336,20.814482661168963,163.67831010950704,1352.9413729759822,20.814482661168963,93.57137285917071,6885.001503573882,105.9231000549828,65.88189581174531,-18.095439333333346,-0.2966465464480876,0.23056656789563915,-18.095439333333346,-0.2966465464480876,0.23056656789563915,1,0.07864,0.07864,3,English,High,Medium,Low,Low
2899,9,30,8.79686,0.2932286666666667,0.14690773251110906,0.7441399999999999,3,0.1,5661.598741190336,17.325209734603412,285.96542103973024,519.7562920381023,17.325209734603412,103.72621943170314,3238.942407548369,107.96474691827898,56.790980694046745,-2.636461333333339,-0.09415933333333353,0.2887025116182198,-2.636461333333339,-0.09415933333333353,0.2887025116182198,0,0.0,0.0,3,English,High,Medium,Low,Low
2899,10,89,28.97464,0.32555775280898874,0.17092231675745753,1.30664,12,0.1348314606741573,13393.63340624872,19.85607657481032,165.96953261613896,1767.1908151581185,19.85607657481032,97.30487839029236,9118.706025583017,102.45737107396648,62.17123321205067,-24.394642666666694,-0.2836586356589151,0.2686670841457261,-24.394642666666694,-0.2836586356589151,0.2686670841457261,1,0.13514,0.13514,0,English,High,Medium,Low,Low
2899,12,72,25.895530000000008,0.359660138888889,0.21454589439411234,1.21973,5,0.06944444444444445,11912.320969575583,7.396782938017675,182.94053172382016,532.5683715372727,7.396782938017675,95.8101871482538,6704.972740642917,93.12462139781832,67.3357579997874,-17.014563333333346,-0.24306519047619066,0.21639478063795095,-17.014563333333346,-0.24306519047619066,0.21639478063795095,0,0.0,0.0,3,English,High,Medium,Low,Low
2899,13,24,7.268589999999999,0.3028579166666666,0.1752152804642327,0.8720700000000001,1,0.04166666666666666,3690.625701911345,34.24165307068707,100.77683068448015,821.7996736964897,34.24165307068707,105.48500751132629,2434.377435948693,101.43239316452886,55.88509350303221,-4.788224666666669,-0.2081836811594204,0.28612482390791044,-4.788224666666669,-0.2081836811594204,0.28612482390791044,0,0.0,0.0,3,English,High,Medium,Low,Low
2899,14,21,5.95311,0.2834814285714285,0.1029308655307608,0.50879,1,0.047619047619047616,4207.028505892125,31.16911357945923,225.3873032884541,654.5513851686437,31.16911357945923,89.06972475523068,2101.2795778007417,100.0609322762258,67.63800478793709,-4.437116000000004,-0.21129123809523828,0.34964967239884104,-4.437116000000004,-0.21129123809523828,0.34964967239884104,0,0.0,0.0,3,English,High,Medium,Low,Low
2899,15,57,15.052700000000005,0.2640824561403509,0.11952785027121758,0.69043,5,0.08771929824561403,6827.631459835111,20.52028043567157,116.75066719338552,1169.6559848332795,20.52028043567157,96.85528802319124,6045.2524183511,106.05705997107194,65.26276670435563,-1.8222820000000093,-0.03196985964912297,0.2776381928834982,-1.8222820000000093,-0.03196985964912297,0.2776381928834982,1,0.19275,0.19275,0,English,High,Medium,Low,Low
2899,17,47,13.40821,0.2852810638297872,0.20648588308074287,1.51367,2,0.0425531914893617,6638.9493043897255,18.31233468034064,133.45236525223817,860.67972997601,18.31233468034064,83.32476792716456,4468.336457265471,95.07098845245683,60.46818194400871,-7.848430666666678,-0.17837342424242447,0.2731650923631052,-7.848430666666678,-0.17837342424242447,0.2731650923631052,0,0.0,0.0,3,English,High,Medium,Low,Low
2899,18,52,14.457029999999996,0.2780198076923076,0.181338806005291,1.17285,1,0.019230769230769232,8001.703397976795,28.687942711809626,152.08796945538882,1491.7730210141006,28.687942711809626,97.12875709734513,5674.781258013354,109.13040880794914,59.54289374698131,-11.916606000000012,-0.2336589411764708,0.28593733614444977,-11.916606000000012,-0.2336589411764708,0.28593733614444977,1,0.06917000000000001,0.06917000000000001,3,English,High,Medium,Low,Low
2899,19,30,9.29884,0.30996133333333337,0.2435777758298614,1.12012,1,0.03333333333333333,5171.0772036162925,16.641556248230255,173.3420590546061,499.24668744690763,16.641556248230255,89.87203867599042,2962.7380728594885,98.75793576198295,51.28855046568593,-2.108567333333337,-0.11097722807017564,0.4057357722156155,-2.108567333333337,-0.11097722807017564,0.4057357722156155,2,0.11823,0.059115,3,English,High,Medium,Low,Low
2899,20,35,9.584,0.2738285714285715,0.12154762984450306,0.62988,2,0.057142857142857134,5850.0694070267655,20.063892163352584,195.14378004496575,702.2362257173405,20.063892163352584,93.77262052756664,3746.9371979054345,107.05534851158384,63.0176123707609,0.0,0.0,0.0,0.0,0.0,0.0,1,0.08345,0.08345,0,English,High,Medium,Low,Low
2899,22,46,11.09373,0.24116804347826085,0.12654447591776755,0.69824,2,0.043478260869565216,5157.119982296164,18.258471513564235,114.28708835122744,839.8896896239547,18.258471513564235,99.6919585854516,4710.56973048864,102.4036897932313,60.408305517584296,0.0,0.0,0.0,0.0,0.0,0.0,1,0.12655,0.12655,3,English,High,Medium,Low,Low
2899,23,25,6.8916,0.275664,0.1313617502928459,0.61719,0,0.0,2622.528947087547,18.22950854640712,85.52305446754704,455.737713660178,18.22950854640712,84.1252192195948,2370.9892038240296,94.83956815296119,60.28825844883369,-2.3928660000000046,-0.1139460000000002,0.26926030474872936,-2.3928660000000046,-0.1139460000000002,0.26926030474872936,0,0.0,0.0,3,English,High,Medium,Low,Low
2899,24,72,20.029329999999998,0.2781851388888889,0.14832677069745792,0.7373,9,0.125,10047.940820075752,13.819459613464339,121.11901665699804,995.0010921694324,13.819459613464339,91.95676481576248,6718.460247791911,93.31194788599876,62.93659548608392,-11.53714533333335,-0.17219619900497535,0.2981836144260536,-11.53714533333335,-0.17219619900497535,0.2981836144260536,2,0.33674,0.16837,3,English,High,Medium,Low,Low
2899,25,38,12.264649999999996,0.3227539473684209,0.20281124323317654,1.05469,1,0.02631578947368421,5180.839985266013,21.190167333581947,122.205704499523,805.2263586761137,21.190167333581947,92.00670573523806,3825.8456133472905,100.68014771966554,63.014414613781106,-7.6405553333333405,-0.20650149549549568,0.2806956263299443,-7.6405553333333405,-0.20650149549549568,0.2806956263299443,0,0.0,0.0,0,English,High,Medium,Low,Low
2899,27,27,6.292970000000001,0.233072962962963,0.0666924006895791,0.39453,1,0.037037037037037035,3884.8730321655767,18.38177853489164,121.01336010870232,496.3080204420742,18.38177853489164,81.25383780383757,2878.277823055912,106.60288233540415,64.87261203396694,-4.41979266666667,-0.16999202564102575,0.2527275034887864,-4.41979266666667,-0.16999202564102575,0.2527275034887864,0,0.0,0.0,3,English,High,Medium,Low,Low
2899,28,31,6.980480000000003,0.22517677419354845,0.08107141226331491,0.44238,1,0.03225806451612903,5803.466582704334,16.68755511800785,176.76462577468482,517.3142086582434,16.68755511800785,91.11478048499454,3387.8115938903197,109.28424496420385,67.56643528807597,-9.000679333333338,-0.2903444946236561,0.2258711002072752,-9.000679333333338,-0.2903444946236561,0.2258711002072752,1,0.17297,0.17297,3,English,High,Medium,Low,Low
2899,29,32,9.679680000000001,0.30249000000000004,0.16405096130852145,0.7773399999999999,1,0.03125,5094.4823219040945,41.47914972087454,147.13248565050546,1327.3327910679852,41.47914972087454,92.38127065814643,2920.810853888069,91.27533918400215,67.18750824622848,-3.1518513333333367,-0.11256611904761916,0.3195745861952053,-3.1518513333333367,-0.11256611904761916,0.3195745861952053,0,0.0,0.0,3,English,High,Medium,Low,Low
2899,30,54,17.020539999999997,0.31519518518518513,0.15020975065431794,0.79785,1,0.018518518518518517,8338.11734095751,29.446729052117878,147.8214181349811,1590.1233688143654,29.446729052117878,87.87052998503866,5219.126162331064,96.65048448761229,69.60084937985772,-12.030419333333347,-0.261530855072464,0.2858877776308809,-12.030419333333347,-0.261530855072464,0.2858877776308809,1,0.11074,0.11074,0,English,High,Medium,Low,Low
5890,1,87,35.06738000000001,0.4030733333333335,0.3843560183393992,2.3984400000000003,10,0.11494252873563217,14666.911169130475,14.455915102557428,218.62274575794143,1257.6646139224965,14.455915102557428,105.23131071284156,8413.543918508425,96.7074013621658,60.283411904919404,21.46356999999997,0.2682946249999996,0.2761175703453829,21.46356999999997,0.2682946249999996,0.2761175703453829,3,0.33975,0.11325,3,English,High,High,Low,Low
5890,2,62,20.52443,0.3310391935483871,0.20221527755929294,0.91699,5,0.08064516129032258,8812.146798989881,31.89313995587049,123.402417753981,1977.3746772639706,31.89313995587049,81.31799935686492,6083.855997992076,98.12670964503346,72.56033641668327,7.666651999999977,0.12365567741935447,0.2796749424266643,7.666651999999977,0.12365567741935447,0.2796749424266643,0,0.0,0.0,0,English,High,High,Low,Low
5890,3,87,25.46775000000001,0.29273275862068976,0.16862916359004942,1.14551,6,0.06896551724137931,13585.595989588544,35.98377071339657,140.57540153313107,3130.588052065501,35.98377071339657,95.58076659248242,7125.275900875291,81.89972299856656,63.599472434340974,24.772905999999967,0.2880570465116276,0.322858640830237,24.772905999999967,0.2880570465116276,0.322858640830237,2,0.20919000000000001,0.10459500000000001,3,English,High,High,Low,Low
5890,4,60,19.177760000000006,0.3196293333333334,0.16999246025306208,0.8242200000000001,5,0.08333333333333333,8831.977497174466,31.564980095265003,148.59939820794452,1893.8988057159,31.564980095265003,100.9856033690082,4935.881147425015,82.26468579041692,68.53629948713149,12.578421999999984,0.22067407017543827,0.2733950130048439,12.578421999999984,0.22067407017543827,0.2733950130048439,1,0.08983,0.08983,3,English,High,High,Low,Low
5890,6,43,15.14942,0.35231209302325583,0.2036415071291995,0.86426,1,0.02325581395348837,6636.835081479438,35.87648288813117,130.5059064134925,1542.6887641896406,35.87648288813117,88.55326850725773,4297.713493468335,99.94682542949616,70.4032989009046,16.96360799999999,0.3945025116279067,0.2752477551100671,16.96360799999999,0.3945025116279067,0.2752477551100671,0,0.0,0.0,3,English,High,High,Low,Low
5890,7,71,23.73246000000001,0.33426000000000017,0.21805306765252366,1.4668,6,0.08450704225352113,10012.98088581915,23.33131108720332,146.97987941173417,1656.5230871914355,23.33131108720332,97.93336685312306,6781.088003036109,95.50828173290294,70.67486886606828,22.346685999999984,0.31474205633802793,0.29160462062887266,22.346685999999984,0.31474205633802793,0.29160462062887266,0,0.0,0.0,0,English,High,High,Low,Low
5890,8,30,9.46778,0.3155926666666667,0.2032989037834576,1.2587899999999999,4,0.13333333333333333,4982.954153863399,36.22597659716771,162.83356003080328,1086.7792979150313,36.22597659716771,73.55366070305239,2812.1930183127492,93.73976727709163,66.10093967540062,6.9689199999999865,0.2322973333333329,0.2442748389210171,6.9689199999999865,0.2322973333333329,0.2442748389210171,0,0.0,0.0,3,English,High,High,Low,Low
5890,9,30,6.26272,0.20875733333333327,0.11366500223414808,0.50293,0,0.0,5923.926188882704,38.341412914482135,150.89641435888117,1150.242387434464,38.341412914482135,98.22928090342964,3013.9091453949745,100.46363817983247,66.31987023616803,10.068977999999989,0.3596063571428568,0.3627511731923461,10.068977999999989,0.3596063571428568,0.3627511731923461,1,0.03418,0.03418,3,English,High,High,Low,Low
5890,11,88,30.015650000000008,0.34108693181818195,0.17049584871884418,0.89746,4,0.045454545454545456,14712.160770798413,40.91709599510549,174.60435045418447,3600.704447569283,40.91709599510549,84.19227052963534,8429.976269822668,95.7951848843485,74.93864525444677,19.398231999999975,0.22296818390804568,0.32609703267908363,19.398231999999975,0.22296818390804568,0.32609703267908363,3,0.25932999999999995,0.08644333333333333,3,English,High,High,Low,Low
5890,12,39,14.56934,0.3735728205128205,0.22366588317660988,1.10352,1,0.02564102564102564,4725.465767246049,13.848614393490102,107.2336075942794,540.095961346114,13.848614393490102,87.93612982423706,3522.414578482873,90.31832252520188,71.82530230791897,2.568813999999981,0.06586702564102517,0.22152838951225826,2.568813999999981,0.06586702564102517,0.22152838951225826,1,0.11775999999999999,0.11775999999999999,0,English,High,High,Low,Low
5890,13,42,11.216780000000002,0.2670661904761905,0.1021206354537981,0.57617,1,0.023809523809523808,6442.304967112228,25.814244234174275,112.46385132823194,1084.1982578353197,25.814244234174275,109.67086526401917,3851.176861954021,91.69468718938144,74.32173790918125,8.15545199999998,0.1941774285714281,0.1451291705598578,8.15545199999998,0.1941774285714281,0.1451291705598578,1,0.08611,0.08611,3,English,High,High,Low,Low
5890,14,76,22.20608000000001,0.2921852631578949,0.15589785429867453,0.76367,1,0.013157894736842105,9155.251334432809,29.47927468645375,120.56617314812188,2240.424876170485,29.47927468645375,88.44841443994713,7184.3722761409645,94.53121415974951,66.39644116738332,18.631133999999967,0.2517720810810807,0.33253181927224085,18.631133999999967,0.2517720810810807,0.33253181927224085,0,0.0,0.0,3,English,High,High,Low,Low
5890,16,79,26.059600000000003,0.32986835443037976,0.20797002302504786,1.22656,7,0.08860759493670886,10820.80349353001,30.833170187114906,119.59591675506,2435.820444782077,30.833170187114906,88.89089720052353,7623.829392507242,96.50416952540813,60.76268107961815,29.822003999999954,0.3774937215189868,0.27691199550589224,29.822003999999954,0.3774937215189868,0.27691199550589224,1,0.09058,0.09058,3,English,High,High,Low,Low
5890,17,55,17.42775,0.3168681818181818,0.1917050571637294,1.125,2,0.03636363636363636,9431.038604428068,39.77502940713827,174.22204183359088,2187.6266173926047,39.77502940713827,89.94420394542368,5637.7739177210005,102.50498032220005,69.98769875100858,8.024977999999985,0.15141467924528276,0.28515061696746186,8.024977999999985,0.15141467924528276,0.28515061696746186,3,0.34869,0.11623,0,English,High,High,Low,Low
5890,18,80,24.65822000000001,0.3082277500000001,0.16818139799019838,1.00488,5,0.0625,11175.614958412903,43.08585965358058,131.5985076726852,3446.868772286446,43.08585965358058,85.85922577947075,7209.537265431858,90.11921581789822,71.06590673459286,11.099163999999977,0.14049574683544275,0.3396491101278013,11.099163999999977,0.14049574683544275,0.3396491101278013,2,0.217,0.1085,3,English,High,High,Low,Low
5890,19,88,29.9795,0.3406761363636364,0.181068502001012,1.02148,8,0.09090909090909093,12120.900847409112,25.32244386117937,110.76709693519743,2228.3750597837843,25.32244386117937,81.52028067341425,8322.759183877915,94.57680890770357,77.3470849460644,15.434113999999964,0.183739452380952,0.2965057845495968,15.434113999999964,0.183739452380952,0.2965057845495968,5,0.6042799999999999,0.120856,3,English,High,High,Low,Low
5890,21,86,28.0928,0.32666046511627905,0.16588939124516264,0.9111299999999999,6,0.06976744186046513,14218.118229804353,42.532489427286954,164.88498867820405,3657.7940907466773,42.532489427286954,88.04783253173166,7536.075341230472,87.62878303756364,71.01947844802132,38.22883599999996,0.4445213488372088,0.29156668072768505,38.22883599999996,0.4445213488372088,0.29156668072768505,3,0.23888,0.07962666666666668,3,English,High,High,Low,Low
5890,22,53,20.44046,0.3856690566037736,0.2242299410541504,1.17773,0,0.0,8365.017808353605,32.99827280741422,149.7401431488382,1748.9084587929535,32.99827280741422,78.09380901983134,5513.8591303431385,104.03507793100263,67.51295098865361,13.160269999999981,0.26320539999999965,0.3351514587030169,13.160269999999981,0.26320539999999965,0.3351514587030169,1,0.13617,0.13617,0,English,High,High,Low,Low
5890,23,29,7.956059999999999,0.2743468965517241,0.1508633777480175,0.78223,2,0.06896551724137931,4296.001544903187,47.83782985942463,101.67506484607887,1387.2970659233142,47.83782985942463,88.73660259999961,2831.0324834687312,97.62180977478384,70.01153459501943,12.268073999999988,0.4230370344827582,0.28677657928125305,12.268073999999988,0.4230370344827582,0.28677657928125305,1,0.11864000000000001,0.11864000000000001,3,English,High,High,Low,Low
5890,24,47,12.52734,0.2665391489361702,0.10235252730677538,0.56934,5,0.10638297872340426,7625.279690961792,45.453939598388956,171.25563608362916,2136.335161124281,45.453939598388956,95.1460701885214,4239.618645077989,90.20465202293592,66.38370141301857,9.897015999999985,0.2151525217391301,0.2885452211933772,9.897015999999985,0.2151525217391301,0.2885452211933772,0,0.0,0.0,3,English,High,High,Low,Low
5890,26,46,12.42578,0.27012565217391304,0.12061786672131435,0.80371,4,0.08695652173913042,6344.314509232436,37.7447796891284,165.4670577921695,1736.2598656999066,37.7447796891284,81.20116729051055,4097.971973713162,89.08634725463396,66.95252221939582,23.531245999999985,0.5115488260869562,0.3329492586204076,23.531245999999985,0.5115488260869562,0.3329492586204076,0,0.0,0.0,3,English,High,High,Low,Low
5890,27,84,38.60155000000001,0.4595422619047621,0.3076238456117006,1.5332,11,0.13095238095238096,10574.689662103556,17.041782639500024,120.47701588980671,1431.509741718002,17.041782639500024,85.93827236180194,7713.384559527429,91.82600666104084,70.55585994116339,39.11416399999997,0.4656448095238092,0.3099238967755787,39.11416399999997,0.4656448095238092,0.3099238967755787,4,0.49905,0.1247625,0,English,High,High,Low,Low
5890,28,60,20.38285,0.3397141666666667,0.20662591997207308,1.0820299999999998,1,0.016666666666666666,7611.0674821051125,42.02116856565066,118.7361352647314,2521.270113939039,42.02116856565066,88.80793025201284,5394.155053236707,89.9025842206118,69.02073043358854,16.723847999999983,0.28834220689655143,0.3575308100384551,16.723847999999983,0.28834220689655143,0.3575308100384551,1,0.11642000000000001,0.11642000000000001,3,English,High,High,Low,Low
5890,29,56,18.526430000000012,0.3308291071428573,0.18457485785173594,0.9179700000000001,1,0.017857142857142856,9139.924452785996,45.640948173489825,135.8815811346523,2555.89309771543,45.640948173489825,78.24750135757075,5789.08714855456,103.37655622418856,73.46224247707633,13.64045599999998,0.24357957142857106,0.2817018725518216,13.64045599999998,0.24357957142857106,0.2817018725518216,1,0.09126000000000001,0.09126000000000001,3,English,High,High,Low,Low
2128,1,55,16.234389999999994,0.29517072727272714,0.2120624980763458,1.36011,3,0.054545454545454536,8333.810574587691,39.923613653488275,200.88248202024144,2195.798750941855,39.923613653488275,99.5221565202938,5211.1687252908205,94.74852227801493,65.17420233704814,-0.6515666666666351,-0.0125301282051276,0.2830807931312065,-0.6515666666666351,-0.0125301282051276,0.2830807931312065,2,0.42805,0.214025,3,Both,High,Medium,High,High
2128,3,28,6.488790000000002,0.2317425,0.1146596282676003,0.4829100000000001,1,0.03571428571428571,2829.9736868973714,58.85853336686335,92.3117361428644,1648.0389342721735,58.85853336686335,83.58016753711598,3011.6129862620533,107.55760665221621,56.56282436391631,0.7469525000000181,0.027664907407408082,0.2638689578474526,0.7469525000000181,0.027664907407408082,0.2638689578474526,0,0.0,0.0,3,Both,High,Medium,High,High
2128,4,56,10.67458,0.1906175,0.0990603824559618,0.52271,1,0.017857142857142856,7191.3937153418,27.99844761620127,283.70957298235044,1567.9130665072712,27.99844761620127,90.93975433388776,5935.96071891971,105.99929855213767,53.1423211154317,2.4050891666666967,0.051172109929078655,0.2898859200925497,2.4050891666666967,0.051172109929078655,0.2898859200925497,1,0.14844000000000002,0.14844000000000002,0,Both,High,Medium,High,High
2128,5,45,14.683619999999998,0.32630266666666663,0.1590247976106592,0.69019,1,0.022222222222222227,5822.475690965743,27.143999055452827,111.35801674332888,1221.4799574953774,27.143999055452827,91.99700386954613,4475.4619890900785,99.4547108686684,64.40802014847817,-5.406235833333309,-0.13185941056910508,0.2543615337113786,-5.406235833333309,-0.13185941056910508,0.2543615337113786,3,0.58528,0.1950933333333333,3,Both,High,Medium,High,High
2128,6,38,10.151149999999998,0.2671355263157894,0.1081358792810272,0.5161100000000001,2,0.05263157894736842,6149.744150535556,45.87460749732729,152.62503605153645,1743.235084898437,45.87460749732729,96.79357591074834,3746.732771468668,98.59823082812285,58.13454246301971,-1.1012991666666458,-0.02976484234234178,0.2723185927803123,-1.1012991666666458,-0.02976484234234178,0.2723185927803123,0,0.0,0.0,3,Both,High,Medium,High,High
2128,8,25,7.909660000000001,0.3163864,0.13257948960167254,0.6967800000000001,0,0.0,2850.182373101889,46.097995867365974,114.6111537911963,1152.4498966841493,46.097995867365974,93.06893562974855,2152.579950423961,86.10319801695844,50.33860561709753,-2.9413299999999865,-0.12255541666666607,0.30785180256248673,-2.9413299999999865,-0.12255541666666607,0.30785180256248673,2,0.29244000000000003,0.14622000000000002,3,Both,High,Medium,High,High
2128,9,48,13.873539999999998,0.2890320833333333,0.1449097634587115,0.78223,0,0.0,6733.202369246242,25.894703622021908,130.65475725689006,1242.9457738570518,25.894703622021908,98.47955217650562,4721.048563444268,98.35517840508896,58.188807474722026,-8.368394166666642,-0.19461381782945686,0.3271223273996999,-8.368394166666642,-0.19461381782945686,0.3271223273996999,1,0.04215,0.04215,0,Both,High,Medium,High,High
2128,10,18,5.147969999999999,0.2859983333333333,0.20326654018390072,0.93042,0,0.0,2069.400650994125,66.05112901045744,60.15032625569932,1188.920322188234,66.05112901045744,81.57221759913023,1444.7491967805006,80.26384426558336,57.67699809806103,-1.385305833333323,-0.08148857843137194,0.21609122874490852,-1.385305833333323,-0.08148857843137194,0.21609122874490852,0,0.0,0.0,3,Both,High,Medium,High,High
2128,11,32,7.397469999999998,0.2311709375,0.11600069545479501,0.50879,4,0.125,7234.066884869528,20.740147098653377,360.64060957740213,663.6847071569081,20.740147098653377,113.66807744185421,2743.517087654901,85.73490898921567,57.06144865248557,-2.636456666666649,-0.09415916666666604,0.26393755110279943,-2.636456666666649,-0.09415916666666604,0.26393755110279943,0,0.0,0.0,3,Both,High,Medium,High,High
2128,13,35,13.61403,0.38897228571428577,0.2451338726269,1.15869,1,0.028571428571428567,3617.5011128745173,37.64553782546023,93.90996554650629,1317.5938238911078,37.64553782546023,82.42284757872956,3269.7696670585424,93.4219904873869,58.187025234274515,-11.80889416666665,-0.3809320698924726,0.28162572526624363,-11.80889416666665,-0.3809320698924726,0.28162572526624363,1,0.07,0.07,3,Both,High,Medium,High,High
2128,14,1,0.30811,0.30811,0.0,0.30811,0,0.0,59.62326390529121,149.18575371588256,0.0,149.18575371588256,149.18575371588256,0.0,22.88687965730988,22.88687965730988,0.0,-0.4721991666666661,-0.4721991666666661,0.0,-0.4721991666666661,-0.4721991666666661,0.0,1,0.07382000000000001,0.07382000000000001,0,Both,High,Medium,High,High
2128,15,21,6.942379999999997,0.3305895238095237,0.14768708156666244,0.62988,0,0.0,3085.10643849028,68.39893604665427,162.5348262375353,1436.3776569797394,68.39893604665427,85.02888784643322,1953.6327983317858,93.03013325389458,68.43686346793018,-4.696955833333322,-0.2762915196078425,0.2799988646146037,-4.696955833333322,-0.2762915196078425,0.2799988646146037,0,0.0,0.0,3,Both,High,Medium,High,High
2128,16,37,10.357220000000002,0.2799248648648649,0.10951010397963466,0.5705600000000001,1,0.027027027027027032,4083.537405067932,28.795103965752453,115.31568939122921,1065.4188467328406,28.795103965752453,88.28664795227243,4095.841158637447,110.69840969290395,52.81376840903266,-1.7657108333333116,-0.050448880952380336,0.30644703340934426,-1.7657108333333116,-0.050448880952380336,0.30644703340934426,1,0.19606,0.19606,3,Both,High,Medium,High,High
2128,18,56,16.13281,0.2880858928571429,0.16899359608298758,0.8024899999999999,3,0.05357142857142857,8478.620960513259,41.6580036148618,146.51692923039496,2332.848202432261,41.6580036148618,111.08566609862507,5601.892873699467,100.03380131606188,65.72859276961366,-6.604646666666634,-0.12701243589743527,0.3780891802181596,-6.604646666666634,-0.12701243589743527,0.3780891802181596,1,0.22957,0.22957,3,Both,High,Medium,High,High
2128,19,33,9.19995,0.2787863636363636,0.1523705847262101,0.75,2,0.060606060606060615,4526.176825894384,28.11215109681973,107.19437268644852,927.7009861950513,28.11215109681973,103.3888582500812,2869.944771862079,86.96802338975998,68.89858357846498,-10.803415833333316,-0.3725315804597695,0.362524522468102,-10.803415833333316,-0.3725315804597695,0.362524522468102,0,0.0,0.0,0,Both,High,Medium,High,High
2128,20,13,3.04125,0.2339423076923077,0.10181897625415308,0.40771,0,0.0,2200.808555176383,27.69421241638941,187.70185273586532,360.02476141306227,27.69421241638941,78.07456146091542,1484.1093921574366,114.16226093518743,57.09077212033174,-5.0607708333333274,-0.4600700757575752,0.13570734899739528,-5.0607708333333274,-0.4600700757575752,0.13570734899739528,0,0.0,0.0,3,Both,High,Medium,High,High
2128,21,18,5.7839399999999985,0.32132999999999995,0.17388018352366155,0.66333,0,0.0,2750.5309666464746,56.47525198403079,158.35827812413459,1016.5545357125543,56.47525198403079,85.02617155798806,1837.1210124107681,102.06227846726487,42.67997372203885,-1.078927499999991,-0.0719284999999994,0.3638377666207229,-1.078927499999991,-0.0719284999999994,0.3638377666207229,2,0.36529,0.182645,3,Both,High,Medium,High,High
2128,23,33,10.01074,0.3033557575757576,0.22194114735914286,1.17896,2,0.060606060606060615,4838.892844221491,25.59591406469014,163.3548059103523,844.6651641347747,25.59591406469014,91.13778699084514,3353.711662211253,101.62762612761371,55.36311116351979,-7.385715833333317,-0.2546798563218385,0.2897357927717589,-7.385715833333317,-0.2546798563218385,0.2897357927717589,3,0.51015,0.17005,3,Both,High,Medium,High,High
2128,24,40,12.58354,0.31458850000000005,0.14151212901285176,0.7641600000000001,2,0.05,5457.915560835706,42.60173006354741,137.80348106603896,1704.0692025418964,42.60173006354741,82.27433253734027,4031.630629662157,100.79076574155394,65.61931597666221,-8.424029166666646,-0.2276764639639634,0.4027831632031941,-8.424029166666646,-0.2276764639639634,0.4027831632031941,0,0.0,0.0,0,Both,High,Medium,High,High
2128,25,37,10.819560000000001,0.2924205405405405,0.16902518617611392,0.95142,3,0.08108108108108109,6354.608133734801,35.53710691644886,236.78789745483812,1314.8729559086082,35.53710691644886,99.6512217193618,3324.4207561986755,89.84920962699124,60.22351265908897,-7.364244999999981,-0.2454748333333327,0.330677040468995,-7.364244999999981,-0.2454748333333327,0.330677040468995,3,0.38887,0.1296233333333333,3,Both,High,Medium,High,High
2128,26,38,12.7915,0.3366184210526316,0.2981085666111939,1.9191900000000002,1,0.02631578947368421,4828.180270747611,39.924347768517976,117.6828170659862,1517.1252152036834,39.924347768517976,81.76008794869328,3914.7453318156563,103.01961399514884,59.50429192070073,-9.579360833333313,-0.27369602380952324,0.3918934319602092,-9.579360833333313,-0.27369602380952324,0.3918934319602092,0,0.0,0.0,3,Both,High,Medium,High,High
2128,28,26,6.178449999999999,0.2376326923076923,0.12431806987159046,0.5827600000000001,1,0.038461538461538464,3337.9275336760775,51.614992997781506,114.12361614077619,1341.9898179423192,51.614992997781506,101.17028486343278,2521.566845037013,96.9833401937313,50.37635473134416,-3.3711841666666547,-0.17743074561403446,0.2895458552730762,-3.3711841666666547,-0.17743074561403446,0.2895458552730762,0,0.0,0.0,3,Both,High,Medium,High,High
2128,29,24,6.4211599999999995,0.2675483333333333,0.12248153526371047,0.6030300000000001,0,0.0,2844.9950638017876,46.94163257752117,136.69078627048532,1126.599181860508,46.94163257752117,84.1315609076303,2239.756381516905,93.32318256320438,64.6135543235025,-3.7628216666666536,-0.1710373484848479,0.4712216365581458,-3.7628216666666536,-0.1710373484848479,0.4712216365581458,0,0.0,0.0,0,Both,High,Medium,High,High
2128,30,21,5.9101599999999985,0.28143619047619045,0.22171838017921985,1.11206,2,0.09523809523809523,4944.78845986934,16.64966762277405,397.89827352847277,349.64302007825506,16.64966762277405,99.93923111870295,1802.9367243655306,85.85412973169194,56.618002754086596,-4.682464999999988,-0.26013694444444385,0.34952854420474583,-4.682464999999988,-0.26013694444444385,0.34952854420474583,1,0.05428,0.05428,3,Both,High,Medium,High,High
6673,1,80,24.84961000000001,0.3106201250000001,0.16901011146151695,0.8571799999999999,5,0.0625,8144.36570801597,24.715055142324253,118.04019957983007,1977.20441138594,24.715055142324253,83.33023249004263,8630.585418425415,107.8823177303177,61.55177008107359,-2.2608199999999745,-0.031400277777777416,0.17249526283613315,-2.2608199999999745,-0.031400277777777416,0.17249526283613315,4,0.75097,0.1877425,3,English,High,High,Medium,High
6673,3,80,21.71925,0.271490625,0.13390459230683385,0.66235,10,0.125,8295.421730640892,28.552823174773422,99.9964517827418,2284.2258539818736,28.552823174773422,100.30725218117429,8049.36747583501,100.61709344793762,61.71133394556741,-3.6909366666666426,-0.05056077625570743,0.17007561820084305,-3.6909366666666426,-0.05056077625570743,0.17007561820084305,3,0.62474,0.20824666666666666,3,English,High,High,Medium,High
6673,4,48,17.833230000000004,0.3715256250000001,0.3635956395211252,2.35767,5,0.10416666666666667,6061.1543511662085,46.114523560221976,105.02123766973291,2213.4971308906547,46.114523560221976,94.34898496311071,4504.989775868322,93.85395366392338,59.09304295835617,2.2816000000000134,0.050702222222222516,0.21486017934381035,2.2816000000000134,0.050702222222222516,0.21486017934381035,1,0.18669000000000002,0.18669000000000002,0,English,High,High,Medium,High
6673,5,69,19.1572,0.2776405797101449,0.15900748925834798,0.9782700000000001,8,0.11594202898550725,8784.261053493417,6.209868013713702,146.19616427126562,428.48089294624543,6.209868013713702,96.72986860713941,6390.367649926086,92.61402391197227,56.26901417194004,-0.22731999999997754,-0.003444242424242084,0.15464954258385566,-0.22731999999997754,-0.003444242424242084,0.15464954258385566,2,0.41166,0.20583,3,English,High,High,Medium,High
6673,6,47,13.252949999999995,0.281977659574468,0.10170687012533924,0.54272,3,0.06382978723404255,7330.870632442329,29.42123045298911,179.04769292039356,1382.7978312904886,29.42123045298911,94.21680908665684,4784.628587253903,101.80060823944473,55.543850106783545,-0.9892233333333174,-0.02104730496453867,0.17827411235100998,-0.9892233333333174,-0.02104730496453867,0.17827411235100998,0,0.0,0.0,3,English,High,High,Medium,High
6673,8,120,31.73783000000001,0.2644819166666668,0.14004774583034074,0.9902299999999999,11,0.09166666666666666,16355.299471194914,16.625566680554495,173.66172604036944,1995.0680016665397,16.625566680554495,93.25366498855709,11612.044794705784,96.76703995588151,63.39240985587141,3.2338200000000334,0.03266484848484882,0.1972531461915916,3.2338200000000334,0.03266484848484882,0.1972531461915916,4,0.33891000000000004,0.08472750000000001,3,English,High,High,Medium,High
6673,9,84,27.85795,0.3316422619047619,0.17691245503376596,0.91748,12,0.14285714285714285,12429.973958736555,20.94034405012202,150.74212649111024,1758.9889002102495,20.94034405012202,93.37978348771351,7827.0585178521505,93.17926806966848,66.3301515744689,10.265466666666695,0.1283183333333337,0.19802582456395515,10.265466666666695,0.1283183333333337,0.19802582456395515,1,0.17502,0.17502,0,English,High,High,Medium,High
6673,10,109,32.32329,0.29654394495412845,0.16618137181851406,0.99756,19,0.1743119266055046,10861.244798017218,20.06297272256,121.90623988166493,2186.86402675904,20.06297272256,94.00503166215874,11611.872343886294,106.53093893473664,58.57635460919819,25.822493333333373,0.25070381877022696,0.15503419042092662,25.822493333333373,0.25070381877022696,0.15503419042092662,6,0.97314,0.16219,3,English,High,High,Medium,High
6673,11,76,23.00929000000001,0.3027538157894738,0.1448234537650575,0.71729,3,0.03947368421052632,8383.462950497445,14.007541495118051,129.12366977910642,1064.5731536289718,14.007541495118051,91.79879969736336,7587.086229070653,99.83008196145596,62.99333177610505,-7.5354199999999745,-0.10465861111111076,0.17035239355651016,-7.5354199999999745,-0.10465861111111076,0.17035239355651016,1,0.20797,0.20797,3,English,High,High,Medium,High
6673,13,237,69.47556999999995,0.2931458649789027,0.1734744363777341,1.22559,38,0.16033755274261605,30097.004391369082,23.761938970337177,126.03378230292532,5631.5795359699105,23.761938970337177,97.70320878551942,23012.293717254808,97.09828572681356,64.10895894114779,1.8691966666667572,0.008344627976190882,0.19680219851503672,1.8691966666667572,0.008344627976190882,0.19680219851503672,3,0.5087600000000001,0.1695866666666667,3,English,High,High,Medium,High
6673,14,38,13.830059999999998,0.36394894736842104,0.20845269933980196,1.08545,1,0.02631578947368421,4801.752950309974,27.81888812102234,107.4127569012978,1057.117748598849,27.81888812102234,87.09053873812576,3808.090287835991,100.21290231147344,64.90888160863592,0.38999000000001294,0.010833055555555915,0.22351953170242,0.38999000000001294,0.010833055555555915,0.22351953170242,1,0.18894,0.18894,0,English,High,High,Medium,High
6673,15,194,54.40337999999999,0.2804297938144329,0.15700774162723746,1.11865,33,0.17010309278350516,25790.45092183742,18.819595217389384,148.57943782516304,3651.001472173541,18.819595217389384,97.91224355797327,19679.97014005582,101.44314505183412,62.269499154640464,8.290033333333401,0.045054528985507616,0.5313602739192822,8.290033333333401,0.045054528985507616,0.5313602739192822,6,0.95315,0.15885833333333335,3,English,High,High,Medium,High
6673,16,165,50.28959999999997,0.3047854545454544,0.1763630820656706,1.104,14,0.08484848484848485,20037.858219589547,5.127217537032879,146.27459558288368,845.9908936104248,5.127217537032879,96.49529833860404,16621.462530271227,100.73613654709835,61.6909772297959,14.083936666666734,0.08913883966244768,0.9101621509495824,14.083936666666734,0.08913883966244768,0.9101621509495824,4,0.72213,0.1805325,3,English,High,High,Medium,High
6673,18,52,13.06836,0.2513146153846154,0.16408062188661476,0.99854,5,0.09615384615384616,6651.148592721061,27.915138720777016,141.62895622085423,1451.587213480405,27.915138720777016,93.09513248878169,5441.834066436074,104.65065512377063,58.388821910451654,13.812553333333351,0.2818888435374154,0.254259616107088,13.812553333333351,0.2818888435374154,0.254259616107088,0,0.0,0.0,3,English,High,High,Medium,High
6673,19,111,33.54205,0.30218063063063066,0.1596144505655175,0.88428,11,0.0990990990990991,14831.831130730983,33.087430805065594,178.7514400429608,3672.704819362281,33.087430805065594,93.75097131888123,10964.674501915815,98.78085136861095,62.358545216364774,9.545046666666703,0.09177929487179523,0.2291027218847275,9.545046666666703,0.09177929487179523,0.2291027218847275,6,0.8897999999999999,0.1483,0,English,High,High,Medium,High
6673,20,161,53.59088000000001,0.3328626086956522,0.2101974321238382,1.94629,20,0.12422360248447205,18011.363352620658,11.120783386955008,133.52391178970444,1790.4461252997562,11.120783386955008,92.2666444122928,16574.561576295564,102.94758743040722,63.15805821005246,-6.532199999999947,-0.04269411764705849,0.1609729889166727,-6.532199999999947,-0.04269411764705849,0.1609729889166727,6,1.16883,0.194805,3,English,High,High,Medium,High
6673,21,42,11.20361,0.2667526190476191,0.16345169158266865,1.0376,0,0.0,5973.403774860826,42.199841777463156,155.643066489951,1772.3933546534524,42.199841777463156,87.27030008434289,4433.464994930741,105.55869035549385,58.61783210470313,1.7900500000000168,0.04589871794871838,0.21895882397334954,1.7900500000000168,0.04589871794871838,0.21895882397334954,1,0.17122,0.17122,3,English,High,High,Medium,High
6673,23,34,8.52201,0.2506473529411765,0.13266483847094712,0.6713899999999999,2,0.05882352941176471,3531.637458314486,40.1248158672076,127.73589718383863,1364.2437394850585,40.1248158672076,78.97385395245993,3551.0681413545435,104.4431806280748,56.3963906057701,3.8023800000000114,0.11522363636363672,0.14774643376900848,3.8023800000000114,0.11522363636363672,0.14774643376900848,1,0.12964,0.12964,3,English,High,High,Medium,High
6673,24,120,30.261740000000017,0.25218116666666684,0.131428720974421,0.9716799999999999,8,0.06666666666666668,11225.845633034472,10.707321719145304,100.25142972085878,1284.8786062974361,10.707321719145304,94.19903511242649,12199.628453943724,101.66357044953104,56.97266854702862,3.928700000000052,0.03446228070175484,0.2110098484563225,3.928700000000052,0.03446228070175484,0.2110098484563225,2,0.3273200000000001,0.16366000000000006,0,English,High,High,Medium,High
6673,25,73,20.701140000000006,0.2835772602739727,0.14421135547275193,0.68994,3,0.0410958904109589,7296.8796157671995,34.89240385678157,92.57591888219864,2547.1454815450547,34.89240385678157,86.60604136267965,7454.623607725669,102.1181316126804,60.08973502787858,1.9048966666666904,0.026829530516432252,0.1750047559666599,1.9048966666666904,0.026829530516432252,0.1750047559666599,2,0.33077,0.165385,3,English,High,High,Medium,High
6673,26,76,22.56344,0.29688736842105257,0.18722852368842866,1.0849600000000001,6,0.07894736842105263,10002.466125782248,19.28667834058525,155.55051962224385,1465.7875538844794,19.28667834058525,100.39668763862323,8137.876741694391,107.0773255486104,57.73867927014935,-0.5000899999999717,-0.006945694444444052,0.19828469437512689,-0.5000899999999717,-0.006945694444444052,0.19828469437512689,3,0.5291600000000001,0.17638666666666666,3,English,High,High,Medium,High
6673,28,29,7.733409999999997,0.2666693103448275,0.14540176932782595,0.68311,2,0.06896551724137931,2926.172037406964,40.559902198118685,114.72020176782291,1176.237163745442,40.559902198118685,77.9850665767418,2709.956022421262,93.44675939383663,48.0286291824076,3.813443333333344,0.13619440476190514,0.17531025267903685,3.813443333333344,0.13619440476190514,0.17531025267903685,1,0.16274,0.16274,3,English,High,High,Medium,High
6673,29,61,15.146959999999998,0.2483108196721311,0.12112738978061832,0.60352,3,0.049180327868852465,7116.43245940203,24.85665657054834,105.86594578693831,1516.2560508034487,24.85665657054834,86.51146322087558,6302.362930702626,103.31742509348568,58.366408083254655,0.08781000000002151,0.001540526315789851,0.20282656605415927,0.08781000000002151,0.001540526315789851,0.20282656605415927,1,0.16303,0.16303,0,English,High,High,Medium,High
6673,30,57,16.0991,0.282440350877193,0.14513695468043958,0.69629,1,0.017543859649122806,7394.128825036295,51.19387915035104,118.2487460914762,2918.0511115700097,51.19387915035104,85.8534518826435,5055.900256812236,88.7000045054778,64.19874279873635,-2.5309899999999788,-0.046870185185184786,0.19513203762077533,-2.5309899999999788,-0.046870185185184786,0.19513203762077533,2,0.36272,0.18136,3,English,High,High,Medium,High
7734,2,147,30.95805,0.21059897959183674,0.09613709770292156,0.61621,24,0.16326530612244894,14431.44613474913,13.370098528573804,119.8396737506568,1965.4044837003491,13.370098528573804,91.21966955449535,13995.618569479273,95.20828958829438,59.861896020674685,-36.64835772727266,-0.25991743068987705,0.20706281954118727,-36.64835772727266,-0.25991743068987705,0.20706281954118727,4,0.41491999999999996,0.10372999999999999,3,English,High,High,Medium,Medium
7734,3,164,34.684550000000016,0.21149115853658546,0.09509805787429458,0.5664100000000001,18,0.1097560975609756,19262.14591478504,12.234771428551738,227.7452622165904,2006.502514282485,12.234771428551738,88.7488996446034,15861.989882323182,96.7194505019706,59.35757256925165,-22.874759999999924,-0.14853740259740209,0.21395318817486825,-22.874759999999924,-0.14853740259740209,0.21395318817486825,7,0.69215,0.09887857142857144,3,English,High,High,Medium,Medium
7734,4,154,35.87507000000001,0.23295500000000005,0.12123768007700635,0.75098,24,0.15584415584415584,17876.335232145713,7.376426493008906,247.39670356110648,1135.9696799233714,7.376426493008906,89.8612071920306,16961.838105916668,110.14180588257577,52.56884500666517,-20.39576954545449,-0.1387467316017312,0.19706578253752852,-20.39576954545449,-0.1387467316017312,0.19706578253752852,5,0.5617599999999999,0.11235199999999998,3,English,High,High,Medium,Medium
7734,5,100,24.23923000000001,0.2423923000000001,0.11993177542132025,0.75195,12,0.12,11915.994425560732,22.05657150987649,154.70403528743697,2205.657150987649,22.05657150987649,92.308458458383,10769.168653281184,107.69168653281186,55.377547221086026,-6.448131818181777,-0.0685971470019338,0.1834690473060109,-6.448131818181777,-0.0685971470019338,0.1834690473060109,2,0.23251,0.116255,0,English,High,High,Medium,Medium
7734,7,104,22.93460000000001,0.22052500000000005,0.11200150988851754,0.84375,13,0.125,12477.039499810231,19.24711949707094,177.81496926729642,2001.7004276953776,19.24711949707094,95.56268528683931,9409.902126670815,90.47982814106552,63.553672342823276,-9.610400909090867,-0.0942196167557928,0.26262592244021177,-9.610400909090867,-0.0942196167557928,0.26262592244021177,3,0.27333,0.09111,3,English,High,High,Medium,Medium
7734,8,106,22.187599999999996,0.2093169811320754,0.10110818378658712,0.58301,9,0.08490566037735849,10167.41485747898,22.183537740600702,112.96658390976215,2351.455000503674,22.183537740600702,82.35319208472923,11280.86018239735,106.42320926789951,58.81100900488761,-14.862363636363595,-0.14862363636363596,0.19359048374677407,-14.862363636363595,-0.14862363636363596,0.19359048374677407,5,0.49435,0.09887,3,English,High,High,Medium,Medium
7734,9,126,26.811520000000005,0.21278984126984127,0.12016810699872638,0.75098,9,0.07142857142857142,12170.365523696799,10.87731547713924,102.48435165331811,1370.5417501195438,10.87731547713924,82.09888579479664,13532.920560646211,107.40413143370009,54.515225769266785,0.9646936363636957,0.00803911363636413,0.19329916230950286,0.9646936363636957,0.00803911363636413,0.19329916230950286,4,0.41171,0.1029275,3,English,High,High,Medium,Medium
7734,10,113,24.60251,0.21772132743362835,0.09828068992183693,0.62305,12,0.10619469026548672,10870.2532626393,20.24983434209996,125.96467199849823,2288.2312806572954,20.24983434209996,92.4375510007707,11047.283207105258,97.76356820447133,55.19254485007178,-12.616462727272673,-0.11681909932659885,0.21392766249535625,-12.616462727272673,-0.11681909932659885,0.21392766249535625,1,0.11356,0.11356,0,English,High,High,Medium,Medium
7734,12,118,24.736359999999994,0.20963016949152535,0.12349954296891386,0.90527,18,0.15254237288135594,11086.603562860293,9.160267349114617,116.1867764170395,1080.9115471955247,9.160267349114617,91.02627316108266,11773.744550621333,99.7774961917062,55.49015061561101,5.1389886363636865,0.04714668473728152,0.22030194449364526,5.1389886363636865,0.04714668473728152,0.22030194449364526,4,0.46426000000000006,0.11606500000000002,3,English,High,High,Medium,Medium
7734,13,89,18.221699999999995,0.20473820224719091,0.09842729256974804,0.5351600000000001,10,0.11235955056179776,11091.778795257871,36.46248848109305,146.72009234846672,3245.161474817281,36.46248848109305,94.20703692862891,9024.48172277536,101.39867104241976,63.18190487357293,-0.6166613636363247,-0.007088061650992237,0.2190662043827893,-0.6166613636363247,-0.007088061650992237,0.2190662043827893,2,0.18986,0.09493,3,English,High,High,Medium,Medium
7734,14,178,37.212860000000006,0.20906101123595508,0.1131821317938674,1.00488,20,0.11235955056179776,19654.22003861084,14.678262662952779,137.22622757018559,2612.730754005595,14.678262662952779,91.3051023439901,17815.043119173784,100.08451190547069,53.56791837669082,5.369080454545539,0.03176970683163041,0.18859618753480334,5.369080454545539,0.03176970683163041,0.18859618753480334,3,0.27232,0.09077333333333333,3,English,High,High,Medium,Medium
7734,15,111,26.54106,0.23910864864864864,0.14419224198174949,1.01758,8,0.07207207207207207,10595.148699316058,16.64645946000915,99.29431116257577,1847.757000061016,16.64645946000915,92.82930985319796,11316.299431898497,101.94864353061709,57.38593984860565,-5.091176818181761,-0.04848739826839773,0.20834221477049228,-5.091176818181761,-0.04848739826839773,0.20834221477049228,3,0.42068999999999995,0.14023,0,English,High,High,Medium,Medium
7734,17,68,13.43552,0.1975811764705882,0.07876890321263715,0.48241999999999996,4,0.05882352941176471,8109.128530937436,5.155517089197198,191.68360618163268,350.5751620654095,5.155517089197198,91.08932436398516,7034.523415167819,103.44887375246792,54.90446130916751,12.220880000000026,0.18516484848484885,0.2968815860427256,12.220880000000026,0.18516484848484885,0.2968815860427256,0,0.0,0.0,3,English,High,High,Medium,Medium
7734,18,152,32.96090999999999,0.2168480921052631,0.11154257460561598,0.74316,17,0.1118421052631579,16573.399156078667,7.954606929005487,127.12054423944224,1209.1002532088341,7.954606929005487,96.8899796013853,15354.606124189811,101.01714555388037,57.9129560660686,1.1187304545455334,0.0076104112554117925,0.21818659846747585,1.1187304545455334,0.0076104112554117925,0.21818659846747585,1,0.13319,0.13319,3,English,High,High,Medium,Medium
7734,19,65,14.635759999999996,0.2251655384615384,0.11087112875254723,0.6308600000000001,4,0.061538461538461535,7295.640079085427,23.20011520415143,123.32209454656477,1508.0074882698432,23.20011520415143,91.10906475919592,6593.8993599630785,101.44460553789352,59.956881379199764,3.2217872727273043,0.05034042613636413,0.2297811476265837,3.2217872727273043,0.05034042613636413,0.2297811476265837,1,0.12711,0.12711,3,English,High,High,Medium,Medium
7734,20,111,23.40138,0.21082324324324325,0.11611041817727295,0.72168,8,0.07207207207207207,11489.730990637228,23.058920867572017,136.05173467183673,2559.5402163004933,23.058920867572017,87.32840314709844,11113.316039550511,100.11996432027487,58.01800070100818,8.478584545454595,0.07998664665523203,0.211101000216272,8.478584545454595,0.07998664665523203,0.211101000216272,3,0.26805999999999996,0.08935333333333334,0,English,High,High,Medium,Medium
7734,22,173,37.21490000000001,0.21511502890173412,0.102637727728759,0.68457,20,0.11560693641618495,18197.53638376943,14.461503835786464,186.07335081003967,2501.840163591058,14.461503835786464,97.53113399476757,17496.673683165573,101.13684209922295,56.66076187105442,36.77020772727283,0.22018088459444807,0.24622719768498785,36.77020772727283,0.22018088459444807,0.24622719768498785,3,0.37184,0.12394666666666665,3,English,High,High,Medium,Medium
7734,23,86,17.3028,0.20119534883720933,0.08969851207831908,0.47461000000000003,9,0.10465116279069768,7382.535778086524,26.883696589468194,77.61108054187085,2311.997906694265,26.883696589468194,89.70998788943147,8823.724215861022,102.60144437047701,53.82194007111493,13.72266318181822,0.16533329134720748,0.2460574060750181,13.72266318181822,0.16533329134720748,0.2460574060750181,3,0.37232,0.12410666666666666,3,English,High,High,Medium,Medium
7734,24,141,30.230480000000004,0.21440056737588656,0.08687275852732071,0.50195,11,0.07801418439716312,16545.789354360815,14.927633859007068,264.818895461143,2104.7963741199965,14.927633859007068,89.96322601812912,15059.343014610648,106.8038511674514,58.185409826483365,12.271072727272804,0.09157516960651343,0.23593038996161644,12.271072727272804,0.09157516960651343,0.23593038996161644,1,0.15012999999999999,0.15012999999999999,3,English,High,High,Medium,Medium
7734,25,99,22.68365,0.2291277777777777,0.09844456122846892,0.50781,13,0.13131313131313133,11972.616412939946,18.640989156969248,204.20036633794825,1845.4579265399552,18.640989156969248,87.9058252839134,10432.14568068558,105.37520889581393,56.735295536784975,11.554170909090953,0.1203559469696974,0.2828009031856346,11.554170909090953,0.1203559469696974,0.2828009031856346,2,0.26091,0.130455,0,English,High,High,Medium,Medium
7734,27,58,12.886710000000004,0.22218465517241384,0.07578906324556144,0.39453,3,0.05172413793103448,6372.4180237467435,28.446292235507684,115.59008586288964,1649.8849496594455,28.446292235507684,87.44239734257685,6231.4072887410985,107.43805670243276,59.824716922833176,12.416527727272765,0.21783381977671515,0.3003705002683449,12.416527727272765,0.21783381977671515,0.3003705002683449,2,0.15179,0.075895,3,English,High,High,Medium,Medium
7734,28,56,11.245130000000005,0.20080589285714293,0.09336232017133164,0.47558999999999996,2,0.03571428571428571,4946.885014866294,27.09237751802657,80.83365646643989,1517.1731410094876,27.09237751802657,83.02063357669049,5176.053546191516,92.4295276105628,61.58111349011754,7.634662272727295,0.14405023156089236,0.2181087079091262,7.634662272727295,0.14405023156089236,0.2181087079091262,0,0.0,0.0,3,English,High,High,Medium,Medium
7734,29,83,16.061529999999998,0.19351240963855426,0.08251892077432853,0.44823999999999997,7,0.08433734939759037,7359.467800557452,19.556702682354434,82.36324478023349,1623.206322635418,19.556702682354434,96.1475769407049,8916.577738682467,107.42864745400564,50.41304680431911,28.121857727272765,0.3559728826237059,0.2422198737098109,28.121857727272765,0.3559728826237059,0.2422198737098109,2,0.15709,0.078545,3,English,High,High,Medium,Medium
7734,30,64,13.414079999999998,0.20959499999999998,0.07698594130992359,0.39551,6,0.09375,6755.573178168313,22.72412355333841,134.7673541593567,1454.3439074136581,22.72412355333841,93.61351545200577,5052.746140876531,78.9491584511958,54.94494416744162,11.341123181818212,0.18592005216095425,0.21918024223265484,11.341123181818212,0.18592005216095425,0.21918024223265484,2,0.21985,0.109925,0,English,High,High,Medium,Medium
5492,1,188,52.15379999999998,0.27741382978723395,0.15172903389186346,0.9648399999999999,33,0.17553191489361702,21986.9714460729,8.023606645457992,129.4408342214337,1508.4380493461026,8.023606645457992,89.95521305698088,18836.907760048307,100.19631787259738,58.27563864717801,13.350534000000096,0.07761938372093079,0.43016499147816745,13.350534000000096,0.07761938372093079,0.43016499147816745,9,0.7830300000000001,0.08700333333333335,3,Both,High,Medium,High,High
5492,2,168,44.122599999999984,0.2626345238095237,0.13791583460751536,0.9516600000000001,20,0.11904761904761905,21630.9665944784,16.58128111569068,129.17750737810346,2785.655227436034,16.58128111569068,92.604039640154,16560.343587456056,98.57347373485749,59.7704782396154,20.306936000000075,0.12852491139240554,0.4416852954316375,20.306936000000075,0.12852491139240554,0.4416852954316375,2,0.15269000000000002,0.07634500000000001,3,Both,High,Medium,High,High
5492,3,135,39.51864000000001,0.29273066666666675,0.1749751212758016,1.39209,20,0.14814814814814814,12754.681959888225,-1.8645302638174064,93.12023018511664,-251.71158561534992,-1.8645302638174064,92.39523735648432,12779.545724068606,94.66330165976746,61.44482379718627,12.393658000000064,0.09607486821705476,0.5361670683857606,12.393658000000064,0.09607486821705476,0.5361670683857606,1,0.07608,0.07608,0,Both,High,Medium,High,High
5492,5,152,44.93512000000001,0.2956257894736843,0.18665780119797007,1.3867200000000002,17,0.1118421052631579,18859.956291678467,17.077560341190374,159.67141152182828,2595.7891718609376,17.077560341190374,84.36721729065408,16325.336219635115,107.40352776075731,60.835090532329986,8.293358000000094,0.05759276388888952,0.4707710482246365,8.293358000000094,0.05759276388888952,0.4707710482246365,3,0.38662,0.1288733333333333,3,Both,High,Medium,High,High
5492,6,145,40.270609999999984,0.2777283448275861,0.20277211465095246,1.66113,15,0.10344827586206896,16114.989181816245,5.710637565216483,123.66549580700527,828.0424469563901,5.710637565216483,87.02542351151781,14731.194701458835,101.5944462169575,59.081138991708315,19.93307800000008,0.14340343884892146,0.44952436617554864,19.93307800000008,0.14340343884892146,0.44952436617554864,4,0.54064,0.13516,3,Both,High,Medium,High,High
5492,7,172,48.949250000000006,0.2845886627906977,0.13993107158635246,0.81738,31,0.18023255813953487,17658.79089611621,4.287726222668592,141.02551200259242,737.4889102989978,4.287726222668592,95.25474774647938,17131.664753470577,99.6027020550615,54.902834927603045,13.70684200000011,0.08513566459627397,0.4056646328552127,13.70684200000011,0.08513566459627397,0.4056646328552127,2,0.20427,0.102135,3,Both,High,Medium,High,High
5492,8,147,43.08886999999999,0.2931215646258503,0.1708140537029958,1.01855,14,0.09523809523809523,18443.6936085764,13.996440348137698,236.2602234223165,2057.4767311762416,13.996440348137698,97.03111133003128,14384.124117933878,97.85118447574064,60.74994839553149,21.368136000000085,0.14942752447552513,0.4453294138074568,21.368136000000085,0.14942752447552513,0.4453294138074568,1,0.06267,0.06267,0,Both,High,Medium,High,High
5492,10,163,40.07722,0.2458725153374233,0.1601676793922355,0.9101600000000001,16,0.098159509202454,24655.298170646136,-6.321143324592643,196.92654134021384,-1030.3463619086008,-6.321143324592643,101.51188211722229,14678.917717219016,90.05470992158905,57.32483012190423,13.086314000000069,0.09913874242424292,0.6001636031886651,13.086314000000069,0.09913874242424292,0.6001636031886651,4,0.52868,0.13217,3,Both,High,Medium,High,High
5492,11,23,7.412109999999998,0.322265652173913,0.2039677711077454,0.75684,2,0.08695652173913042,5472.0752488422695,54.10650933817921,451.2742049333815,1244.4497147781215,54.10650933817921,70.00626715047602,2088.7324590861317,90.81445474287528,56.65087067219169,5.497818000000005,0.2893588421052634,0.7170083042190751,5.497818000000005,0.2893588421052634,0.7170083042190751,1,0.14451,0.14451,3,Both,High,Medium,High,High
5492,12,18,3.5674,0.1981888888888889,0.05964435261418664,0.32813000000000003,0,0.0,2381.93263539865,19.91315774010899,202.6794052898841,358.4368393219618,19.91315774010899,76.28304670027923,1804.2921921799455,100.23845512110807,54.30886646764121,7.071352000000008,0.4419595000000005,0.4989446442179234,7.071352000000008,0.4419595000000005,0.4989446442179234,0,0.0,0.0,3,Both,High,Medium,High,High
5492,13,0,0.0,0.0,0.0,0.0,0,0.0,0.0,0.0,0.0,0.0,0.0,0.0,0.0,0.0,0.0,0.0,0.0,0.0,0.0,0.0,0.0,0,0.0,0.0,0,Both,High,Medium,High,High
5492,15,58,14.30371,0.2466156896551724,0.10745973347085794,0.75,3,0.05172413793103448,8593.493967721892,13.325005505219991,159.07790615256147,772.8503193027594,13.325005505219991,96.26405706911378,5922.778755405606,102.11687509320008,62.4744655862569,15.771482000000036,0.2816336071428577,0.480931023774672,15.771482000000036,0.2816336071428577,0.480931023774672,3,0.6200399999999999,0.20668000000000003,3,Both,High,Medium,High,High
5492,16,102,27.817429999999998,0.27271990196078433,0.18770161272769773,1.2529299999999999,11,0.10784313725490197,15745.134143094943,8.64616671106034,234.93812828790817,881.9090045281548,8.64616671106034,100.87559515893108,10271.123964896291,100.69729377349309,61.64047497885914,5.565548000000041,0.06625652380952429,0.5180766567196379,5.565548000000041,0.06625652380952429,0.5180766567196379,1,0.14088,0.14088,3,Both,High,Medium,High,High
5492,17,74,20.50393,0.27708013513513513,0.11347425537876653,0.62402,2,0.027027027027027032,7643.045300876248,20.25223633263465,85.79696653396734,1498.665488614964,20.25223633263465,79.70213532157834,7969.29805331078,107.69321693663215,62.263349546958544,0.675330000000034,0.009647571428571913,0.5431048059678607,0.675330000000034,0.009647571428571913,0.5431048059678607,4,0.48222,0.120555,3,Both,High,Medium,High,High
5492,18,118,27.947319999999994,0.2368416949152542,0.10153488842911927,0.60254,19,0.16101694915254236,13404.594898700301,1.5044351769900877,121.22664592176355,177.52335088483036,1.5044351769900877,96.78774010927108,11850.059559424675,100.42423355444642,57.53418907002863,0.3459920000000673,0.0031170450450456514,0.4572696099783003,0.3459920000000673,0.0031170450450456514,0.4572696099783003,3,0.33781,0.11260333333333332,0,Both,High,Medium,High,High
5492,20,61,17.73633,0.2907595081967213,0.14217438967720591,0.8916,1,0.016393442622950817,7927.7232126344,-5.290523695602231,111.85238789047024,-322.7219454317361,-5.290523695602231,96.70665623699341,6394.126841453482,104.82175149923741,66.0911638678851,-3.7505899999999732,-0.06250983333333288,0.5032255932972143,-3.7505899999999732,-0.06250983333333288,0.5032255932972143,1,0.09491000000000001,0.09491000000000001,3,Both,High,Medium,High,High
5492,21,89,24.75882000000001,0.2781889887640451,0.1579950949960081,0.9843799999999999,6,0.06741573033707865,11239.107087651468,23.85477218074963,163.0776870000923,2123.0747240867167,23.85477218074963,76.85000405354947,9473.734276224131,106.4464525418442,62.972103912807896,-12.152015999999962,-0.13967834482758573,0.4390867226890102,-12.152015999999962,-0.13967834482758573,0.4390867226890102,2,0.20103,0.100515,3,Both,High,Medium,High,High
5492,22,147,42.538090000000004,0.28937476190476186,0.15697552562533898,1.19434,19,0.1292517006802721,16750.864679332662,8.459872209599299,116.05951875562964,1243.6012148110967,8.459872209599299,95.08521202350586,16047.985606734372,109.16997011383928,62.009033782450025,-9.38193399999992,-0.06560793006992953,0.4689288635738577,-9.38193399999992,-0.06560793006992953,0.4689288635738577,3,0.29587,0.09862333333333333,3,Both,High,Medium,High,High
5492,23,71,19.47169,0.2742491549295775,0.20311458021289489,1.38281,3,0.04225352112676056,8525.424053365216,29.27990361145143,134.73797728056033,2078.873156413051,29.27990361145143,85.76395306673956,7330.960227057812,103.2529609444762,64.9597920764325,11.427698000000017,0.17855778125000027,0.4658186914943232,11.427698000000017,0.17855778125000027,0.4658186914943232,3,0.35589000000000004,0.11863,0,Both,High,Medium,High,High
5492,25,97,30.885770000000004,0.31840999999999997,0.2382193116333173,1.40723,6,0.061855670103092786,11793.970631937436,20.80737317576597,175.28620556177088,2018.315198049299,20.80737317576597,84.64848751388134,9016.669253383592,92.9553531276659,57.30885266103259,11.300256000000065,0.13614766265060316,1.016635045711655,11.300256000000065,0.13614766265060316,1.016635045711655,1,0.12615,0.12615,3,Both,High,Medium,High,High
5492,26,39,11.86426,0.3042117948717949,0.1902764043184761,1.23242,2,0.05128205128205128,4090.0079597221975,23.3064006894142,95.43264846591632,908.9496268871536,23.3064006894142,100.2654065757578,3093.9334351800317,79.33162654307775,56.68498918317209,0.8866980000000173,0.0227358461538466,0.5835154504271325,0.8866980000000173,0.0227358461538466,0.5835154504271325,0,0.0,0.0,3,Both,High,Medium,High,High
5492,27,72,20.843769999999992,0.28949680555555546,0.15880939981299025,0.84375,4,0.05555555555555555,8323.324556582187,15.572019729212752,130.38231566820033,1121.1854205033183,15.572019729212752,87.799914814759,7188.4437157424145,99.839496051978,63.82129928293747,-0.6998399999999618,-0.00999771428571374,0.4815651220667072,-0.6998399999999618,-0.00999771428571374,0.4815651220667072,0,0.0,0.0,3,Both,High,Medium,High,High
5492,28,184,58.72370999999998,0.31915059782608685,0.2556419568653955,2.23145,25,0.1358695652173913,19132.209579072423,6.268914097804832,121.43193622125528,1153.4801939960894,6.268914097804832,93.21420432706681,18941.26321806236,102.94164792425195,58.187120579535076,-19.840321999999908,-0.11402483908045928,0.4283188034356679,-19.840321999999908,-0.11402483908045928,0.4283188034356679,4,0.58592,0.14648,0,Both,High,Medium,High,High
5492,30,106,27.96684000000001,0.26383811320754724,0.1302337656135074,0.8906299999999999,8,0.07547169811320754,12650.874164727977,26.055616685420247,116.92442730772586,2761.895368654546,26.055616685420247,87.70893659431817,11144.239632434648,105.13433615504385,58.9898596057127,-0.7775819999999434,-0.007476749999999454,0.43618654763640985,-0.7775819999999434,-0.007476749999999454,0.43618654763640985,0,0.0,0.0,3,Both,High,Medium,High,High
6515,1,335,31.466550000000016,0.09393000000000004,0.06491638164569978,0.61865,42,0.1253731343283582,81618.25764289181,8.083716383202118,445.6322943865551,2708.044988372709,8.083716383202118,97.5044052036936,31153.2291389631,92.99471384765104,55.3190363509685,31.304590895522352,0.09782684654850736,0.4764176700461333,31.304590895522352,0.09782684654850736,0.4764176700461333,27,3.47716,0.12878370370370368,3,Both,Medium,Medium,Medium,Medium
6515,2,264,23.013140000000003,0.08717098484848486,0.050512938229482635,0.32007,39,0.14772727272727273,63236.491593348095,-3.6279239945042137,438.9143913156309,-957.7719345491124,-3.6279239945042137,103.32131716146849,23884.723601316182,90.47243788377341,56.59322496170521,51.7212470149253,0.20606074507938368,0.4753227274846733,51.7212470149253,0.20606074507938368,0.4753227274846733,10,3.70584,0.3705839999999999,0,Both,Medium,Medium,Medium,Medium
6515,3,288,24.397789999999986,0.08471454861111108,0.04918032670909083,0.28735,39,0.13541666666666666,56235.283858721865,18.945217909891067,254.30840862674012,5456.222758048626,18.945217909891067,99.03383772207887,27019.090582523353,93.81628674487276,55.072954106158065,86.74223223880584,0.32856906151062826,0.3581342922199701,86.74223223880584,0.32856906151062826,0.3581342922199701,6,1.20239,0.20039833333333332,3,Both,Medium,Medium,Medium,Medium
6515,4,142,13.730530000000002,0.09669387323943664,0.056816864918995375,0.33032,11,0.07746478873239436,21420.843706683114,28.393541482640835,193.99762941923407,4031.8828905349988,28.393541482640835,92.48725997655986,12810.17029605721,90.21246687364231,53.19127827089609,45.814347761194036,0.33198802725502924,0.3542858936456844,45.814347761194036,0.33198802725502924,0.3542858936456844,8,1.89188,0.236485,3,Both,Medium,Medium,Medium,Medium
6515,6,200,17.604209999999988,0.08802104999999996,0.050522799906552084,0.3833,19,0.095,28388.056920110026,8.436468646898287,177.90906108929605,1687.2937293796576,8.436468646898287,102.8263429868196,18656.607180811417,93.28303590405709,53.39281766021683,64.67701865671633,0.3404053613511386,0.33099564460492004,64.67701865671633,0.3404053613511386,0.33099564460492004,18,4.342140000000001,0.2412300000000001,3,Both,Medium,Medium,Medium,Medium
6515,7,204,18.44458,0.09041460784313726,0.04464060749576905,0.29321,32,0.1568627450980392,23543.98284583669,8.925748867348311,157.63824131662892,1820.8527689390555,8.925748867348311,96.4315583271994,16824.6794403895,82.47391882543874,53.456386047080024,3.3339731343283394,0.018318533705100767,0.35424243196004784,3.3339731343283394,0.018318533705100767,0.35424243196004784,12,4.082109999999999,0.3401758333333333,0,Both,Medium,Medium,Medium,Medium
6515,8,101,8.531999999999995,0.08447524752475243,0.035442327203669896,0.22021,10,0.099009900990099,10329.533056327491,1.418448321442115,86.94315199919575,143.26328046565362,1.418448321442115,92.37661022679517,8820.618228067975,87.33285374324728,51.55960058285829,1.7225068656716185,0.02002914960083277,0.3371689248584617,1.7225068656716185,0.02002914960083277,0.3371689248584617,35,13.299039999999994,0.3799725714285713,3,Both,Medium,Medium,Medium,Medium
6515,9,139,11.836209999999989,0.08515258992805748,0.044841014119320566,0.26318,12,0.08633093525179858,16209.515306721985,0.04619669297346718,156.32174137737655,6.421340323311938,0.04619669297346718,95.87765857339228,12407.575642651032,89.2631341197916,54.899909926895724,2.2084034328358024,0.020076394843961842,0.2942346709580524,2.2084034328358024,0.020076394843961842,0.2942346709580524,37,8.056520000000006,0.21774378378378395,3,Both,Medium,Medium,Medium,Medium
6515,11,9,0.55104,0.061226666666666665,0.032798686288054615,0.12769,0,0.0,2773.666708966618,44.79264689012003,402.34633036715485,403.13382201108027,44.79264689012003,75.25991695254136,631.4795726228251,70.16439695809169,62.54557898197293,1.3609097014925369,0.2721819402985074,0.2331716161628597,1.3609097014925369,0.2721819402985074,0.2331716161628597,2,0.73422,0.36711,3,Both,Medium,Medium,Medium,Medium
6515,12,11,0.69312,0.06301090909090909,0.033211214002761016,0.13477,1,0.09090909090909093,2313.354807187848,77.79448131321642,164.04613445226485,855.7392944453807,77.79448131321642,59.622615492932646,639.5647584318212,58.14225076652921,61.77730402241875,-1.7001025373134344,-0.1889002819237149,0.4855475117386099,-1.7001025373134344,-0.1889002819237149,0.4855475117386099,0,0.0,0.0,0,Both,Medium,Medium,Medium,Medium
6515,13,0,0.0,0.0,0.0,0.0,0,0.0,0.0,0.0,0.0,0.0,0.0,0.0,0.0,0.0,0.0,0.0,0.0,0.0,0.0,0.0,0.0,0,0.0,0.0,3,Both,Medium,Medium,Medium,Medium
6515,14,0,0.0,0.0,0.0,0.0,0,0.0,0.0,0.0,0.0,0.0,0.0,0.0,0.0,0.0,0.0,0.0,0.0,0.0,0.0,0.0,0.0,0,0.0,0.0,3,Both,Medium,Medium,Medium,Medium
6515,16,67,6.14944,0.09178268656716418,0.06475436382648975,0.43262,4,0.059701492537313425,15798.494592104651,0.20972434084499214,477.65091693178704,14.051530836614475,0.20972434084499214,92.69231209171605,6517.8904231199,97.28194661372986,57.40353024795714,9.923992238805956,0.15752368633025327,0.3929874927547671,9.923992238805956,0.15752368633025327,0.3929874927547671,1,0.17523,0.17523,3,Both,Medium,Medium,Medium,Medium
6515,17,171,16.905069999999995,0.09886005847953214,0.05811707904398473,0.31958000000000003,17,0.09941520467836257,26862.45869125788,8.816308938373375,296.3911154880822,1507.5888284618472,8.816308938373375,102.88644483337471,14707.832504471866,86.01071640042026,52.92294717950996,105.8937504477612,0.6618359402985075,0.5477751593326714,105.8937504477612,0.6618359402985075,0.5477751593326714,7,0.6792499999999999,0.09703571428571428,0,Both,Medium,Medium,Medium,Medium
6515,18,115,10.20286,0.08872052173913045,0.048076979320641096,0.33838,10,0.08695652173913042,17385.085645276642,-16.272232029746387,270.8795094164742,-1871.3066834208344,-16.272232029746387,96.39951814212498,10391.23647373089,90.35857803244251,55.59177510322879,50.09109940298506,0.6505337584803256,0.6102160126505416,50.09109940298506,0.6505337584803256,0.6102160126505416,2,0.60124,0.30062,3,Both,Medium,Medium,Medium,Medium
6515,19,1,0.03857,0.03857,0.0,0.03857,0,0.0,557.3340701211079,43.22123867588315,0.0,43.22123867588315,43.22123867588315,0.0,159.01217714726073,159.01217714726073,0.0,0.3294019402985073,0.3294019402985073,0.0,0.3294019402985073,0.3294019402985073,0.0,1,0.28745,0.28745,3,Both,Medium,Medium,Medium,Medium
6515,21,0,0.0,0.0,0.0,0.0,0,0.0,0.0,0.0,0.0,0.0,0.0,0.0,0.0,0.0,0.0,0.0,0.0,0.0,0.0,0.0,0.0,0,0.0,0.0,3,Both,Medium,Medium,Medium,Medium
6515,22,0,0.0,0.0,0.0,0.0,0,0.0,0.0,0.0,0.0,0.0,0.0,0.0,0.0,0.0,0.0,0.0,0.0,0.0,0.0,0.0,0.0,0,0.0,0.0,0,Both,Medium,Medium,Medium,Medium
6515,23,2,0.049319999999999996,0.024659999999999998,0.0036599999999999983,0.02832,0,0.0,864.2480018176401,124.27856269478387,225.7407625196525,248.55712538956774,124.27856269478387,2.3361778678893264,268.13930934454163,134.0696546722708,41.25798959195049,2.4586519402985085,2.4586519402985085,0.0,2.4586519402985085,2.4586519402985085,0.0,0,0.0,0.0,3,Both,Medium,Medium,Medium,Medium
6515,24,16,0.8769599999999999,0.05480999999999999,0.0268236607307802,0.12744,0,0.0,8456.768943986543,10.100789863259433,439.4189455313479,161.61263781215098,10.100789863259433,88.48349478234427,1396.5385516226331,87.28365947641457,58.77533514243063,6.080365522388059,0.7600456902985073,0.7366090077499986,6.080365522388059,0.7600456902985073,0.7366090077499986,0,0.0,0.0,3,Both,Medium,Medium,Medium,Medium
6515,26,159,14.848619999999995,0.09338754716981128,0.06869476444778805,0.5293,17,0.1069182389937107,22008.55439039402,-0.4251062173647916,197.6132898331683,-67.59188856100187,-0.4251062173647916,105.22359512061352,14518.652078947793,91.31227722608676,55.862638536987326,36.43764119402983,0.7752689615751027,0.7577361172962713,36.43764119402983,0.7752689615751027,0.7577361172962713,24,7.542739999999998,0.31428083333333323,3,Both,Medium,Medium,Medium,Medium
6515,27,97,6.8100999999999985,0.07020721649484535,0.03563505431981002,0.26758000000000004,5,0.05154639175257732,16574.050760094873,12.666411503265948,468.54578406096914,1228.6419158167967,12.666411503265948,91.5275155088883,8802.032042685074,90.74259837819665,59.3200115090729,-4.622477014925389,-0.0550294882729213,0.2480296256275274,-4.622477014925389,-0.0550294882729213,0.2480296256275274,4,1.07811,0.26952750000000003,0,Both,Medium,Medium,Medium,Medium
6515,28,106,7.7959200000000015,0.07354641509433962,0.03169732401027889,0.20117,8,0.07547169811320754,10681.32468160695,4.906605654213432,102.72769265845837,520.1001993466239,4.906605654213432,94.82427290712258,8243.840920302124,77.77208415379361,52.53642309216712,1.0726040298507256,0.010726040298507256,0.3189711025921313,1.0726040298507256,0.010726040298507256,0.3189711025921313,1,0.14465,0.14465,3,Both,Medium,Medium,Medium,Medium
6515,29,120,8.79395,0.07328291666666667,0.03093902932639812,0.20801,10,0.08333333333333333,18480.580032967628,0.993374347833346,269.2576157877296,119.20492174000151,0.993374347833346,92.4471699485537,10392.587540181126,86.60489616817604,56.53243578965582,4.634555671641769,0.043722223317375165,0.2860259386718942,4.634555671641769,0.043722223317375165,0.2860259386718942,13,2.93345,0.22565,3,Both,Medium,Medium,Medium,Medium
2156,1,66,16.758419999999994,0.2539154545454545,0.3440188250715086,2.10364,3,0.045454545454545456,37972.80206098529,28.89622088688633,1100.4885255231636,1907.1505785344973,28.89622088688633,95.64275450807129,5724.409257256697,86.73347359479843,61.16001945249037,-10.565555757575748,-0.28555556101556073,0.5025625264232679,-10.565555757575748,-0.28555556101556073,0.5025625264232679,2,0.78796,0.39398,0,Both,High,Low,High,High
2156,2,49,9.838949999999997,0.2007948979591836,0.28822721380190663,1.6793200000000001,2,0.040816326530612235,44364.798371640136,0.37715646482818893,1842.2804787434839,18.480666776581263,0.37715646482818893,93.79825750485249,3788.0773601889796,77.30770122834653,60.197168304715824,-5.678354242424238,-0.19580531870428405,0.3682219099140962,-5.678354242424238,-0.19580531870428405,0.3682219099140962,2,0.57208,0.28604,3,Both,High,Low,High,High
2156,4,23,4.5011,0.1957,0.2060368689041505,0.8377700000000001,0,0.0,30989.88754106018,10.390996752457088,1470.8811666473364,238.99292530651303,10.390996752457088,79.15873673774409,2107.552799042187,91.63273039313856,65.91318991114169,-3.945641212121208,-0.3035108624708622,0.581175302357062,-3.945641212121208,-0.3035108624708622,0.581175302357062,2,0.50569,0.252845,3,Both,High,Low,High,High
2156,5,105,27.63357,0.2631768571428572,0.2321324354403231,1.65503,7,0.06666666666666668,80622.0146349299,39.624193076706405,1341.5662976318515,4160.540273054173,39.624193076706405,90.57440703729178,9931.214761750662,94.5829977309587,61.99861924405643,-16.035094242424222,-0.2586305522971649,0.4394423112569987,-16.035094242424222,-0.2586305522971649,0.4394423112569987,4,0.20501000000000005,0.051252500000000006,3,Both,High,Low,High,High
2156,6,63,16.679429999999996,0.2647528571428571,0.201004701725224,0.89697,8,0.12698412698412698,52197.94972840033,14.440476770845768,1613.98069089766,909.7500365632837,14.440476770845768,100.25941396681488,4842.401480882685,76.86351556956645,59.79605634671429,-11.20195606060605,-0.3500611268939391,0.35483774531467194,-11.20195606060605,-0.3500611268939391,0.35483774531467194,1,0.034230000000000003,0.034230000000000003,0,Both,High,Low,High,High
2156,7,70,23.972149999999992,0.3424592857142856,0.3328931741750601,1.6814,5,0.07142857142857142,37656.17205178742,30.262110542425003,1341.711443130187,2118.34773796975,30.262110542425003,97.79550563890771,5803.115925661804,82.90165608088292,65.11612919055679,-13.06966181818181,-0.3630461616161614,0.3687867390238715,-13.06966181818181,-0.3630461616161614,0.3687867390238715,4,0.45658000000000004,0.11414500000000001,3,Both,High,Low,High,High
2156,9,56,20.78613,0.3711808928571428,0.3154897704436072,1.5004899999999999,7,0.125,17307.410911780753,23.047559189334386,818.7385611145538,1290.6633146027254,23.047559189334386,77.08673525340252,5464.609017045346,97.58230387580977,62.53789089511055,-13.040689999999987,-0.3951724242424239,0.2306037087468174,-13.040689999999987,-0.3951724242424239,0.2306037087468174,3,0.7381,0.2460333333333333,3,Both,High,Low,High,High
2156,10,76,22.77101,0.2996185526315789,0.3060222851822532,1.7348599999999998,6,0.07894736842105263,35367.06545362484,28.306987958381196,1011.8810596623132,2151.3310848369706,28.306987958381196,85.79630678611609,6425.8244432721485,84.55032162200196,59.418417672914934,-8.864529696969685,-0.2332770972886759,0.4111692002821525,-8.864529696969685,-0.2332770972886759,0.4111692002821525,4,0.6265999999999999,0.15664999999999998,3,Both,High,Low,High,High
2156,11,41,11.175769999999998,0.2725797560975609,0.25298637343509817,1.42383,2,0.04878048780487805,29251.57018200342,19.94634256865539,1632.9328510187495,817.8000453148709,19.94634256865539,103.6011112305414,3784.6661308207176,92.30893002001751,67.15646149739352,-11.404264545454538,-0.4751776893939391,0.2711333822583018,-11.404264545454538,-0.4751776893939391,0.2711333822583018,2,0.06629,0.033145,0,Both,High,Low,High,High
2156,12,30,6.69725,0.22324166666666667,0.24801356523495965,0.9943799999999999,1,0.03333333333333333,19653.357944239386,40.865253003196614,1400.4413126981906,1225.9575900958982,40.865253003196614,96.3049427886747,2863.1347253098365,95.43782417699457,59.25353721488385,-7.971026969696966,-0.4688839393939391,0.3921653744987048,-7.971026969696966,-0.4688839393939391,0.3921653744987048,0,0.0,0.0,3,Both,High,Low,High,High
2156,14,29,6.882809999999999,0.2373382758620689,0.1591188946510074,0.63281,0,0.0,12311.082383612898,33.84190071191434,1048.4198445129598,981.415120645516,33.84190071191434,91.47243308951201,2099.041304985786,72.3807346546823,55.43935493969374,-8.556086666666662,-0.3889130303030301,0.3917180295743292,-8.556086666666662,-0.3889130303030301,0.3917180295743292,2,0.14021,0.070105,3,Both,High,Low,High,High
2156,15,46,14.263410000000004,0.3100741304347827,0.2821691653306121,1.43994,2,0.043478260869565216,21202.318908905734,22.902411958325025,541.8965240410016,1053.5109500829512,22.902411958325025,97.89328788962072,3941.7342015549793,85.68987394684737,66.54656146292618,-10.850996060606056,-0.3390936268939392,0.3075545766326927,-10.850996060606056,-0.3390936268939392,0.3075545766326927,1,0.07793,0.07793,3,Both,High,Low,High,High
2156,16,132,41.14264999999999,0.3116867424242423,0.31765235693428023,2.4043,19,0.14393939393939395,41747.69851600978,20.799698940335787,717.6717733352738,2745.560260124324,20.799698940335787,101.10017453473296,12104.67736704695,91.7021012655072,60.06116482494386,-26.10691575757573,-0.37295593939393895,0.39436864760986345,-26.10691575757573,-0.37295593939393895,0.39436864760986345,5,0.5684199999999999,0.11368399999999998,0,Both,High,Low,High,High
2156,17,26,7.764410000000001,0.29863115384615385,0.18122252870492425,0.64966,1,0.038461538461538464,8076.840334754772,44.1247880958327,499.45271812050515,1147.24449049165,44.1247880958327,95.4804752385421,2150.859647762284,82.72537106778016,61.805976936678135,-5.5166330303030255,-0.3447895643939391,0.3694354443474995,-5.5166330303030255,-0.3447895643939391,0.3694354443474995,1,0.43437,0.43437,3,Both,High,Low,High,High
2156,19,67,17.011479999999995,0.2539026865671641,0.23275409435828096,1.0595700000000001,7,0.1044776119402985,38144.470407422355,46.08452932252768,1118.985427130401,3087.663464609353,46.08452932252768,89.75613085667828,5612.325771121493,83.76605628539542,59.15977371409871,-13.091904242424238,-0.4514449738766978,0.40869968137264573,-13.091904242424238,-0.4514449738766978,0.40869968137264573,3,0.38676,0.12892,3,Both,High,Low,High,High
2156,20,57,13.5874,0.2383754385964912,0.24860206257397724,1.2121600000000001,2,0.03508771929824561,50513.009358051866,20.894742109431053,1370.1610110279394,1191.0003002375702,20.894742109431053,96.76893555453913,4455.7824142009085,78.17162130177033,69.86174339316361,-14.949721515151504,-0.36462735402808544,0.3187011012665049,-14.949721515151504,-0.36462735402808544,0.3187011012665049,2,0.18889,0.094445,3,Both,High,Low,High,High
2156,21,48,8.56837,0.17850770833333332,0.14125159343112415,0.61597,1,0.02083333333333333,43476.249446828304,67.8150009650481,1285.757529579263,3255.120046322309,67.8150009650481,66.62858296329773,3434.028670834931,71.54226397572772,66.23941412820193,-15.554621818181806,-0.43207282828282795,0.21055735548043336,-15.554621818181806,-0.43207282828282795,0.21055735548043336,3,0.19619,0.06539666666666667,0,Both,High,Low,High,High
2156,22,73,21.228510000000004,0.2908015068493151,0.30131662078863625,1.7766099999999998,8,0.1095890410958904,25033.447763547018,25.997382471129193,734.2163751810738,1897.8089203924308,25.997382471129193,102.61471518307371,5744.228504424031,78.68806170443878,54.68692143144843,-13.843982727272714,-0.25637005050505024,0.3581166894221228,-13.843982727272714,-0.25637005050505024,0.3581166894221228,2,0.20775,0.103875,3,Both,High,Low,High,High
2156,24,27,6.942370000000001,0.2571248148148149,0.1970439895306398,0.97388,1,0.037037037037037035,9950.20235491316,38.941137638501274,724.9921757756617,1051.4107162395344,38.941137638501274,97.49091887360586,2071.2316879991445,76.71228474070905,53.447919373252276,-3.6618827272727215,-0.1743753679653677,0.3609950217777239,-3.6618827272727215,-0.1743753679653677,0.3609950217777239,0,0.0,0.0,3,Both,High,Low,High,High
2156,25,39,8.598160000000004,0.22046564102564112,0.12401808653858375,0.58594,1,0.02564102564102564,7276.786785009218,44.025156705919436,239.84465837222146,1716.9811115308578,44.025156705919436,95.71876651774376,3644.9375882312816,93.45993815977646,53.25788651512888,-3.129934545454537,-0.13041393939393905,0.30888102165962383,-3.129934545454537,-0.13041393939393905,0.30888102165962383,1,0.0831,0.0831,3,Both,High,Low,High,High
2156,26,72,24.72533,0.3434073611111111,0.3470088863935501,1.9963400000000002,5,0.06944444444444445,9597.268846348816,14.758501637881244,137.66689111920326,1062.6121179274494,14.758501637881244,103.17259915585213,6977.4348712744495,96.90881765658959,60.48003841143907,-3.99903303030302,-0.08161291898577591,0.4245122997877137,-3.99903303030302,-0.08161291898577591,0.4245122997877137,3,0.41148999999999997,0.13716333333333333,0,Both,High,Low,High,High
2156,27,68,20.444810000000007,0.30065897058823543,0.23776281644269745,1.20654,5,0.07352941176470587,11449.658453027914,18.295843362433384,192.9440622739698,1244.1173486454702,18.295843362433384,96.08974043933485,7295.107186936501,107.28098804318384,56.008571967014035,8.203159090909113,0.16084625668449246,0.4643249629921593,8.203159090909113,0.16084625668449246,0.4643249629921593,2,0.30185,0.150925,3,Both,High,Low,High,High
2156,29,50,17.023459999999996,0.3404691999999999,0.25572416766383266,1.54077,3,0.06,6224.491195239481,33.732471481298965,105.91522488096258,1686.6235740649481,33.732471481298965,97.70513601234472,4561.438453405943,91.22876906811884,57.90756614862653,-9.762373939393932,-0.2871286452762921,0.2603820289471145,-9.762373939393932,-0.2871286452762921,0.2603820289471145,1,0.16714,0.16714,3,Both,High,Low,High,High
2156,30,34,10.519510000000004,0.3093973529411766,0.21419958557532304,1.09253,0,0.0,2851.525354182773,7.3472607216240595,63.63726043830564,249.8068645352181,7.3472607216240595,104.94529953140055,3035.8536656899823,89.28981369676417,59.22258977183746,2.94209333333334,0.13373151515151546,0.4507061421357428,2.94209333333334,0.13373151515151546,0.4507061421357428,1,0.0502,0.0502,3,Both,High,Low,High,High
