userID,Page,Total_Fixation_Count,Total_Fixation_Duration,Average_Fixation_Duration,Fixation_Duration_SD,Longest_Fixation_Duration,Total_Refixation_Count,Refixation_Ratio,Total_Saccade_Length,Average_Saccade_Length,Saccade_Length_SD,Total_Saccade_Absolute_Angle,Average_Saccade_Absolute_Angle,Saccade_Absolute_Angle_SD,Total_Saccade_Relative_Angle,Average_Saccade_Relative_Angle,Saccade_Relative_Angle_SD,Total_Left_Eye_Difference,Average_Left_Eye_Difference,Left_Eye_Difference_SD,Total_Right_Eye_Difference,Average_Right_Eye_Difference,Right_Eye_Difference_SD,Blink_Count,Total_Blink_Duration,Average_Blink_Duration,Total_Fixation_Count_AOI1,Total_Fixation_Duration_AOI1,Average_Fixation_Duration_AOI1,Fixation_Duration_SD_AOI1,Longest_Fixation_Duration_AOI1,Total_Refixation_Count_AOI1,Refixation_Ratio_AOI1,Total_Saccade_Length_AOI1,Average_Saccade_Length_AOI1,Saccade_Length_SD_AOI1,Total_Saccade_Absolute_Angle_AOI1,Average_Saccade_Absolute_Angle_AOI1,Saccade_Absolute_Angle_SD_AOI1,Total_Saccade_Relative_Angle_AOI1,Average_Saccade_Relative_Angle_AOI1,Saccade_Relative_Angle_SD_AOI1,Total_Left_Eye_Difference_AOI1,Average_Left_Eye_Difference_AOI1,Left_Eye_Difference_SD_AOI1,Total_Right_Eye_Difference_AOI1,Average_Right_Eye_Difference_AOI1,Right_Eye_Difference_SD_AOI1,Blink_Count_AOI1,Total_Blink_Duration_AOI1,Average_Blink_Duration_AOI1,AOI_Language_AOI1,Previous_AOI_Language_AOI1,Language_Switch_AOI1,Self_AOI_Language_Proficiency_AOI1,Test_AOI_Language_Proficiency_AOI1,Is_AOI_L1_AOI1,Total_Fixation_Count_AOI2,Total_Fixation_Duration_AOI2,Average_Fixation_Duration_AOI2,Fixation_Duration_SD_AOI2,Longest_Fixation_Duration_AOI2,Total_Refixation_Count_AOI2,Refixation_Ratio_AOI2,Total_Saccade_Length_AOI2,Average_Saccade_Length_AOI2,Saccade_Length_SD_AOI2,Total_Saccade_Absolute_Angle_AOI2,Average_Saccade_Absolute_Angle_AOI2,Saccade_Absolute_Angle_SD_AOI2,Total_Saccade_Relative_Angle_AOI2,Average_Saccade_Relative_Angle_AOI2,Saccade_Relative_Angle_SD_AOI2,Total_Left_Eye_Difference_AOI2,Average_Left_Eye_Difference_AOI2,Left_Eye_Difference_SD_AOI2,Total_Right_Eye_Difference_AOI2,Average_Right_Eye_Difference_AOI2,Right_Eye_Difference_SD_AOI2,Blink_Count_AOI2,Total_Blink_Duration_AOI2,Average_Blink_Duration_AOI2,AOI_Language_AOI2,Previous_AOI_Language_AOI2,Language_Switch_AOI2,Self_AOI_Language_Proficiency_AOI2,Test_AOI_Language_Proficiency_AOI2,Is_AOI_L1_AOI2,Total_Fixation_Count_AOI3,Total_Fixation_Duration_AOI3,Average_Fixation_Duration_AOI3,Fixation_Duration_SD_AOI3,Longest_Fixation_Duration_AOI3,Total_Refixation_Count_AOI3,Refixation_Ratio_AOI3,Total_Saccade_Length_AOI3,Average_Saccade_Length_AOI3,Saccade_Length_SD_AOI3,Total_Saccade_Absolute_Angle_AOI3,Average_Saccade_Absolute_Angle_AOI3,Saccade_Absolute_Angle_SD_AOI3,Total_Saccade_Relative_Angle_AOI3,Average_Saccade_Relative_Angle_AOI3,Saccade_Relative_Angle_SD_AOI3,Total_Left_Eye_Difference_AOI3,Average_Left_Eye_Difference_AOI3,Left_Eye_Difference_SD_AOI3,Total_Right_Eye_Difference_AOI3,Average_Right_Eye_Difference_AOI3,Right_Eye_Difference_SD_AOI3,Blink_Count_AOI3,Total_Blink_Duration_AOI3,Average_Blink_Duration_AOI3,AOI_Language_AOI3,Previous_AOI_Language_AOI3,Language_Switch_AOI3,Self_AOI_Language_Proficiency_AOI3,Test_AOI_Language_Proficiency_AOI3,Is_AOI_L1_AOI3,Total_Fixation_Count_AOI4,Total_Fixation_Duration_AOI4,Average_Fixation_Duration_AOI4,Fixation_Duration_SD_AOI4,Longest_Fixation_Duration_AOI4,Total_Refixation_Count_AOI4,Refixation_Ratio_AOI4,Total_Saccade_Length_AOI4,Average_Saccade_Length_AOI4,Saccade_Length_SD_AOI4,Total_Saccade_Absolute_Angle_AOI4,Average_Saccade_Absolute_Angle_AOI4,Saccade_Absolute_Angle_SD_AOI4,Total_Saccade_Relative_Angle_AOI4,Average_Saccade_Relative_Angle_AOI4,Saccade_Relative_Angle_SD_AOI4,Total_Left_Eye_Difference_AOI4,Average_Left_Eye_Difference_AOI4,Left_Eye_Difference_SD_AOI4,Total_Right_Eye_Difference_AOI4,Average_Right_Eye_Difference_AOI4,Right_Eye_Difference_SD_AOI4,Blink_Count_AOI4,Total_Blink_Duration_AOI4,Average_Blink_Duration_AOI4,AOI_Language_AOI4,Previous_AOI_Language_AOI4,Language_Switch_AOI4,Self_AOI_Language_Proficiency_AOI4,Test_AOI_Language_Proficiency_AOI4,Is_AOI_L1_AOI4,Total_Fixation_Count_AOI5,Total_Fixation_Duration_AOI5,Average_Fixation_Duration_AOI5,Fixation_Duration_SD_AOI5,Longest_Fixation_Duration_AOI5,Total_Refixation_Count_AOI5,Refixation_Ratio_AOI5,Total_Saccade_Length_AOI5,Average_Saccade_Length_AOI5,Saccade_Length_SD_AOI5,Total_Saccade_Absolute_Angle_AOI5,Average_Saccade_Absolute_Angle_AOI5,Saccade_Absolute_Angle_SD_AOI5,Total_Saccade_Relative_Angle_AOI5,Average_Saccade_Relative_Angle_AOI5,Saccade_Relative_Angle_SD_AOI5,Total_Left_Eye_Difference_AOI5,Average_Left_Eye_Difference_AOI5,Left_Eye_Difference_SD_AOI5,Total_Right_Eye_Difference_AOI5,Average_Right_Eye_Difference_AOI5,Right_Eye_Difference_SD_AOI5,Blink_Count_AOI5,Total_Blink_Duration_AOI5,Average_Blink_Duration_AOI5,AOI_Language_AOI5,Previous_AOI_Language_AOI5,Language_Switch_AOI5,Self_AOI_Language_Proficiency_AOI5,Test_AOI_Language_Proficiency_AOI5,Is_AOI_L1_AOI5,Total_Fixation_Count_AOI6,Total_Fixation_Duration_AOI6,Average_Fixation_Duration_AOI6,Fixation_Duration_SD_AOI6,Longest_Fixation_Duration_AOI6,Total_Refixation_Count_AOI6,Refixation_Ratio_AOI6,Total_Saccade_Length_AOI6,Average_Saccade_Length_AOI6,Saccade_Length_SD_AOI6,Total_Saccade_Absolute_Angle_AOI6,Average_Saccade_Absolute_Angle_AOI6,Saccade_Absolute_Angle_SD_AOI6,Total_Saccade_Relative_Angle_AOI6,Average_Saccade_Relative_Angle_AOI6,Saccade_Relative_Angle_SD_AOI6,Total_Left_Eye_Difference_AOI6,Average_Left_Eye_Difference_AOI6,Left_Eye_Difference_SD_AOI6,Total_Right_Eye_Difference_AOI6,Average_Right_Eye_Difference_AOI6,Right_Eye_Difference_SD_AOI6,Blink_Count_AOI6,Total_Blink_Duration_AOI6,Average_Blink_Duration_AOI6,AOI_Language_AOI6,Previous_AOI_Language_AOI6,Language_Switch_AOI6,Self_AOI_Language_Proficiency_AOI6,Test_AOI_Language_Proficiency_AOI6,Is_AOI_L1_AOI6,Number of English AOIs,L1,Eng Prof (Self),Eng Prof (Test),Chinese/Spanish Prof (Self),Chinese/Spanish Prof (Test)
2492,1,14,4.15629,0.29687785714285714,0.19560217805457555,0.8125,1,0.07142857142857142,1304.4326375172045,15.257223099848845,51.78226564790062,213.60112339788384,15.257223099848845,46.284451734484456,1449.6079727422346,103.5434266244453,65.48908016944354,3.3508418181818187,0.2792368181818183,0.2634311070319589,3.3508418181818187,0.2792368181818183,0.2634311070319589,0,0.0,0.0,2,0.7187600000000001,0.35938000000000003,0.06249999999999997,0.42188,0,0.0,245.47749260443368,-9.336081553783073,44.82070656917433,-18.672163107566146,-9.336081553783073,9.539196112419317,119.94684586079552,59.973422930397774,46.997385892458475,1.5241103030303034,0.7620551515151517,0.2326050000000001,1.5241103030303034,0.7620551515151517,0.2326050000000001,0,0.0,0.0,Spanish,Spanish,No,Low,Low,No,1,0.51563,0.51563,0.0,0.51563,0,0.0,142.09596478380388,54.15391351094138,0.0,54.15391351094138,54.15391351094138,0.0,64.69245619998385,64.69245619998385,0.0,0.6918951515151517,0.6918951515151517,0.0,0.6918951515151517,0.6918951515151517,0.0,0,0.0,0.0,English,Spanish,Yes,Medium,Low,Yes,4,0.6250100000000001,0.15625250000000002,0.04816191772292711,0.20313,0,0.0,320.3349208784647,20.548761649065106,43.22014944666133,82.19504659626041,20.548761649065106,40.60509021809863,569.1704699819428,142.2926174954857,31.49670647649134,0.30882545454545474,0.10294181818181823,0.08081807237383364,0.30882545454545474,0.10294181818181823,0.08081807237383364,0,0.0,0.0,Spanish,English,Yes,Low,Low,No,4,0.7500100000000001,0.18750250000000002,0.11212942441103496,0.375,1,0.25,268.25095258166124,18.63090191695569,37.499764545386896,74.52360766782273,18.63090191695569,70.73552313681448,495.43366710498117,123.85841677624529,70.93091832926275,0.4221854545454549,0.14072848484848496,0.06332954778160223,0.4221854545454549,0.14072848484848496,0.06332954778160223,0,0.0,0.0,English,Spanish,Yes,Medium,Low,Yes,3,1.54688,0.5156266666666667,0.2176293916016145,0.8125,0,0.0,328.27330666884063,7.13357291014183,63.45246698804935,21.40071873042549,7.13357291014183,6.383325211034943,200.3645335945311,66.78817786484369,69.5636102430454,0.4038254545454545,0.13460848484848484,0.10338795040472028,0.4038254545454545,0.13460848484848484,0.10338795040472028,0,0.0,0.0,Spanish,English,Yes,Low,Low,No,0,0.0,0.0,0.0,0.0,0,0.0,0.0,0.0,0.0,0.0,0.0,0.0,0.0,0.0,0.0,0.0,0.0,0.0,0.0,0.0,0.0,0,0.0,0.0,English,Spanish,Yes,Medium,Low,Yes,3,English,Medium,Low,Low,Low
2492,2,48,11.062629999999995,0.2304714583333333,0.143045761384099,0.70313,2,0.04166666666666666,6409.2689687820975,65.87845598726473,96.78576423184649,3162.1658873887072,65.87845598726473,100.68183378481683,5366.642540559853,111.80505292833028,56.48341241881426,19.089011212121214,0.4655856393200297,0.3805318624776876,19.089011212121214,0.4655856393200297,0.3805318624776876,1,0.10232000000000001,0.10232000000000001,17,4.921919999999999,0.2895247058823529,0.14341751456407625,0.5625,0,0.0,2366.8707767751557,81.58101407463708,92.23053247271606,1386.8772392688306,81.58101407463708,92.35343546688296,2084.8295608948547,122.63703299381498,64.72755282287358,10.593586969696966,0.8148913053613053,0.21625731616040067,10.593586969696966,0.8148913053613053,0.21625731616040067,0,0.0,0.0,Spanish,English,Yes,Low,Low,No,10,2.40628,0.240628,0.16903991764077506,0.70313,0,0.0,1086.7821094395765,86.31540116655306,52.928359243685684,863.1540116655307,86.31540116655306,83.1484829715762,1022.0096291667587,102.20096291667588,54.18012151467084,3.844311515151517,0.3844311515151517,0.2690956740938064,3.844311515151517,0.3844311515151517,0.2690956740938064,0,0.0,0.0,Spanish,Spanish,No,Low,Low,No,12,2.03128,0.16927333333333336,0.07296395792139812,0.32813000000000003,2,0.16666666666666666,1499.4816326301716,64.32758490010424,99.52429348696572,771.9310188012507,64.32758490010424,107.87732584603135,1293.182323171348,107.76519359761231,46.88799718542211,2.9649815151515164,0.29649815151515163,0.2411246193174808,2.9649815151515164,0.29649815151515163,0.2411246193174808,0,0.0,0.0,Spanish,Spanish,No,Low,Low,No,5,1.20314,0.240628,0.15829815619899051,0.53125,0,0.0,1141.926781566447,74.68190730109198,136.3359129385498,373.4095365054599,74.68190730109198,76.85767737125599,597.2476215460201,119.44952430920401,47.306493457047175,0.9764257575757584,0.1952851515151517,0.2412820765328417,0.9764257575757584,0.1952851515151517,0.2412820765328417,1,0.10232,0.10232,English,Spanish,Yes,Medium,Low,Yes,4,0.5000100000000001,0.12500250000000002,0.04279173773931131,0.17188,0,0.0,314.2076683707458,-58.30147971309125,11.496174655236876,-233.205918852365,-58.30147971309125,90.52962309469132,369.3734057808719,92.34335144521799,50.1687338448027,0.7097054545454546,0.2365684848484849,0.05715351977107117,0.7097054545454546,0.2365684848484849,0.05715351977107117,0,0.0,0.0,English,English,No,Medium,Low,Yes,0,0.0,0.0,0.0,0.0,0,0.0,0.0,0.0,0.0,0.0,0.0,0.0,0.0,0.0,0.0,0.0,0.0,0.0,0.0,0.0,0.0,0,0.0,0.0,English,English,No,Medium,Low,Yes,3,English,Medium,Low,Low,Low
2492,3,30,2.9375999999999998,0.09791999999999998,0.04473110252758513,0.23438,0,0.0,24370.009205576695,28.253276853854686,1112.324495106663,847.5983056156406,28.253276853854686,108.1584848220083,1907.35124796624,63.57837493220801,54.04666239676547,2.442256363636365,0.27136181818181826,0.4779793614197271,2.442256363636365,0.27136181818181826,0.4779793614197271,0,0.0,0.0,1,0.04688,0.04688,0.0,0.04688,0,0.0,766.4758911511829,-44.14957124258112,0.0,-44.14957124258112,-44.14957124258112,0.0,137.81383207079023,137.81383207079023,0.0,0.0,0.0,0.0,0.0,0.0,0.0,0,0.0,0.0,Spanish,English,Yes,Low,Low,No,0,0.0,0.0,0.0,0.0,0,0.0,0.0,0.0,0.0,0.0,0.0,0.0,0.0,0.0,0.0,0.0,0.0,0.0,0.0,0.0,0.0,0,0.0,0.0,Spanish,Spanish,No,Low,Low,No,2,0.15625999999999998,0.07812999999999999,0.0,0.07812999999999999,0,0.0,626.6846341014233,-120.13325858716314,185.17655510720363,-240.26651717432628,-120.13325858716314,25.65130544482923,126.15884593381121,63.079422966905604,49.59205767349801,-0.018884848484848504,-0.018884848484848504,0.0,-0.018884848484848504,-0.018884848484848504,0.0,0,0.0,0.0,Spanish,Spanish,No,Low,Low,No,8,0.7969,0.0996125,0.04683410983193766,0.17188,0,0.0,6956.8733611699145,13.579280901517516,1132.857354140374,108.63424721214014,13.579280901517516,101.89778450440399,603.3178131908796,75.41472664885995,59.805475279751214,1.4622757575757581,0.2924551515151516,0.6174159516436226,1.4622757575757581,0.2924551515151516,0.6174159516436226,0,0.0,0.0,Spanish,Spanish,No,Low,Low,No,10,1.06253,0.106253,0.05312576475684844,0.23438,0,0.0,7717.825616946664,81.726097718202,842.9118048094589,817.2609771820198,81.726097718202,80.19003915785464,478.8088687564048,47.88088687564048,38.46514686645535,0.998865454545455,0.33295515151515165,0.07727942560748137,0.998865454545455,0.33295515151515165,0.07727942560748137,0,0.0,0.0,Spanish,Spanish,No,Low,Low,No,9,0.8750300000000001,0.09722555555555557,0.03357444633815397,0.14063,0,0.0,8302.149702207515,22.90212995982085,1453.942360775357,206.1191696383877,22.90212995982085,116.623333090831,561.2518880143544,62.361320890483825,57.92105337836136,0.0,0.0,0.0,0.0,0.0,0.0,0,0.0,0.0,Spanish,Spanish,No,Low,Low,No,0,English,Medium,Low,Low,Low
2492,4,1,0.04688,0.04688,0.0,0.04688,0,0.0,331.1842680176704,108.63229286290593,0.0,108.63229286290593,108.63229286290593,0.0,58.81055780352454,58.81055780352454,0.0,0.0,0.0,0.0,0.0,0.0,0.0,1,0.04267,0.04267,0,0.0,0.0,0.0,0.0,0,0.0,0.0,0.0,0.0,0.0,0.0,0.0,0.0,0.0,0.0,0.0,0.0,0.0,0.0,0.0,0.0,0,0.0,0.0,English,Spanish,Yes,Medium,Low,Yes,0,0.0,0.0,0.0,0.0,0,0.0,0.0,0.0,0.0,0.0,0.0,0.0,0.0,0.0,0.0,0.0,0.0,0.0,0.0,0.0,0.0,0,0.0,0.0,English,English,No,Medium,Low,Yes,1,0.04688,0.04688,0.0,0.04688,0,0.0,331.1842680176704,108.63229286290593,0.0,108.63229286290593,108.63229286290593,0.0,58.81055780352454,58.81055780352454,0.0,0.0,0.0,0.0,0.0,0.0,0.0,0,0.0,0.0,English,English,No,Medium,Low,Yes,0,0.0,0.0,0.0,0.0,0,0.0,0.0,0.0,0.0,0.0,0.0,0.0,0.0,0.0,0.0,0.0,0.0,0.0,0.0,0.0,0.0,0,0.0,0.0,English,English,No,Medium,Low,Yes,0,0.0,0.0,0.0,0.0,0,0.0,0.0,0.0,0.0,0.0,0.0,0.0,0.0,0.0,0.0,0.0,0.0,0.0,0.0,0.0,0.0,0,0.0,0.0,English,English,No,Medium,Low,Yes,0,0.0,0.0,0.0,0.0,0,0.0,0.0,0.0,0.0,0.0,0.0,0.0,0.0,0.0,0.0,0.0,0.0,0.0,0.0,0.0,0.0,1,0.04267,0.04267,English,English,No,Medium,Low,Yes,6,English,Medium,Low,Low,Low
2492,5,16,2.51566,0.15722875,0.13525570426395145,0.53125,0,0.0,10669.663725557952,38.047735775442355,1211.509059257712,608.7637724070777,38.047735775442355,92.73398153611214,1323.1328748146675,82.69580467591672,40.04720927467704,8.461772121212123,0.6044122943722945,0.3791524346950762,8.461772121212123,0.6044122943722945,0.3791524346950762,0,0.0,0.0,1,0.23438,0.23438,0.0,0.23438,0,0.0,73.78122707572709,51.65571222244792,0.0,51.65571222244792,51.65571222244792,0.0,52.27909897404343,52.27909897404343,0.0,0.7448651515151514,0.7448651515151514,0.0,0.7448651515151514,0.7448651515151514,0.0,0,0.0,0.0,English,English,No,Medium,Low,Yes,2,0.09376,0.04688,0.031249999999999993,0.07812999999999999,0,0.0,470.59828716827934,-25.024877081922078,8.94826666178271,-50.049754163844156,-25.024877081922078,101.74525794453932,140.2837652673749,70.14188263368744,67.97283807411202,0.8415503030303033,0.4207751515151517,0.23918499999999998,0.8415503030303033,0.4207751515151517,0.23918499999999998,0,0.0,0.0,English,English,No,Medium,Low,Yes,6,0.64063,0.10677166666666668,0.04271155987811991,0.15625,0,0.0,8786.959334150348,8.301658142306428,1674.1350650977045,49.809948853838556,8.301658142306428,97.19459831423904,608.0389650145122,101.33982750241873,16.581755058717178,4.801250909090912,0.8002084848484851,0.2864750645344197,4.801250909090912,0.8002084848484851,0.2864750645344197,0,0.0,0.0,English,English,No,Medium,Low,Yes,5,0.9375100000000001,0.187502,0.12922424794132098,0.4375,0,0.0,1172.241327962254,108.85765201938835,316.3432519245443,544.2882600969419,108.85765201938835,62.754887382079204,413.2924096060901,82.65848192121803,40.48112281929468,1.2311406060606065,0.3077851515151516,0.18122973560856395,1.2311406060606065,0.3077851515151516,0.18122973560856395,0,0.0,0.0,Spanish,English,Yes,Low,Low,No,2,0.60938,0.30469,0.22656,0.53125,0,0.0,166.0835492013459,6.529802698846684,67.23467891297625,13.059605397693367,6.529802698846684,2.258866630298474,109.23863595264669,54.619317976323345,28.93056661322802,0.8429651515151515,0.8429651515151515,0.0,0.8429651515151515,0.8429651515151515,0.0,0,0.0,0.0,Spanish,Spanish,No,Low,Low,No,0,0.0,0.0,0.0,0.0,0,0.0,0.0,0.0,0.0,0.0,0.0,0.0,0.0,0.0,0.0,0.0,0.0,0.0,0.0,0.0,0.0,0,0.0,0.0,Spanish,Spanish,No,Low,Low,No,3,English,Medium,Low,Low,Low
2492,6,2,0.35938000000000003,0.17969000000000002,0.039060000000000004,0.21875,0,0.0,5113.2140558160745,7.614154864737474,1795.7637033384644,15.228309729474947,7.614154864737474,32.994373397827374,251.61340683086704,125.80670341543352,30.13101998368377,1.7952151515151509,1.7952151515151509,0.0,1.7952151515151509,1.7952151515151509,0.0,2,0.42913,0.214565,0,0.0,0.0,0.0,0.0,0,0.0,0.0,0.0,0.0,0.0,0.0,0.0,0.0,0.0,0.0,0.0,0.0,0.0,0.0,0.0,0.0,0,0.0,0.0,Spanish,Spanish,No,Low,Low,No,1,0.21875,0.21875,0.0,0.21875,0,0.0,760.8433245695726,40.60852826256485,0.0,40.60852826256485,40.60852826256485,0.0,155.93772339911732,155.93772339911732,0.0,1.7952151515151509,1.7952151515151509,0.0,1.7952151515151509,1.7952151515151509,0.0,1,0.21881,0.21881,English,Spanish,Yes,Medium,Low,Yes,1,0.14063,0.14063,0.0,0.14063,0,0.0,4352.370731246501,-25.380218533089906,0.0,-25.380218533089906,-25.380218533089906,0.0,95.67568343174976,95.67568343174976,0.0,0.0,0.0,0.0,0.0,0.0,0.0,0,0.0,0.0,Spanish,English,Yes,Low,Low,No,0,0.0,0.0,0.0,0.0,0,0.0,0.0,0.0,0.0,0.0,0.0,0.0,0.0,0.0,0.0,0.0,0.0,0.0,0.0,0.0,0.0,1,0.21032,0.21032,English,Spanish,Yes,Medium,Low,Yes,0,0.0,0.0,0.0,0.0,0,0.0,0.0,0.0,0.0,0.0,0.0,0.0,0.0,0.0,0.0,0.0,0.0,0.0,0.0,0.0,0.0,0,0.0,0.0,Spanish,English,Yes,Low,Low,No,0,0.0,0.0,0.0,0.0,0,0.0,0.0,0.0,0.0,0.0,0.0,0.0,0.0,0.0,0.0,0.0,0.0,0.0,0.0,0.0,0.0,0,0.0,0.0,English,Spanish,Yes,Medium,Low,Yes,3,English,Medium,Low,Low,Low
2492,7,31,5.296969999999998,0.17086999999999994,0.09170598657772322,0.54688,3,0.0967741935483871,6132.528325536029,18.473441620470464,214.82657046354896,572.6766902345844,18.473441620470464,99.13666514843072,2857.109107341292,92.16480991423524,53.2969742381462,15.808199393939395,0.5451103239289447,0.6174084760856863,15.808199393939395,0.5451103239289447,0.6174084760856863,1,0.15995,0.15995,12,1.9062900000000005,0.1588575,0.050963098598397635,0.25,3,0.25,1366.6717954017893,30.978398401037307,88.99364907700384,371.74078081244767,30.978398401037307,110.4028957831966,1265.808497078819,105.48404142323493,49.40339147925594,8.184006666666669,0.7440006060606063,0.5548910290951261,8.184006666666669,0.7440006060606063,0.5548910290951261,0,0.0,0.0,Spanish,English,Yes,Low,Low,No,14,2.7344199999999987,0.19531571428571426,0.11792931876547835,0.54688,0,0.0,3372.320207862666,-1.6733829784503629,268.98439134674163,-23.427361698305077,-1.6733829784503629,77.49849068621123,1343.5163237076981,95.965451693407,53.50933041092014,5.5807721212121235,0.39862658008658025,0.556087632304973,5.5807721212121235,0.39862658008658025,0.556087632304973,0,0.0,0.0,Spanish,Spanish,No,Low,Low,No,4,0.60938,0.152345,0.04471049457342203,0.20313,0,0.0,860.5014290929761,32.390861204598714,157.02841512114668,129.56344481839486,32.390861204598714,122.63880494321006,247.12588825448762,61.781472063621905,32.73647977339275,2.043420606060607,0.5108551515151517,0.7266918522661444,2.043420606060607,0.5108551515151517,0.7266918522661444,0,0.0,0.0,Spanish,Spanish,No,Low,Low,No,0,0.0,0.0,0.0,0.0,0,0.0,0.0,0.0,0.0,0.0,0.0,0.0,0.0,0.0,0.0,0.0,0.0,0.0,0.0,0.0,0.0,1,0.15995,0.15995,English,Spanish,Yes,Medium,Low,Yes,0,0.0,0.0,0.0,0.0,0,0.0,0.0,0.0,0.0,0.0,0.0,0.0,0.0,0.0,0.0,0.0,0.0,0.0,0.0,0.0,0.0,0,0.0,0.0,English,English,No,Medium,Low,Yes,1,0.04688,0.04688,0.0,0.04688,0,0.0,533.0348931785986,94.79982630204708,0.0,94.79982630204708,94.79982630204708,0.0,0.6583983002874378,0.6583983002874378,0.0,0.0,0.0,0.0,0.0,0.0,0.0,0,0.0,0.0,English,English,No,Medium,Low,Yes,3,English,Medium,Low,Low,Low
2492,8,13,2.6719,0.20553076923076924,0.11593404447632735,0.5625,0,0.0,1451.4364753130553,19.421636872721447,71.68779727699824,252.4812793453788,19.421636872721447,103.28719811891428,1213.244227348437,93.32647902680289,60.81735431191478,10.499646969696972,0.8076651515151517,0.3898834581796592,10.499646969696972,0.8076651515151517,0.3898834581796592,0,0.0,0.0,11,2.25002,0.20454727272727274,0.12056254808875305,0.5625,0,0.0,1283.844189776172,2.416373633765168,72.5068145259455,26.58010997141685,2.416373633765168,103.42866875673063,1030.4445411323086,93.67677646657353,60.484638757465156,9.70043666666667,0.8818578787878791,0.2018112252240845,9.70043666666667,0.8818578787878791,0.2018112252240845,0,0.0,0.0,Spanish,English,Yes,Low,Low,No,0,0.0,0.0,0.0,0.0,0,0.0,0.0,0.0,0.0,0.0,0.0,0.0,0.0,0.0,0.0,0.0,0.0,0.0,0.0,0.0,0.0,0,0.0,0.0,Spanish,Spanish,No,Low,Low,No,1,0.29688000000000003,0.29688000000000003,0.0,0.29688000000000003,0,0.0,24.023475428838353,99.9408345919887,0.0,99.9408345919887,99.9408345919887,0.0,153.98049981001552,153.98049981001552,0.0,0.10720515151515153,0.10720515151515153,0.0,0.10720515151515153,0.10720515151515153,0.0,0,0.0,0.0,Spanish,Spanish,No,Low,Low,No,1,0.125,0.125,0.0,0.125,0,0.0,143.5688101080453,125.96033478197323,0.0,125.96033478197323,125.96033478197323,0.0,28.81918640611327,28.81918640611327,0.0,0.6920051515151515,0.6920051515151515,0.0,0.6920051515151515,0.6920051515151515,0.0,0,0.0,0.0,Spanish,Spanish,No,Low,Low,No,0,0.0,0.0,0.0,0.0,0,0.0,0.0,0.0,0.0,0.0,0.0,0.0,0.0,0.0,0.0,0.0,0.0,0.0,0.0,0.0,0.0,0,0.0,0.0,Spanish,Spanish,No,Low,Low,No,0,0.0,0.0,0.0,0.0,0,0.0,0.0,0.0,0.0,0.0,0.0,0.0,0.0,0.0,0.0,0.0,0.0,0.0,0.0,0.0,0.0,0,0.0,0.0,Spanish,Spanish,No,Low,Low,No,0,English,Medium,Low,Low,Low
2492,9,32,5.109449999999999,0.15967031249999994,0.0672890454255174,0.34375,4,0.125,5231.59282183492,8.65423562902251,273.0275782318448,276.93554012872033,8.65423562902251,85.10587388481105,2592.5799014663307,81.01812192082284,53.09854653271475,17.903228181818182,0.8525346753246755,0.551757859524803,17.903228181818182,0.8525346753246755,0.551757859524803,0,0.0,0.0,5,0.6562600000000001,0.13125199999999998,0.06599625940915135,0.20313,1,0.2,494.4321926354809,-3.0017637239992228,61.28647004253738,-15.008818619996116,-3.0017637239992228,49.1496605151039,398.0044124350686,79.6008824870137,61.801928094187296,2.5766457575757578,0.5153291515151516,0.6267241399339905,2.5766457575757578,0.5153291515151516,0.6267241399339905,0,0.0,0.0,English,Spanish,Yes,Medium,Low,Yes,17,2.62505,0.15441470588235293,0.0631595006236682,0.29688000000000003,2,0.1176470588235294,1989.139584319244,10.95973912771892,120.18122722402396,186.31556517122158,10.95973912771892,85.9856009283614,1312.2238002885015,77.18963531108831,46.69833621171275,11.556461515151515,1.1556461515151522,0.3903544728692115,11.556461515151515,1.1556461515151522,0.3903544728692115,0,0.0,0.0,English,English,No,Medium,Low,Yes,5,0.73438,0.146876,0.04800637982601896,0.21875,1,0.2,547.3221274104202,-34.61182565248589,51.57002925255395,-173.05912826242943,-34.61182565248589,53.59878907060823,474.21838678489166,94.84367735697836,75.00361183914123,2.1190654545454546,0.7063551515151515,0.5339904798776847,2.1190654545454546,0.7063551515151515,0.5339904798776847,0,0.0,0.0,English,English,No,Medium,Low,Yes,3,0.57813,0.19271,0.01948601720892873,0.21875,0,0.0,1547.9751852727923,135.5620187982995,687.7325616752928,406.6860563948985,135.5620187982995,30.104593016375137,261.1221976908693,87.04073256362311,35.29610756443553,1.651055454545455,0.5503518181818183,0.2724616191115527,1.651055454545455,0.5503518181818183,0.2724616191115527,0,0.0,0.0,English,English,No,Medium,Low,Yes,2,0.51563,0.257815,0.085935,0.34375,0,0.0,652.7237321969848,-63.99906727748711,308.90605893182135,-127.99813455497421,-63.99906727748711,62.93553017060915,147.01110426699915,73.50555213349958,19.376612474717838,0.0,0.0,0.0,0.0,0.0,0.0,0,0.0,0.0,English,English,No,Medium,Low,Yes,0,0.0,0.0,0.0,0.0,0,0.0,0.0,0.0,0.0,0.0,0.0,0.0,0.0,0.0,0.0,0.0,0.0,0.0,0.0,0.0,0.0,0,0.0,0.0,English,English,No,Medium,Low,Yes,6,English,Medium,Low,Low,Low
2492,10,0,0.0,0.0,0.0,0.0,0,0.0,0.0,0.0,0.0,0.0,0.0,0.0,0.0,0.0,0.0,0.0,0.0,0.0,0.0,0.0,0.0,0,0.0,0.0,0,0.0,0.0,0.0,0.0,0,0.0,0.0,0.0,0.0,0.0,0.0,0.0,0.0,0.0,0.0,0.0,0.0,0.0,0.0,0.0,0.0,0,0.0,0.0,Spanish,English,Yes,Low,Low,No,0,0.0,0.0,0.0,0.0,0,0.0,0.0,0.0,0.0,0.0,0.0,0.0,0.0,0.0,0.0,0.0,0.0,0.0,0.0,0.0,0.0,0,0.0,0.0,English,Spanish,Yes,Medium,Low,Yes,0,0.0,0.0,0.0,0.0,0,0.0,0.0,0.0,0.0,0.0,0.0,0.0,0.0,0.0,0.0,0.0,0.0,0.0,0.0,0.0,0.0,0,0.0,0.0,Spanish,English,Yes,Low,Low,No,0,0.0,0.0,0.0,0.0,0,0.0,0.0,0.0,0.0,0.0,0.0,0.0,0.0,0.0,0.0,0.0,0.0,0.0,0.0,0.0,0.0,0,0.0,0.0,English,Spanish,Yes,Medium,Low,Yes,0,0.0,0.0,0.0,0.0,0,0.0,0.0,0.0,0.0,0.0,0.0,0.0,0.0,0.0,0.0,0.0,0.0,0.0,0.0,0.0,0.0,0,0.0,0.0,Spanish,English,Yes,Low,Low,No,0,0.0,0.0,0.0,0.0,0,0.0,0.0,0.0,0.0,0.0,0.0,0.0,0.0,0.0,0.0,0.0,0.0,0.0,0.0,0.0,0.0,0,0.0,0.0,English,Spanish,Yes,Medium,Low,Yes,3,English,Medium,Low,Low,Low
2492,11,26,4.953199999999998,0.19050769230769224,0.14300974139245232,0.73438,2,0.07692307692307693,5257.3888788845225,27.376699172188374,239.97230346207854,711.7941784768974,27.376699172188374,74.92588779975655,2372.288064163881,91.24184862168774,60.71532114183145,17.53192878787879,0.7012771515151516,0.4716303934525001,17.53192878787879,0.7012771515151516,0.4716303934525001,1,0.15254,0.15254,7,1.10939,0.15848428571428572,0.05871937982767648,0.23438,0,0.0,1424.8009364634452,-11.56470064020202,197.95273931646324,-80.95290448141415,-11.56470064020202,89.94804630439694,966.0006503633176,138.00009290904538,25.676983245620214,6.4862209090909095,1.0810368181818182,0.4089668893450368,6.4862209090909095,1.0810368181818182,0.4089668893450368,0,0.0,0.0,Spanish,English,Yes,Low,Low,No,8,2.2656400000000003,0.28320500000000004,0.18773489519798925,0.73438,1,0.125,1478.8132616091946,65.32057876621157,184.6032806359549,522.5646301296925,65.32057876621157,61.17877581098762,644.1463348808519,80.51829186010649,66.34850190190437,5.9515012121212125,0.7439376515151517,0.4289055170995559,5.9515012121212125,0.7439376515151517,0.4289055170995559,1,0.15254,0.15254,Spanish,Spanish,No,Low,Low,No,3,0.7187600000000001,0.2395866666666667,0.16650153279241073,0.46875,0,0.0,428.9011414008017,44.407569092947334,47.05628582175658,133.222707278842,44.407569092947334,70.62756969442403,136.47390286256578,45.4913009541886,21.900758719360947,0.14001545454545494,0.046671818181818335,0.4761105930581909,0.14001545454545494,0.046671818181818335,0.4761105930581909,0,0.0,0.0,Spanish,Spanish,No,Low,Low,No,1,0.14063,0.14063,0.0,0.14063,0,0.0,1117.3968759520315,-3.8267099388171513,0.0,-3.8267099388171513,-3.8267099388171513,0.0,4.775193774267428,4.775193774267428,0.0,0.8657651515151517,0.8657651515151517,0.0,0.8657651515151517,0.8657651515151517,0.0,0,0.0,0.0,English,Spanish,Yes,Medium,Low,Yes,4,0.46877,0.1171925,0.013531646934131851,0.14063,1,0.25,442.9717345144378,-12.930072258864405,84.33186449408913,-51.72028903545761,-12.930072258864405,17.750882150418594,415.25644378338416,103.81411094584604,69.51072852689511,2.297240606060607,0.5743101515151517,0.1627648556200019,2.297240606060607,0.5743101515151517,0.1627648556200019,0,0.0,0.0,English,English,No,Medium,Low,Yes,3,0.25000999999999995,0.08333666666666666,0.007363338614755919,0.09375,0,0.0,364.50492894461314,64.16891484135057,62.48867798879207,192.5067445240517,64.16891484135057,53.61091210530946,205.63553849949415,68.54517949983138,32.089944826198845,1.791185454545455,0.5970618181818184,0.4140749414726222,1.791185454545455,0.5970618181818184,0.4140749414726222,0,0.0,0.0,English,English,No,Medium,Low,Yes,3,English,Medium,Low,Low,Low
2492,12,24,3.953199999999999,0.16471666666666662,0.12119703986575835,0.45313000000000003,0,0.0,5430.866569755511,28.6690932704,503.6092092148838,688.0582384896001,28.6690932704,96.92034041992493,2688.3128321887384,112.01303467453077,55.86002633116844,7.221147272727274,0.4814098181818183,0.22833694226442364,7.221147272727274,0.4814098181818183,0.22833694226442364,1,0.13369,0.13369,0,0.0,0.0,0.0,0.0,0,0.0,0.0,0.0,0.0,0.0,0.0,0.0,0.0,0.0,0.0,0.0,0.0,0.0,0.0,0.0,0.0,0,0.0,0.0,Spanish,English,Yes,Low,Low,No,4,0.29688000000000003,0.07422000000000001,0.025615184949556776,0.09375,0,0.0,3474.494602290108,-2.457684744888839,996.1505149142157,-9.830738979555356,-2.457684744888839,63.14660563959573,395.2466367449636,98.81165918624089,57.66673421104011,2.120115454545455,0.7067051515151516,0.35289896442025603,2.120115454545455,0.7067051515151516,0.35289896442025603,0,0.0,0.0,Spanish,Spanish,No,Low,Low,No,2,0.18751,0.093755,0.01562500000000001,0.10938,0,0.0,451.1401881858461,37.1834554935647,125.59081112449994,74.3669109871294,37.1834554935647,124.75104661509349,245.90855688101126,122.95427844050569,49.27958646586831,1.0650551515151516,1.0650551515151516,0.0,1.0650551515151516,1.0650551515151516,0.0,1,0.13369,0.13369,Spanish,Spanish,No,Low,Low,No,9,1.5781500000000002,0.17535,0.10869638244005894,0.40625,0,0.0,571.5341120172179,17.742170579410967,35.861015871402934,159.67953521469866,17.742170579410967,104.05899943268363,1165.603938453604,129.51154871706711,43.606807981116866,3.418866363636365,0.37987404040404055,0.09840220162146092,3.418866363636365,0.37987404040404055,0.09840220162146092,0,0.0,0.0,Spanish,Spanish,No,Low,Low,No,7,1.4844000000000002,0.2120571428571429,0.15260496347613015,0.45313,0,0.0,688.5828033462192,40.69157745735404,66.8303669939968,284.8410422014784,40.69157745735404,91.05316491176498,873.2594618462483,124.75135169232122,40.547992340963866,0.6171103030303033,0.3085551515151517,0.013555000000000206,0.6171103030303033,0.3085551515151517,0.013555000000000206,0,0.0,0.0,Spanish,Spanish,No,Low,Low,No,2,0.4062600000000001,0.2031300000000001,0.09375,0.29688000000000003,0,0.0,245.11486391611984,89.50074453292451,95.79478229551704,179.00148906584903,89.50074453292451,68.45645136877637,8.294238262911067,4.147119131455534,2.027600784838034,0.0,0.0,0.0,0.0,0.0,0.0,0,0.0,0.0,Spanish,Spanish,No,Low,Low,No,3,English,Medium,Low,Low,Low
2492,13,59,13.656389999999995,0.23146423728813556,0.150818830324169,0.9531299999999999,3,0.05084745762711865,9173.018783390204,26.25076088638548,230.5840074077713,1548.7948922967435,26.25076088638548,86.44650050006504,5778.3745658143725,97.93855196295546,65.55406354162182,26.10000242424243,0.532653110698825,0.4434131935541717,26.10000242424243,0.532653110698825,0.4434131935541717,0,0.0,0.0,8,2.25001,0.28125125,0.1662810708888342,0.64063,0,0.0,1378.9842422328634,42.83611233554707,120.82964861588295,342.68889868437657,42.83611233554707,65.63504027930156,603.2537271046957,75.40671588808699,67.32778029118114,8.55591606060606,1.2222737229437228,0.348264494630745,8.55591606060606,1.2222737229437228,0.348264494630745,0,0.0,0.0,English,Spanish,Yes,Medium,Low,Yes,3,0.76564,0.2552133333333333,0.15380024021076458,0.45313,0,0.0,694.3381108346717,23.11916992516273,156.5796353678995,69.35750977548818,23.11916992516273,99.32879963290564,197.6353595715072,65.8784531905024,71.37594801213584,1.906780303030304,0.953390151515152,0.07745999999999986,1.906780303030304,0.953390151515152,0.07745999999999986,0,0.0,0.0,English,English,No,Medium,Low,Yes,12,2.8437900000000003,0.23698249999999998,0.11619912830460476,0.53125,1,0.08333333333333333,1539.929664639515,2.4462652619991005,180.9658635127943,29.35518314398921,2.4462652619991005,93.61294907773814,1237.7904087087227,103.14920072572687,63.39475164010536,7.6944718181818175,0.6412059848484849,0.1849333964848337,7.6944718181818175,0.6412059848484849,0.1849333964848337,0,0.0,0.0,English,English,No,Medium,Low,Yes,20,5.437539999999999,0.271877,0.17927289778714464,0.95313,2,0.1,1523.9080082541898,41.02981126886998,49.89788404254099,820.5962253773996,41.02981126886998,74.95787290976352,2436.519868759092,121.8259934379546,58.64808957825888,7.773122727272733,0.43184015151515176,0.19956883282049168,7.773122727272733,0.43184015151515176,0.19956883282049168,0,0.0,0.0,English,English,No,Medium,Low,Yes,14,2.06253,0.14732357142857144,0.07393073888127058,0.32813000000000003,0,0.0,3913.1000566920643,17.872121561970573,388.78946252504267,250.209701867588,17.872121561970573,101.67528079176223,1134.0864645058514,81.00617603613223,62.647006180346146,-0.12365878787878788,-0.015457348484848485,0.22329242217325693,-0.12365878787878788,-0.015457348484848485,0.22329242217325693,0,0.0,0.0,English,English,No,Medium,Low,Yes,2,0.29688000000000003,0.14844000000000002,0.023440000000000003,0.17188,0,0.0,122.75870073689924,18.29368672395099,14.269650903477366,36.58737344790198,18.29368672395099,6.0203020540984475,169.08873716450447,84.54436858225223,58.20432116259563,0.293370303030303,0.1466851515151515,0.04076000000000013,0.293370303030303,0.1466851515151515,0.04076000000000013,0,0.0,0.0,English,English,No,Medium,Low,Yes,0,English,Medium,Low,Low,Low
2492,14,51,10.453269999999996,0.2049660784313725,0.12510163330352464,0.67188,2,0.0392156862745098,5655.477452055547,20.308103489199226,100.57019418482105,1035.7132779491603,20.308103489199226,96.51945515354528,4966.874321230698,97.38969257315094,59.73893093380928,14.974730909090912,0.3839674592074593,0.4386319593561023,14.974730909090912,0.3839674592074593,0.4386319593561023,0,0.0,0.0,1,0.17188,0.17188,0.0,0.17188,0,0.0,41.08786205584319,35.922061235037276,0.0,35.922061235037276,35.922061235037276,0.0,119.59012560871253,119.59012560871253,0.0,1.6929951515151511,1.6929951515151511,0.0,1.6929951515151511,1.6929951515151511,0.0,0,0.0,0.0,English,English,No,Medium,Low,Yes,4,0.95314,0.238285,0.1242023181144378,0.40625,0,0.0,624.3812411510063,19.08852165643537,148.22449110241718,76.3540866257415,19.08852165643537,12.153471501038153,425.1158200158945,106.27895500397362,63.73132654582147,3.697975454545455,1.2326584848484852,0.0654393410385188,3.697975454545455,1.2326584848484852,0.0654393410385188,0,0.0,0.0,English,English,No,Medium,Low,Yes,8,1.4062700000000001,0.17578375000000002,0.06617621928183492,0.28125,0,0.0,583.1650865717785,17.564910424842967,29.73495522315918,140.51928339874374,17.564910424842967,86.91649995126828,771.7078023501697,96.46347529377121,55.417273968398625,5.946461212121212,0.7433076515151513,0.17647825283427274,5.946461212121212,0.7433076515151513,0.17647825283427274,0,0.0,0.0,English,English,No,Medium,Low,Yes,17,3.50005,0.20588529411764706,0.11950666553488315,0.46875,1,0.05882352941176471,1759.4131373082496,1.0969909116021608,79.35446384333781,18.648845497236735,1.0969909116021608,108.5257204904352,1504.7867981308425,88.51687047828483,64.07629603235739,4.448627272727276,0.2965751515151517,0.13867558058849286,4.448627272727276,0.2965751515151517,0.13867558058849286,0,0.0,0.0,Spanish,English,Yes,Low,Low,No,16,3.640669999999999,0.22754187499999995,0.15663777762000575,0.67188,1,0.0625,2181.5757053951165,50.64056384924253,128.29486037143658,810.2490215878803,50.64056384924253,90.37627395078128,1621.2419377647113,101.32762111029446,59.10787118939845,-0.4571033333333321,-0.04155484848484837,0.1619503879291841,-0.4571033333333321,-0.04155484848484837,0.1619503879291841,0,0.0,0.0,Spanish,Spanish,No,Low,Low,No,5,0.7812600000000001,0.156252,0.08208779602352594,0.26563000000000003,0,0.0,465.8544195735517,-9.196004079095824,51.00625671636354,-45.980020395479144,-9.196004079095824,107.25955628503796,524.4318373603668,104.88636747207336,50.61456579789624,-0.3542248484848485,-0.3542248484848485,0.0,-0.3542248484848485,-0.3542248484848485,0.0,0,0.0,0.0,Spanish,Spanish,No,Low,Low,No,6,English,Medium,Low,Low,Low
2492,15,31,5.890699999999999,0.19002258064516125,0.10862335045609674,0.53125,1,0.03225806451612903,3127.454012043759,11.199189226891704,69.91531664207062,347.1748660336428,11.199189226891704,81.36225012934294,2858.7114941794257,92.21649981223952,61.72234321643239,11.066483939393937,0.4256339976689976,0.4354241006186453,11.066483939393937,0.4256339976689976,0.4354241006186453,1,0.08864,0.08864,4,0.6406400000000001,0.16016000000000002,0.06188734886873085,0.26563000000000003,0,0.0,542.5096110000846,8.641153627587883,109.61083604244402,34.56461451035153,8.641153627587883,100.14800476236414,432.2053002546486,108.05132506366215,28.61648621471557,2.701440303030303,1.3507201515151517,0.011450000000000071,2.701440303030303,1.3507201515151517,0.011450000000000071,0,0.0,0.0,Spanish,Spanish,No,Low,Low,No,4,0.5468900000000001,0.13672250000000002,0.041891146663107705,0.20313,0,0.0,348.4786669114211,1.1309360345367279,42.091760013420966,4.5237441381469115,1.1309360345367279,15.132746122030252,506.7833764375767,126.69584410939414,52.77516665608319,3.781660606060606,0.9454151515151517,0.10884037520607864,3.781660606060606,0.9454151515151517,0.10884037520607864,1,0.08864,0.08864,English,Spanish,Yes,Medium,Low,Yes,2,0.1875,0.09375,0.0,0.09375,0,0.0,321.4420987346219,34.09636375023566,45.52598861694714,68.19272750047132,34.09636375023566,100.45458016377113,335.33822768505394,167.66911384252697,5.076194051201584,0.4853451515151517,0.4853451515151517,0.0,0.4853451515151517,0.4853451515151517,0.0,0,0.0,0.0,Spanish,English,Yes,Low,Low,No,13,2.7656499999999995,0.21274230769230765,0.11457974086962965,0.53125,1,0.07692307692307693,1351.0027373730445,-14.339878234317935,68.05779509168764,-186.4184170461332,-14.339878234317935,82.16057526099532,1099.1358934086054,84.54891487758503,65.36634704366843,4.043476666666667,0.3675887878787879,0.1117758857404309,4.043476666666667,0.3675887878787879,0.1117758857404309,0,0.0,0.0,English,Spanish,Yes,Medium,Low,Yes,8,1.7500200000000001,0.21875250000000002,0.12548826516352035,0.45313,0,0.0,564.0208980245867,53.28902461635079,38.367842655963784,426.3121969308063,53.28902461635079,63.355198960081424,485.2486963935405,60.656087049192564,52.687702164841994,0.05456121212121266,0.006820151515151583,0.14656809466400775,0.05456121212121266,0.006820151515151583,0.14656809466400775,0,0.0,0.0,Spanish,English,Yes,Low,Low,No,0,0.0,0.0,0.0,0.0,0,0.0,0.0,0.0,0.0,0.0,0.0,0.0,0.0,0.0,0.0,0.0,0.0,0.0,0.0,0.0,0.0,0,0.0,0.0,English,Spanish,Yes,Medium,Low,Yes,3,English,Medium,Low,Low,Low
2492,16,56,10.937659999999996,0.19531535714285705,0.09086939033509824,0.5,1,0.017857142857142856,6888.843253621076,44.98769275846821,114.17120007322792,2519.31079447422,44.98769275846821,87.04195368322438,5499.6386486055735,98.20783301081379,62.82771964788701,32.53455727272728,0.6778032765151516,0.4578640879716636,32.53455727272728,0.6778032765151516,0.4578640879716636,0,0.0,0.0,8,1.5937700000000001,0.19922125,0.07063796207378509,0.32813000000000003,0,0.0,794.996563664816,45.52437151954521,99.92386490337387,364.19497215636164,45.52437151954521,85.09429667377646,448.085036614478,56.01062957680975,50.320119636218216,7.801340909090909,1.3002234848484848,0.12706324483850118,7.801340909090909,1.3002234848484848,0.12706324483850118,0,0.0,0.0,Spanish,English,Yes,Low,Low,No,9,2.00003,0.2222255555555556,0.11189383163528137,0.5,0,0.0,823.5876958444293,-0.31416940057798043,66.23762777921685,-2.8275246052018237,-0.31416940057798043,86.53921766881828,998.4086793190868,110.93429770212076,43.62608869594226,7.858426363636362,0.8731584848484848,0.4630552650269034,7.858426363636362,0.8731584848484848,0.4630552650269034,0,0.0,0.0,Spanish,Spanish,No,Low,Low,No,15,2.57816,0.17187733333333333,0.0675080242604948,0.375,0,0.0,1908.9025335935528,63.95500599902709,122.27851881577601,959.3250899854063,63.95500599902709,90.43988469889752,1366.954847359012,91.13032315726744,67.21381612092539,12.584637272727274,0.8389758181818184,0.1982014038250544,12.584637272727274,0.8389758181818184,0.1982014038250544,0,0.0,0.0,Spanish,Spanish,No,Low,Low,No,15,3.10942,0.20729466666666668,0.08355499273864822,0.35938000000000003,1,0.06666666666666668,1482.5490407754999,43.26091047123571,86.60322261710449,648.9136570685357,43.26091047123571,83.45926024125133,1607.1397125030926,107.14264750020617,65.37715240190617,4.38461696969697,0.3372782284382285,0.21257309575822786,4.38461696969697,0.3372782284382285,0.21257309575822786,0,0.0,0.0,English,Spanish,Yes,Medium,Low,Yes,9,1.65628,0.18403111111111112,0.11476847839062244,0.39063,0,0.0,1878.807419742777,61.07828887434635,143.45284766259692,549.7045998691171,61.07828887434635,71.1235486226108,1079.0503728099036,119.89448586776709,57.64050647997783,-0.09446424242424144,-0.01889284848484829,0.18303630542600013,-0.09446424242424144,-0.01889284848484829,0.18303630542600013,0,0.0,0.0,English,English,No,Medium,Low,Yes,0,0.0,0.0,0.0,0.0,0,0.0,0.0,0.0,0.0,0.0,0.0,0.0,0.0,0.0,0.0,0.0,0.0,0.0,0.0,0.0,0.0,0,0.0,0.0,English,English,No,Medium,Low,Yes,3,English,Medium,Low,Low,Low
2492,17,41,7.265749999999998,0.17721341463414628,0.07986750539242203,0.4375,5,0.12195121951219512,6006.035612272324,-8.11485265939008,212.04928426759602,-332.70895903499326,-8.11485265939008,97.25016158447872,3601.2192560650988,87.83461600158778,61.87782954737326,18.809745454545453,0.5224929292929292,0.4305665634380457,18.809745454545453,0.5224929292929292,0.4305665634380457,1,0.053239999999999996,0.053239999999999996,5,0.78127,0.156254,0.09478627276140784,0.29688000000000003,1,0.2,1521.197306510133,31.926484548862994,304.5485189923678,159.63242274431497,31.926484548862994,57.89505854642909,542.8259056820465,108.56518113640932,48.61398795763938,2.1248806060606054,0.5312201515151513,0.6168040852045323,2.1248806060606054,0.5312201515151513,0.6168040852045323,0,0.0,0.0,Spanish,English,Yes,Low,Low,No,1,0.17188,0.17188,0.0,0.17188,0,0.0,222.30211173086053,128.67333291537173,0.0,128.67333291537173,128.67333291537173,0.0,7.217295524041242,7.217295524041242,0.0,1.381465151515151,1.381465151515151,0.0,1.381465151515151,1.381465151515151,0.0,1,0.05324,0.05324,Spanish,Spanish,No,Low,Low,No,6,1.0625200000000001,0.1770866666666667,0.11073217503909552,0.39063,0,0.0,1407.3893396212006,-41.017463783704095,364.3956106707457,-246.10478270222455,-41.017463783704095,80.54180305832813,648.9923017857354,108.16538363095593,30.81334257957255,5.339805757575757,1.0679611515151517,0.17199835620144732,5.339805757575757,1.0679611515151517,0.17199835620144732,0,0.0,0.0,Spanish,Spanish,No,Low,Low,No,24,4.218809999999999,0.17578374999999993,0.07510458207351599,0.4375,4,0.16666666666666666,2308.5060800623473,-35.59932081517496,102.1407703636803,-854.3836995641991,-35.59932081517496,94.22446127226401,1922.4707721813093,80.10294884088789,70.36198291313548,9.644413333333334,0.4383824242424243,0.1679465791959942,9.644413333333334,0.4383824242424243,0.1679465791959942,0,0.0,0.0,Spanish,Spanish,No,Low,Low,No,3,0.6250100000000001,0.2083366666666667,0.01948958069214306,0.23438,0,0.0,511.5371264674155,84.21307632140463,141.7671471564943,252.63922896421383,84.21307632140463,57.57570629256338,231.78772422391893,77.26257474130631,39.29885318269228,0.3119454545454543,0.1039818181818181,0.1801472437264091,0.3119454545454543,0.1039818181818181,0.1801472437264091,0,0.0,0.0,Spanish,Spanish,No,Low,Low,No,2,0.40626,0.20313,0.0,0.20313,0,0.0,35.103647880365486,113.41726930376484,1.315015578931238,226.83453860752965,113.41726930376484,35.9958812004838,247.9252566680491,123.96262833402454,15.95439073499215,0.007235151515151639,0.007235151515151639,0.0,0.007235151515151639,0.007235151515151639,0.0,0,0.0,0.0,Spanish,Spanish,No,Low,Low,No,3,English,Medium,Low,Low,Low
2492,18,9,1.5468899999999999,0.17187666666666668,0.07760241891991655,0.34375,0,0.0,6738.877794403578,64.12979354611348,1342.505995826298,577.1681419150212,64.12979354611348,78.22154796447408,780.091296898374,86.676810766486,64.9475119293056,3.6745660606060615,0.5249380086580088,0.8360011120806,3.6745660606060615,0.5249380086580088,0.8360011120806,0,0.0,0.0,4,0.9062600000000001,0.22656500000000002,0.0737021826338949,0.34375,0,0.0,4786.76054402476,72.062723033255,1838.7802661095768,288.25089213302005,72.062723033255,51.360677645236464,332.60339073301543,83.15084768325386,54.201250485738704,2.928045454545455,0.9760151515151516,0.7083704116883734,2.928045454545455,0.9760151515151516,0.7083704116883734,0,0.0,0.0,English,Spanish,Yes,Medium,Low,Yes,2,0.21875,0.109375,0.015625,0.125,0,0.0,435.0532512697504,157.54136583977154,173.32189187931462,315.0827316795432,157.54136583977154,3.101941079841964,224.87011755910584,112.43505877955292,61.36105906076313,3.0824003030303038,1.5412001515151519,0.009110000000000174,3.0824003030303038,1.5412001515151519,0.009110000000000174,0,0.0,0.0,English,English,No,Medium,Low,Yes,0,0.0,0.0,0.0,0.0,0,0.0,0.0,0.0,0.0,0.0,0.0,0.0,0.0,0.0,0.0,0.0,0.0,0.0,0.0,0.0,0.0,0,0.0,0.0,English,English,No,Medium,Low,Yes,1,0.09375,0.09375,0.0,0.09375,0,0.0,94.59012762693588,-91.32593326377993,0.0,-91.32593326377993,-91.32593326377993,0.0,178.49455658448062,178.49455658448062,0.0,-1.1066648484848485,-1.1066648484848485,0.0,-1.1066648484848485,-1.1066648484848485,0.0,0,0.0,0.0,English,English,No,Medium,Low,Yes,2,0.32813000000000003,0.16406500000000002,0.054685,0.21875,0,0.0,1422.4738714821326,32.58022568311902,647.5457935186192,65.16045136623804,32.58022568311902,17.83495953983937,44.12323202177221,22.061616010886105,16.197265502375576,-1.2292148484848484,-1.2292148484848484,0.0,-1.2292148484848484,-1.2292148484848484,0.0,0,0.0,0.0,English,English,No,Medium,Low,Yes,0,0.0,0.0,0.0,0.0,0,0.0,0.0,0.0,0.0,0.0,0.0,0.0,0.0,0.0,0.0,0.0,0.0,0.0,0.0,0.0,0.0,0,0.0,0.0,English,English,No,Medium,Low,Yes,0,English,Medium,Low,Low,Low
2492,19,27,4.125049999999999,0.1527796296296296,0.10314885778730556,0.39063000000000003,2,0.07407407407407407,2275.2378140162123,26.4243231727176,78.73302022454483,713.4567256633752,26.4243231727176,68.4846738706532,2791.6203388642652,103.39334588386166,54.94705424550542,0.0,0.0,0.0,0.0,0.0,0.0,1,0.07592,0.07592,0,0.0,0.0,0.0,0.0,0,0.0,0.0,0.0,0.0,0.0,0.0,0.0,0.0,0.0,0.0,0.0,0.0,0.0,0.0,0.0,0.0,0,0.0,0.0,English,English,No,Medium,Low,Yes,4,0.73438,0.183595,0.09905158163805362,0.34375,0,0.0,487.54404690880114,-17.59698900671262,76.26536391335729,-70.38795602685047,-17.59698900671262,29.614857189602326,350.9555866360225,87.73889665900562,53.23423132624838,0.0,0.0,0.0,0.0,0.0,0.0,0,0.0,0.0,English,English,No,Medium,Low,Yes,4,0.6875100000000001,0.17187750000000002,0.10305205756679484,0.34375,1,0.25,258.7511357671217,13.962131082545163,71.17316203135515,55.848524330180645,13.962131082545163,107.81113381235886,290.0031501792081,72.50078754480202,52.023508612815455,0.0,0.0,0.0,0.0,0.0,0.0,1,0.07592,0.07592,English,English,No,Medium,Low,Yes,15,1.7187800000000002,0.11458533333333334,0.087587119362508,0.34375,1,0.06666666666666668,1258.7702898073435,20.341730158102827,83.02161815824806,305.1259523715424,20.341730158102827,48.434166553458034,1791.7020540039664,119.44680360026446,55.499788965005635,0.0,0.0,0.0,0.0,0.0,0.0,0,0.0,0.0,Spanish,English,Yes,Low,Low,No,3,0.76563,0.25521,0.09575640030828224,0.39063,0,0.0,233.81649779029644,121.83321415331751,60.11507824309447,365.4996424599525,121.83321415331751,37.64296933202136,285.2405714980052,95.08019049933506,33.67426638010011,0.0,0.0,0.0,0.0,0.0,0.0,0,0.0,0.0,Spanish,Spanish,No,Low,Low,No,1,0.21875,0.21875,0.0,0.21875,0,0.0,36.35584374265025,57.37056252855013,0.0,57.37056252855013,57.37056252855013,0.0,73.71897654706224,73.71897654706224,0.0,0.0,0.0,0.0,0.0,0.0,0.0,0,0.0,0.0,Spanish,Spanish,No,Low,Low,No,6,English,Medium,Low,Low,Low
2492,20,53,6.7501399999999965,0.12736113207547164,0.05508770299585848,0.3125,2,0.03773584905660377,8785.012141509349,9.655576273491116,201.6883897378161,511.7455424950292,9.655576273491116,102.49271942805142,4372.963025626978,82.50873633258449,50.90418499011293,5.420521515151515,0.5420521515151515,0.2597570626200565,5.420521515151515,0.5420521515151515,0.2597570626200565,2,0.17722000000000002,0.08861000000000001,10,1.25002,0.125002,0.045285552398088284,0.20313,0,0.0,1511.0418457978162,-21.469733588237574,101.20854007135605,-214.69733588237568,-21.469733588237574,104.66801413221093,810.4510166565385,81.04510166565385,53.30610227486603,0.0,0.0,0.0,0.0,0.0,0.0,0,0.0,0.0,Spanish,Spanish,No,Low,Low,No,7,0.7344,0.10491428571428572,0.03801361705537442,0.17188,0,0.0,1542.8030470777853,-4.947906009323283,171.5538504362597,-34.63534206526298,-4.947906009323283,77.562788081948,624.3438936349053,89.19198480498646,51.59899619589907,1.167285151515152,1.167285151515152,0.0,1.167285151515152,1.167285151515152,0.0,1,0.05486,0.05486,English,Spanish,Yes,Medium,Low,Yes,8,0.89065,0.11133125,0.03617113263277085,0.1875,0,0.0,1880.6877610623471,22.790842843499565,181.50418343945512,182.3267427479965,22.790842843499565,131.08372154155467,505.8092275759031,63.22615344698786,41.30304347694632,2.9394754545454544,0.9798251515151516,0.22395759960810047,2.9394754545454544,0.9798251515151516,0.22395759960810047,0,0.0,0.0,Spanish,English,Yes,Low,Low,No,10,1.2031500000000002,0.12031500000000002,0.05414920798128076,0.21875,1,0.1,1109.5285655678676,34.869006424478734,79.59665327718938,348.69006424478744,34.869006424478734,96.67945396591328,936.4311319770401,93.643113197704,50.256278985308164,2.4739857575757576,0.4947971515151515,0.19994821323532747,2.4739857575757576,0.4947971515151515,0.19994821323532747,0,0.0,0.0,English,Spanish,Yes,Medium,Low,Yes,17,2.64067,0.1553335294117647,0.06026977634340805,0.3125,1,0.05882352941176471,1447.7167495421381,8.960087451730779,52.81555195183103,152.32148667942326,8.960087451730779,94.11875324180764,1487.2147249365116,87.48321911391243,49.08791252920681,0.0,0.0,0.0,0.0,0.0,0.0,0,0.0,0.0,Spanish,English,Yes,Low,Low,No,1,0.03125,0.03125,0.0,0.03125,0,0.0,1293.2341724613993,77.73992677046104,0.0,77.73992677046104,77.73992677046104,0.0,8.71303084608168,8.71303084608168,0.0,-1.1602248484848483,-1.1602248484848483,0.0,-1.1602248484848483,-1.1602248484848483,0.0,1,0.12236,0.12236,English,Spanish,Yes,Medium,Low,Yes,3,English,Medium,Low,Low,Low
2492,21,46,6.265719999999997,0.13621130434782605,0.06594403254831675,0.28125,2,0.043478260869565216,6456.1686829809205,64.88152902926437,104.80233643951132,2984.550335346161,64.88152902926437,76.66748747712082,3427.451209703065,74.50980890658836,61.779977933552544,0.19508030303030344,0.09754015151515172,0.22828499999999985,0.19508030303030344,0.09754015151515172,0.22828499999999985,1,0.04325,0.04325,8,1.14063,0.14257875,0.08609293473298202,0.28125,1,0.125,1243.8092484264234,35.27032372626724,144.35229718507767,282.16258981013794,35.27032372626724,81.6124597107005,803.5830722234572,100.44788402793215,41.86411473711069,0.0,0.0,0.0,0.0,0.0,0.0,0,0.0,0.0,Spanish,English,Yes,Low,Low,No,9,1.1719100000000002,0.13021222222222226,0.0662926575082503,0.26563000000000003,0,0.0,1129.036334019641,49.18047654631747,114.41218648997987,442.6242889168572,49.18047654631747,64.42372442506827,557.2952982049468,61.92169980054965,59.21932400670534,0.0,0.0,0.0,0.0,0.0,0.0,0,0.0,0.0,Spanish,Spanish,No,Low,Low,No,14,2.0469,0.14620714285714284,0.06978015031189759,0.26563000000000003,1,0.07142857142857142,1850.208849952693,111.08043447984869,70.20769820614666,1555.1260827178814,111.08043447984869,67.63265703962628,1073.0456558346866,76.64611827390618,69.65481329655796,0.0,0.0,0.0,0.0,0.0,0.0,0,0.0,0.0,Spanish,Spanish,No,Low,Low,No,6,0.7500100000000001,0.12500166666666668,0.034939307575979364,0.1875,0,0.0,1027.2461044401316,45.16439420901086,66.36289252826586,270.98636525406516,45.16439420901086,78.85127622540459,327.8839332860658,54.64732221434432,68.103084744253,0.0,0.0,0.0,0.0,0.0,0.0,0,0.0,0.0,English,Spanish,Yes,Medium,Low,Yes,9,1.15627,0.12847444444444445,0.049837351256330965,0.23438,0,0.0,1205.8681461420335,48.18344540524661,112.7692904491582,433.6510086472194,48.18344540524661,61.86490268736879,665.6432501539084,73.96036112821206,52.69684253142758,0.19508030303030344,0.09754015151515172,0.22828499999999985,0.19508030303030344,0.09754015151515172,0.22828499999999985,1,0.04325,0.04325,English,English,No,Medium,Low,Yes,0,0.0,0.0,0.0,0.0,0,0.0,0.0,0.0,0.0,0.0,0.0,0.0,0.0,0.0,0.0,0.0,0.0,0.0,0.0,0.0,0.0,0,0.0,0.0,English,English,No,Medium,Low,Yes,3,English,Medium,Low,Low,Low
2492,22,28,2.8750499999999994,0.10268035714285713,0.05322089939126645,0.21875,0,0.0,9070.174057231949,42.5743190539141,330.7338725530865,1192.0809335095946,42.5743190539141,95.52177434497284,1899.556700249711,67.84131072320396,68.34339897111539,1.3283357575757575,0.2656671515151515,0.18272892147659592,1.3283357575757575,0.2656671515151515,0.18272892147659592,2,0.14395,0.071975,0,0.0,0.0,0.0,0.0,0,0.0,0.0,0.0,0.0,0.0,0.0,0.0,0.0,0.0,0.0,0.0,0.0,0.0,0.0,0.0,0.0,1,0.1051,0.1051,Spanish,English,Yes,Low,Low,No,0,0.0,0.0,0.0,0.0,0,0.0,0.0,0.0,0.0,0.0,0.0,0.0,0.0,0.0,0.0,0.0,0.0,0.0,0.0,0.0,0.0,0,0.0,0.0,Spanish,Spanish,No,Low,Low,No,3,0.34375999999999995,0.11458666666666666,0.05155751243891514,0.1875,0,0.0,3254.6690749634054,17.80224267713297,506.10493660104936,53.4067280313989,17.80224267713297,46.93027790646698,98.50919882328628,32.83639960776209,41.724715464976896,0.0,0.0,0.0,0.0,0.0,0.0,1,0.03885,0.03885,Spanish,Spanish,No,Low,Low,No,10,1.01564,0.10156400000000004,0.03580082714128265,0.15625,0,0.0,2020.0290690877368,-21.138820591961245,142.16242435599258,-211.38820591961246,-21.138820591961245,84.47111906822465,702.9504790944662,70.29504790944664,68.26629806981181,0.4553151515151517,0.4553151515151517,0.0,0.4553151515151517,0.4553151515151517,0.0,0,0.0,0.0,Spanish,Spanish,No,Low,Low,No,14,1.4375200000000001,0.10268,0.06407418078178716,0.21875,0,0.0,3522.807090440252,98.21733240199735,96.58309653776848,1375.0426536279626,98.21733240199735,78.91141198510661,933.5197704849563,66.67998360606829,68.57960518129778,0.8730206060606059,0.2182551515151515,0.15835361710425178,0.8730206060606059,0.2182551515151515,0.15835361710425178,0,0.0,0.0,Spanish,Spanish,No,Low,Low,No,1,0.07812999999999999,0.07812999999999999,0.0,0.07812999999999999,0,0.0,272.66882274055456,-24.980242230154467,0.0,-24.980242230154467,-24.980242230154467,0.0,164.5772518470015,164.5772518470015,0.0,0.0,0.0,0.0,0.0,0.0,0.0,0,0.0,0.0,Spanish,Spanish,No,Low,Low,No,3,English,Medium,Low,Low,Low
2492,23,57,6.2813899999999965,0.11019982456140344,0.04305724457620968,0.21875,3,0.05263157894736842,15241.877763640148,41.62308885553415,326.50965228742086,2372.5160647654466,41.62308885553415,85.42578110301274,4143.799716129937,72.69824063385855,63.03893769658524,9.669822424242428,0.6043639015151517,0.7651982903957701,9.669822424242428,0.6043639015151517,0.7651982903957701,3,0.19045,0.06348333333333334,9,0.92189,0.10243222222222224,0.04041850422703217,0.15625,1,0.1111111111111111,1420.4748884292346,36.0812437769086,107.29995769149656,324.7311939921774,36.0812437769086,86.34350916999706,872.4491664833035,96.93879627592258,53.24872150456816,7.60071575757576,1.5201431515151518,0.2598471167436727,7.60071575757576,1.5201431515151518,0.2598471167436727,0,0.0,0.0,English,Spanish,Yes,Medium,Low,Yes,5,0.75002,0.150004,0.03644327789867426,0.20313,0,0.0,1385.3468961439462,64.91314527036864,152.79409706152055,324.56572635184324,64.91314527036864,61.8714688230899,308.21004240402743,61.642008480805494,54.36019531885678,1.3914951515151517,1.3914951515151517,0.0,1.3914951515151517,1.3914951515151517,0.0,0,0.0,0.0,English,English,No,Medium,Low,Yes,9,1.0000200000000001,0.11111333333333334,0.0468416445768791,0.21875,0,0.0,4594.963731006696,18.80644051713049,694.591845052934,169.25796465417437,18.80644051713049,60.46553348090392,473.56351173050217,52.6181679700558,65.1715552935224,-1.4442348484848484,-1.4442348484848484,0.0,-1.4442348484848484,-1.4442348484848484,0.0,1,0.03191,0.03191,English,English,No,Medium,Low,Yes,23,2.4688,0.1073391304347826,0.03694796504522254,0.20313,1,0.043478260869565216,4895.592746904742,40.62897895762085,164.20320977376508,934.4665160252797,40.62897895762085,86.65672707060318,1794.7740502045574,78.03365435671991,64.27808848725846,2.4606309090909098,0.4101051515151517,0.1485587111118772,2.4606309090909098,0.4101051515151517,0.1485587111118772,1,0.00645,0.00645,English,English,No,Medium,Low,Yes,8,0.71877,0.08984625,0.03964287607423937,0.15625,0,0.0,1897.9305051898766,59.42064841724597,129.7787944266861,475.36518733796777,59.42064841724597,108.50854049781769,369.4398861304789,46.17998576630986,45.67905032255735,-0.3387845454545455,-0.11292818181818184,0.1926091621796729,-0.3387845454545455,-0.11292818181818184,0.1926091621796729,1,0.15209,0.15209,English,English,No,Medium,Low,Yes,3,0.42189,0.14063,0.044194173824159216,0.20313,1,0.3333333333333333,1047.5689959656518,48.04315880133503,87.43171625028734,144.1294764040051,48.04315880133503,80.73849894428302,325.36305917706613,108.45435305902204,74.44726239457084,0.0,0.0,0.0,0.0,0.0,0.0,0,0.0,0.0,English,English,No,Medium,Low,Yes,0,English,Medium,Low,Low,Low
2492,24,73,8.218919999999997,0.1125879452054794,0.06185237395824812,0.51563,3,0.0410958904109589,17545.955078015588,48.0577496413661,176.22406692645978,3508.2157238197256,48.0577496413661,99.57648114882004,6135.135342992437,84.04294990400598,65.79066142166003,14.550614545454547,0.4850204848484849,0.6389960483484143,14.550614545454547,0.4850204848484849,0.6389960483484143,1,0.10737999999999999,0.10737999999999999,13,1.34379,0.10336846153846156,0.0309712121533614,0.15625,0,0.0,3723.046604670567,68.81324471524923,129.6958917622682,894.5721812982399,68.81324471524923,85.32708172240595,1033.757188569307,79.5197837361005,65.19646040161892,8.743580909090909,1.457263484848485,0.2416426420472089,8.743580909090909,1.457263484848485,0.2416426420472089,0,0.0,0.0,English,English,No,Medium,Low,Yes,11,0.93752,0.08522909090909092,0.023428004398212084,0.10938,1,0.09090909090909093,2848.9884083244287,70.81934263828383,143.5925930706261,779.0127690211223,70.81934263828383,110.88525297362273,838.6887112602826,76.24442829638933,65.99512744274165,3.3865906060606066,0.8466476515151516,0.1043406994837107,3.3865906060606066,0.8466476515151516,0.1043406994837107,0,0.0,0.0,English,English,No,Medium,Low,Yes,12,1.18751,0.09895916666666668,0.02414932934138936,0.15625,0,0.0,2849.3006898126923,38.53866320977002,140.17168438901282,462.4639585172402,38.53866320977002,72.5914359070487,1196.097568699942,99.67479739166184,62.83956803783345,0.2375151515151513,0.2375151515151513,0.0,0.2375151515151513,0.2375151515151513,0.0,0,0.0,0.0,English,English,No,Medium,Low,Yes,21,2.23443,0.10640142857142858,0.03994235242204448,0.21875,1,0.047619047619047616,4887.723087226479,38.26929666836092,187.36678146624647,803.6552300355793,38.26929666836092,96.4882440360652,1583.8461194949537,75.42124378547399,68.43444548633863,1.3200312121212128,0.1650039015151516,0.3520667883726041,1.3200312121212128,0.1650039015151516,0.3520667883726041,1,0.10738,0.10738,Spanish,English,Yes,Low,Low,No,11,1.3125300000000002,0.1193209090909091,0.0462902857381439,0.23438,1,0.09090909090909093,2921.3978244124105,36.019304355908865,241.0071719819257,396.2123479149975,36.019304355908865,115.792667949701,1092.389410345914,99.30812821326492,61.47793136512662,0.4656060606060613,0.06651515151515161,0.13203336144586295,0.4656060606060613,0.06651515151515161,0.13203336144586295,0,0.0,0.0,Spanish,Spanish,No,Low,Low,No,5,1.20314,0.240628,0.14272808502884074,0.51563,0,0.0,315.4984635690136,34.459847406509354,50.60537794250404,172.29923703254673,34.459847406509354,118.9798159457082,390.3563446220393,78.07126892440786,58.870006352224685,0.3972906060606061,0.09932265151515153,0.08992092234291207,0.3972906060606061,0.09932265151515153,0.08992092234291207,0,0.0,0.0,Spanish,Spanish,No,Low,Low,No,6,English,Medium,Low,Low,Low
2492,25,8,1.2969000000000002,0.16211250000000002,0.1910360226992543,0.65625,0,0.0,2091.8710018866573,21.273832846086755,351.5482387403068,170.19066276869404,21.273832846086755,62.38034530742959,571.5694065247285,71.44617581559106,66.30934684171174,6.2050909090909085,1.0341818181818183,0.4213693421321595,6.2050909090909085,1.0341818181818183,0.4213693421321595,0,0.0,0.0,3,0.15625999999999998,0.05208666666666667,0.019489580692143054,0.07812999999999999,0,0.0,1382.065040722065,23.668570963116693,501.12582358071364,71.0057128893501,23.668570963116693,88.09040229888046,180.33743173585412,60.11247724528472,74.06632935893646,2.9028103030303027,1.4514051515151514,0.07729999999999981,2.9028103030303027,1.4514051515151514,0.07729999999999981,0,0.0,0.0,Spanish,Spanish,No,Low,Low,No,4,0.48439,0.1210975,0.03000301099473185,0.15625,0,0.0,574.9928129007823,5.2902819195475335,105.79289742741669,21.16112767819013,5.2902819195475335,29.96265053873164,384.26124283588763,96.06531070897192,54.2013010723788,2.443805454545455,0.8146018181818183,0.11986526055904972,2.443805454545455,0.8146018181818183,0.11986526055904972,0,0.0,0.0,English,Spanish,Yes,Medium,Low,Yes,0,0.0,0.0,0.0,0.0,0,0.0,0.0,0.0,0.0,0.0,0.0,0.0,0.0,0.0,0.0,0.0,0.0,0.0,0.0,0.0,0.0,0,0.0,0.0,Spanish,English,Yes,Low,Low,No,1,0.65625,0.65625,0.0,0.65625,0,0.0,134.81314826380995,78.02382220115383,0.0,78.02382220115383,78.02382220115383,0.0,6.970731952986853,6.970731952986853,0.0,0.8584751515151514,0.8584751515151514,0.0,0.8584751515151514,0.8584751515151514,0.0,0,0.0,0.0,English,Spanish,Yes,Medium,Low,Yes,0,0.0,0.0,0.0,0.0,0,0.0,0.0,0.0,0.0,0.0,0.0,0.0,0.0,0.0,0.0,0.0,0.0,0.0,0.0,0.0,0.0,0,0.0,0.0,Spanish,English,Yes,Low,Low,No,0,0.0,0.0,0.0,0.0,0,0.0,0.0,0.0,0.0,0.0,0.0,0.0,0.0,0.0,0.0,0.0,0.0,0.0,0.0,0.0,0.0,0,0.0,0.0,English,Spanish,Yes,Medium,Low,Yes,3,English,Medium,Low,Low,Low
2492,26,54,9.296989999999996,0.1721664814814814,0.07201128667084347,0.40625,7,0.12962962962962962,12513.605223349654,27.965277162674557,883.5848606223508,1510.1249667844259,27.965277162674557,97.53951606044151,4666.560981225714,86.41779594862436,62.290131350467846,19.82853636363637,0.4721080086580088,0.4837301398715832,19.82853636363637,0.4721080086580088,0.4837301398715832,2,0.27693,0.138465,3,0.8125,0.2708333333333333,0.09660019266141358,0.40625,0,0.0,6680.071334461947,143.94818604459715,3098.24018643618,431.84455813379145,143.94818604459715,24.556037595649162,401.2687923108251,133.75626410360837,31.72111627670898,4.572905454545455,1.5243018181818184,0.08187213051799555,4.572905454545455,1.5243018181818184,0.08187213051799555,0,0.0,0.0,Spanish,English,Yes,Low,Low,No,8,1.57814,0.1972675,0.08555880342635701,0.375,0,0.0,659.8364416024976,37.15473431724686,40.71579472365303,297.2378745379749,37.15473431724686,67.96365390118365,733.6201167824937,91.70251459781171,65.79041021576187,6.8306012121212145,0.8538251515151518,0.11955513142479485,6.8306012121212145,0.8538251515151518,0.11955513142479485,0,0.0,0.0,Spanish,Spanish,No,Low,Low,No,2,0.48438000000000003,0.24219000000000002,0.10156,0.34375,0,0.0,465.4656340095603,109.27692542145843,190.84015867709687,218.55385084291686,109.27692542145843,60.400167142092144,188.8196741679297,94.40983708396485,35.21017136814914,1.6314703030303035,0.8157351515151519,0.023600000000000062,1.6314703030303035,0.8157351515151519,0.023600000000000062,1,0.13760999999999998,0.13760999999999998,Spanish,Spanish,No,Low,Low,No,29,4.3438,0.14978620689655173,0.0519875709558374,0.25,5,0.1724137931034483,3391.0650100798675,6.025578686488473,130.72301147424994,174.7417819081657,6.025578686488473,93.9640466889362,2387.6674553034877,82.33336052770647,61.43457096178111,6.965858181818183,0.3317075324675325,0.2305579355240382,6.965858181818183,0.3317075324675325,0.2305579355240382,0,0.0,0.0,English,Spanish,Yes,Medium,Low,Yes,10,1.7031600000000002,0.17031600000000002,0.059066163951961535,0.29688000000000003,2,0.2,954.5951836807862,19.678482538477798,85.22905452995751,196.78482538477803,19.678482538477798,110.72544871898808,742.0542347319458,74.20542347319459,64.88656543296337,-0.0870039393939388,-0.012429134199134115,0.11134541171599346,-0.0870039393939388,-0.012429134199134115,0.11134541171599346,1,0.13932,0.13932,English,English,No,Medium,Low,Yes,2,0.37501,0.187505,0.015625,0.20313,0,0.0,362.57161951499353,95.48103798839979,91.2373704088884,190.96207597679958,95.48103798839979,74.26010408577787,213.1307079290333,106.5653539645167,63.17578810966094,-0.08529484848484836,-0.08529484848484836,0.0,-0.08529484848484836,-0.08529484848484836,0.0,0,0.0,0.0,English,English,No,Medium,Low,Yes,3,English,Medium,Low,Low,Low
2492,27,73,11.187689999999995,0.1532560273972602,0.07714086426151152,0.375,3,0.0410958904109589,14486.075077110037,14.96833680102863,960.9821652095976,1092.68858647509,14.96833680102863,108.3833030792587,6978.037025322344,95.5895482920869,61.439437832992965,0.0,0.0,0.0,0.0,0.0,0.0,1,0.16,0.16,28,3.6094699999999977,0.12890964285714274,0.08358457062341723,0.35938000000000003,2,0.07142857142857142,10482.037749161693,22.556726506128737,1531.0043123632636,631.5883421716046,22.556726506128737,106.34398834611507,2657.9239561999625,94.9258555785701,60.19682455377814,0.0,0.0,0.0,0.0,0.0,0.0,0,0.0,0.0,Spanish,English,Yes,Low,Low,No,6,0.7812600000000001,0.13021000000000002,0.07583573717801742,0.23438,0,0.0,906.5274758789436,55.750590576740855,170.33189260959446,334.5035434604452,55.750590576740855,84.43533866514288,543.6013887093701,90.60023145156168,68.84752088652161,0.0,0.0,0.0,0.0,0.0,0.0,0,0.0,0.0,Spanish,Spanish,No,Low,Low,No,18,3.0312799999999998,0.16840444444444444,0.05973861213860693,0.29688000000000003,0,0.0,1245.4523232400338,-20.486125328936264,55.663381448928305,-368.7502559208528,-20.486125328936264,84.9677469234807,1643.6524996423102,91.31402775790613,58.24702951939498,0.0,0.0,0.0,0.0,0.0,0.0,0,0.0,0.0,Spanish,Spanish,No,Low,Low,No,20,3.6563,0.182815,0.06954368573062547,0.375,1,0.05,1761.6718186065673,19.44426917275404,76.64445091007288,388.8853834550808,19.44426917275404,127.50619788018169,2083.380769456976,104.1690384728488,63.443048186649186,0.0,0.0,0.0,0.0,0.0,0.0,0,0.0,0.0,Spanish,Spanish,No,Low,Low,No,1,0.10938,0.10938,0.0,0.10938,0,0.0,90.38571022280013,106.46157330881206,0.0,106.46157330881206,106.46157330881206,0.0,49.47841131372829,49.47841131372829,0.0,0.0,0.0,0.0,0.0,0.0,0.0,1,0.16,0.16,Spanish,Spanish,No,Low,Low,No,0,0.0,0.0,0.0,0.0,0,0.0,0.0,0.0,0.0,0.0,0.0,0.0,0.0,0.0,0.0,0.0,0.0,0.0,0.0,0.0,0.0,0,0.0,0.0,Spanish,Spanish,No,Low,Low,No,3,English,Medium,Low,Low,Low
2492,28,48,8.250109999999998,0.17187729166666665,0.09172090609878207,0.45313000000000003,6,0.125,9995.68696218009,30.79607773148045,383.78464742603796,1478.2117311110615,30.79607773148045,100.75464316441088,3673.210166166803,76.52521179514173,56.966151431041204,7.561280606060605,1.8903201515151515,1.1521418363720457,7.561280606060605,1.8903201515151515,1.1521418363720457,2,0.28876999999999997,0.14438499999999999,8,0.7500200000000001,0.09375250000000004,0.04815867334914865,0.1875,0,0.0,3248.142662376448,38.1954445530335,717.9120259837007,305.563556424268,38.1954445530335,55.36464383815527,681.8415849180964,85.23019811476205,54.87169085018553,2.6365403030303014,1.3182701515151507,0.06801999999999975,2.6365403030303014,1.3182701515151507,0.06801999999999975,0,0.0,0.0,English,Spanish,Yes,Medium,Low,Yes,3,0.34375,0.11458333333333333,0.06421264586426018,0.1875,0,0.0,1225.5652471174992,127.84171243023256,380.8580370996788,383.5251372906977,127.84171243023256,32.640999558486115,37.89265619468453,12.63088539822818,6.861307402315117,2.290935151515152,2.290935151515152,0.0,2.290935151515152,2.290935151515152,0.0,1,0.1975,0.1975,English,English,No,Medium,Low,Yes,14,2.4687799999999998,0.17634142857142854,0.06666552405823555,0.3125,1,0.07142857142857142,1910.4324192887075,32.995457862272055,149.6704837778027,461.9364100718087,32.995457862272055,97.11058556468092,1123.861847577854,80.27584625556098,43.7927079409924,0.0,0.0,0.0,0.0,0.0,0.0,1,0.09127,0.09127,English,English,No,Medium,Low,Yes,20,4.3125599999999995,0.215628,0.09827649137001176,0.45313,5,0.25,2158.4564649769472,0.7178705565246162,91.9672477761842,14.357411130492325,0.7178705565246162,114.24714272063521,1617.5182273788091,80.87591136894045,64.87292323772083,0.0,0.0,0.0,0.0,0.0,0.0,0,0.0,0.0,English,English,No,Medium,Low,Yes,2,0.34375,0.171875,0.015625,0.1875,0,0.0,114.94721179363155,102.3423675423001,3.2327051609318365,204.6847350846002,102.3423675423001,41.262323947226896,200.24226443227684,100.12113221613842,29.950839416544433,0.0,0.0,0.0,0.0,0.0,0.0,0,0.0,0.0,English,English,No,Medium,Low,Yes,1,0.03125,0.03125,0.0,0.03125,0,0.0,1338.1429566268625,108.1444811091946,0.0,108.1444811091946,108.1444811091946,0.0,11.853585665082967,11.853585665082967,0.0,2.6338051515151517,2.6338051515151517,0.0,2.6338051515151517,2.6338051515151517,0.0,0,0.0,0.0,English,English,No,Medium,Low,Yes,0,English,Medium,Low,Low,Low
2492,29,38,8.296979999999998,0.2183415789473684,0.11618247429947873,0.54688,2,0.05263157894736842,3382.230628140188,24.970156362971373,66.95928672099484,948.8659417929119,24.970156362971373,100.00731850136788,3725.2055785412017,98.03172575108424,62.10736916690258,23.10521909090909,0.8557488552188554,0.5208978036616526,23.10521909090909,0.8557488552188554,0.5208978036616526,1,0.17632,0.17632,10,2.14065,0.214065,0.11397729697180925,0.51563,0,0.0,995.93530462261,-41.69365429350429,58.98019608986289,-416.9365429350429,-41.69365429350429,116.5508087844289,982.2820461062244,98.22820461062244,55.366093378434655,11.483211212121216,1.4354014015151515,0.18620318505180708,11.483211212121216,1.4354014015151515,0.18620318505180708,0,0.0,0.0,English,English,No,Medium,Low,Yes,3,1.00001,0.3333366666666667,0.1478676562185103,0.45313,0,0.0,268.6687824382567,62.905729538963726,31.66084274238912,188.71718861689118,62.905729538963726,17.65214680340611,420.036392719039,140.01213090634633,44.081779707756546,2.341360303030303,1.1706801515151517,0.05999000000000065,2.341360303030303,1.1706801515151517,0.05999000000000065,0,0.0,0.0,English,English,No,Medium,Low,Yes,9,2.1094100000000005,0.2343788888888889,0.13360187801777546,0.54688,0,0.0,476.0248335894384,36.16891282597749,26.987996001969403,325.5202154337974,36.16891282597749,102.21612021355554,875.3894555749578,97.2654950638842,54.983856556282866,6.13197090909091,1.0219951515151515,0.2574813572323678,6.13197090909091,1.0219951515151515,0.2574813572323678,0,0.0,0.0,English,English,No,Medium,Low,Yes,5,0.6875100000000001,0.137502,0.06043472723525771,0.21875,1,0.2,693.0315579381552,-1.3895303625751994,77.95376962631477,-6.947651812875995,-1.3895303625751994,20.517654272879952,413.12865250575487,82.62573050115097,54.67089142150538,1.6822006060606065,0.4205501515151516,0.2361192646735967,1.6822006060606065,0.4205501515151516,0.2361192646735967,0,0.0,0.0,Spanish,English,Yes,Low,Low,No,9,2.03127,0.2256966666666667,0.07258453462457871,0.34375,1,0.1111111111111111,853.4296909676635,67.59279875867459,84.84334064624805,608.3351888280712,67.59279875867459,79.84715960714864,757.1337109235867,84.1259678803985,78.69943086920081,1.4664760606060616,0.20949658008658026,0.14633333432507406,1.4664760606060616,0.20949658008658026,0.14633333432507406,1,0.17632,0.17632,Spanish,Spanish,No,Low,Low,No,2,0.32813000000000003,0.16406500000000002,0.070315,0.23438,0,0.0,95.14045858406406,125.0887718310356,31.277405050667248,250.1775436620712,125.0887718310356,1.2637526748945265,277.23532071163896,138.61766035581948,18.500391181101925,0.0,0.0,0.0,0.0,0.0,0.0,0,0.0,0.0,Spanish,Spanish,No,Low,Low,No,6,English,Medium,Low,Low,Low
2492,30,14,3.6719,0.2622785714285714,0.12047817246628673,0.53125,0,0.0,1298.5365645200704,66.37863033583345,40.3398715432029,929.3008247016684,66.37863033583345,70.26508501958324,1303.0492829425348,93.07494878160963,51.447204231904685,8.95099090909091,1.4918318181818184,0.14068431738588846,8.95099090909091,1.4918318181818184,0.14068431738588846,1,0.13652999999999998,0.13652999999999998,4,1.28126,0.320315,0.11613897590817647,0.5,0,0.0,374.0955848771313,20.04628154788385,48.75052301878212,80.1851261915354,20.04628154788385,24.678653894676447,315.94397039695565,78.98599259923887,55.13987130186123,0.0,0.0,0.0,0.0,0.0,0.0,0,0.0,0.0,,Chinese,Yes,Low,Low,No,0,0.0,0.0,0.0,0.0,0,0.0,0.0,0.0,0.0,0.0,0.0,0.0,0.0,0.0,0.0,0.0,0.0,0.0,0.0,0.0,0.0,1,0.13652999999999998,0.13652999999999998,,,Yes,Low,Low,No,3,0.5625,0.1875,0.025515518153991442,0.21875,0,0.0,193.14849231128915,69.35561432295101,23.48252335815307,208.06684296885302,69.35561432295101,63.80376221129635,387.7787284213037,129.25957614043458,28.68807520494062,2.839810303030303,1.4199051515151515,0.15877000000000008,2.839810303030303,1.4199051515151515,0.15877000000000008,0,0.0,0.0,English,English,No,Medium,Low,Yes,3,0.5625,0.1875,0.025515518153991442,0.21875,0,0.0,193.14849231128915,69.35561432295101,23.48252335815307,208.06684296885302,69.35561432295101,63.80376221129635,387.7787284213037,129.25957614043458,28.68807520494062,2.839810303030303,1.4199051515151515,0.15877000000000008,2.839810303030303,1.4199051515151515,0.15877000000000008,0,0.0,0.0,English,English,No,Medium,Low,Yes,0,0.0,0.0,0.0,0.0,0,0.0,0.0,0.0,0.0,0.0,0.0,0.0,0.0,0.0,0.0,0.0,0.0,0.0,0.0,0.0,0.0,0,0.0,0.0,English,English,No,Medium,Low,Yes,2,0.5312600000000001,0.26563000000000003,0.06250000000000001,0.32813000000000003,0,0.0,181.60036102510009,86.0119128670388,51.72416129052594,172.0238257340776,86.0119128670388,74.70235882527899,193.0596104414056,96.52980522070278,65.93452287126078,0.0,0.0,0.0,0.0,0.0,0.0,0,0.0,0.0,Chinese,English,Yes,Low,Low,No,3,English,Medium,Low,Low,Low
