userID,Page,AOI_TYPE,Total_Fixation_Count,Total_Fixation_Duration,Average_Fixation_Duration,Fixation_Duration_SD,Longest_Fixation_Duration,Total_Refixation_Count,Refixation_Ratio,Total_Saccade_Length,Average_Saccade_Length,Saccade_Length_SD,Total_Saccade_Absolute_Angle,Average_Saccade_Absolute_Angle,Saccade_Absolute_Angle_SD,Total_Saccade_Relative_Angle,Average_Saccade_Relative_Angle,Saccade_Relative_Angle_SD,Total_Left_Eye_Difference,Average_Left_Eye_Difference,Left_Eye_Difference_SD,Total_Right_Eye_Difference,Average_Right_Eye_Difference,Right_Eye_Difference_SD
2591,0,QUERY,21,4.67972,0.2228438095238095,0.11733895940825168,0.53125,0,0.0,3561.465074281101,-3.2649727662805836,145.1336026370954,-68.56442809189225,-3.2649727662805836,83.55696844845875,2026.020200960988,96.47715242671372,57.55650453438927,13.831575,0.6586464285714286,0.4385883255345929,13.831575,0.6586464285714286,0.4385883255345929
2591,0,RESULT1,24,6.3594,0.264975,0.17945989398748682,0.78125,0,0.0,12495.742194055665,-14.894993565614861,1114.2675361442275,-357.47984557475667,-14.894993565614861,94.35689948193121,2487.889302235372,103.66205425980716,47.31242065423658,13.442430000000002,0.6110195454545455,0.3179613239296292,13.442430000000002,0.6110195454545455,0.3179613239296292
2591,0,RESULT2,7,1.2343799999999998,0.17633999999999997,0.0826657705980621,0.33594,0,0.0,2996.656025282994,-30.798347265507346,418.1313337240974,-215.58843085855142,-30.798347265507346,68.70488147436981,740.5606678501177,105.7943811214454,64.9190435648975,4.231375,0.6044821428571429,0.5081860680812065,4.231375,0.6044821428571429,0.5081860680812065
2591,0,RESULT3,13,4.250029999999999,0.3269253846153845,0.3622104159954836,1.48438,0,0.0,2722.594884769241,-11.844254759893655,224.81188615190808,-153.9753118786175,-11.844254759893655,92.05010758880677,418.704718907282,32.208055300560154,32.88925653867084,1.307294999999999,0.14525499999999988,0.389966397643897,1.307294999999999,0.14525499999999988,0.389966397643897
2591,0,RESULT4,1,0.15625,0.15625,0.0,0.15625,0,0.0,86.55221821212908,-9.95910982686332,0.0,-9.95910982686332,-9.95910982686332,0.0,47.27789198828489,47.27789198828489,0.0,0.0,0.0,0.0,0.0,0.0,0.0
2591,0,RESULT5,1,0.07812999999999999,0.07812999999999999,0.0,0.07812999999999999,0,0.0,838.1225537108999,-168.00435247879182,0.0,-168.00435247879182,-168.00435247879182,0.0,146.6825328244286,146.6825328244286,0.0,1.1748249999999998,1.1748249999999998,0.0,1.1748249999999998,1.1748249999999998,0.0
2591,0,RESULT6,0,0.0,0.0,0.0,0.0,0,0.0,0.0,0.0,0.0,0.0,0.0,0.0,0.0,0.0,0.0,0.0,0.0,0.0,0.0,0.0,0.0
2591,0,NOT_AOI,430,103.61779000000006,0.24097160465116294,0.17341354311930918,1.85156,0,0.0,87664.95836835573,-6.8251700372875534,413.03106649021237,-2934.823116033648,-6.8251700372875534,102.63981682258834,37071.94138504078,86.21381717451344,58.6539839530861,188.835085,0.485437236503856,0.42666808442340926,188.835085,0.485437236503856,0.42666808442340926
2591,1,QUERY,24,8.453149999999999,0.3522145833333333,0.2701806661751103,1.4375,4,0.16666666666666666,2791.9526980164533,6.356112785143515,170.44513142282085,152.54670684344435,6.356112785143515,101.81174747235242,1993.5724032104647,83.06551680043603,60.77306185422547,14.199759999999996,0.7099879999999998,0.13286519675596023,14.199759999999996,0.7099879999999998,0.13286519675596023
2591,1,RESULT1,8,1.7656299999999998,0.22070374999999998,0.08784653065680796,0.38281,1,0.125,605.6277464023651,6.565090556053535,99.55034734347305,52.52072444842828,6.565090556053535,96.96207066145385,734.8417481275363,91.85521851594204,43.33806602661544,2.29908,0.38318,0.1211497057936538,2.29908,0.38318,0.1211497057936538
2591,1,RESULT2,9,2.17189,0.2413211111111111,0.13543832449941884,0.53125,0,0.0,528.4144934469288,15.034643801665403,23.210560548937064,135.31179421498862,15.034643801665403,100.4951021960902,676.5700977672802,75.17445530747558,46.826106629554424,1.1232499999999996,0.18720833333333328,0.14529191218792,1.1232499999999996,0.18720833333333328,0.14529191218792
2591,1,RESULT3,9,2.09377,0.23264111111111113,0.14895310794149985,0.60938,1,0.1111111111111111,624.1912645797403,62.20357290947173,33.87771965222678,559.8321561852456,62.20357290947173,91.01962989197435,821.0369163178702,91.22632403531891,47.48052979625351,1.0056399999999988,0.12570499999999984,0.23177814367609728,1.0056399999999988,0.12570499999999984,0.23177814367609728
2591,1,RESULT4,10,2.41408,0.24140799999999998,0.10906375271372244,0.5,2,0.2,770.693494796585,41.468709054853676,56.599033431731456,414.6870905485368,41.468709054853676,92.39309997374015,815.9140074851649,81.59140074851649,41.32837445294249,-1.4604150000000016,-0.16226833333333351,0.1259930189816038,-1.4604150000000016,-0.16226833333333351,0.1259930189816038
2591,1,RESULT5,15,2.9375100000000005,0.19583400000000004,0.07314780751328095,0.33594,1,0.06666666666666667,1387.4642305202467,21.358820155423004,153.73312624726816,320.38230233134504,21.358820155423004,109.23880043416644,1353.941635371777,90.26277569145181,53.102810881394134,-1.1332750000000016,-0.08717500000000013,0.13305616637145173,-1.1332750000000016,-0.08717500000000013,0.13305616637145173
2591,1,RESULT6,1,0.07812999999999999,0.07812999999999999,0.0,0.07812999999999999,0,0.0,33.90070489178658,158.2531995130418,0.0,158.2531995130418,158.2531995130418,0.0,19.62577335784105,19.62577335784105,0.0,-0.039495000000000065,-0.039495000000000065,0.0,-0.039495000000000065,-0.039495000000000065,0.0
2591,1,NOT_AOI,17,4.19532,0.24678352941176468,0.13214983959577972,0.53906,0,0.0,1848.087581158237,58.01521209665196,130.70406291116856,986.2586056430832,58.01521209665196,104.54827480391286,1673.9821657692366,98.46953916289627,57.16231084861553,3.8621199999999978,0.24138249999999986,0.46419117983217295,3.8621199999999978,0.24138249999999986,0.46419117983217295
2591,2,QUERY,12,3.98439,0.3320325,0.18116619382604657,0.6875,1,0.08333333333333333,1011.3595118788548,23.6271514318022,65.5406228560072,283.5258171816264,23.6271514318022,101.17437934279046,1115.2078267393651,92.93398556161377,46.862160378536046,6.193994999999999,0.5630904545454545,0.13084288388296073,6.193994999999999,0.5630904545454545,0.13084288388296073
2591,2,RESULT1,9,2.5469,0.2829888888888889,0.13759219345139256,0.54688,2,0.2222222222222222,921.5791271349276,29.348036419412292,101.23310038728464,264.13232777471063,29.348036419412292,112.7712723101022,792.9949086466081,88.11054540517868,52.24224950658413,3.571640000000001,0.4464550000000001,0.10615856371485036,3.571640000000001,0.4464550000000001,0.10615856371485036
2591,2,RESULT2,14,2.8750399999999994,0.20535999999999996,0.0645871745340026,0.35938000000000003,0,0.0,1098.4845560904057,-23.57230980948776,56.536260002744015,-330.0123373328286,-23.57230980948776,87.11319067706332,1546.8436788988797,110.48883420706284,59.82408647515552,2.2886349999999984,0.17604884615384603,0.1254940443670441,2.2886349999999984,0.17604884615384603,0.1254940443670441
2591,2,RESULT3,5,1.15626,0.231252,0.08847133194430837,0.35156,0,0.0,844.643972232417,-1.9627609560791541,109.54654563335983,-9.81380478039577,-1.9627609560791541,82.28039534031102,306.45925998192416,61.291851996384835,64.81545497314785,-0.29971000000000103,-0.07492750000000026,0.15424403576394757,-0.29971000000000103,-0.07492750000000026,0.15424403576394757
2591,2,RESULT4,6,1.7265700000000002,0.2877616666666667,0.1880112056427016,0.57813,0,0.0,1067.4657603655542,-9.20913549595331,82.45464175387416,-55.25481297571986,-9.20913549595331,99.04150107462954,226.37759176384958,37.72959862730826,34.96539246747594,-0.5082100000000005,-0.12705250000000012,0.10891659412137361,-0.5082100000000005,-0.12705250000000012,0.10891659412137361
2591,2,RESULT5,11,2.38282,0.21662,0.08558629499463738,0.375,1,0.09090909090909091,1322.0233282262675,37.96418216059345,118.83521021101895,417.606003766528,37.96418216059345,84.24475016417742,1247.0022451526463,113.3638404684224,56.69840776538792,-2.153170000000001,-0.21531700000000012,0.12529186127199177,-2.153170000000001,-0.21531700000000012,0.12529186127199177
2591,2,RESULT6,1,0.17969000000000002,0.17969000000000002,0.0,0.17969000000000002,0,0.0,82.92154043142226,78.81170062363971,0.0,78.81170062363971,78.81170062363971,0.0,0.20681146884235765,0.20681146884235765,0.0,-0.2008350000000001,-0.2008350000000001,0.0,-0.2008350000000001,-0.2008350000000001,0.0
2591,2,NOT_AOI,10,1.6797,0.16797,0.06084366984329594,0.25781,0,0.0,1172.5754110734458,10.75232825042853,68.42426311713842,107.5232825042853,10.75232825042853,119.70844327866199,600.850178808309,60.085017880830904,61.855436897878775,2.246234999999998,0.24958166666666648,0.3740282799105432,2.246234999999998,0.24958166666666648,0.3740282799105432
2591,3,QUERY,21,5.57034,0.2652542857142857,0.1555870795704184,0.75781,5,0.23809523809523808,2045.2452591726883,1.7684684338378491,106.8328112070746,37.13783711059483,1.7684684338378491,107.91514947838336,2304.7854823264306,109.75168963459194,51.78242679304791,13.459859999999995,0.6729929999999997,0.1536380938919447,13.459859999999995,0.6729929999999997,0.1536380938919447
2591,3,RESULT1,16,3.4531399999999994,0.21582124999999996,0.10196979184267024,0.40625,1,0.0625,1559.1331418498642,10.193730638434875,102.60133889453076,163.099690214958,10.193730638434875,89.61280136003091,1525.348946243544,95.3343091402215,61.09283686194308,6.368970000000001,0.4549264285714286,0.2401477613249554,6.368970000000001,0.4549264285714286,0.2401477613249554
2591,3,RESULT2,13,3.30471,0.25420846153846155,0.11357102669838574,0.45313,2,0.15384615384615385,1279.930550086819,2.7549279336832586,65.79082183050019,35.814063137882364,2.7549279336832586,87.08467683160015,1277.746578741895,98.28819836476116,53.537612799331065,3.214444999999998,0.24726499999999987,0.23589361643953638,3.214444999999998,0.24726499999999987,0.23589361643953638
2591,3,RESULT3,16,4.13285,0.258303125,0.10146722584896256,0.49219,1,0.0625,1869.3402351589705,5.689099168452,107.20301034110119,91.025586695232,5.689099168452,113.59369287660934,1222.1096724035701,76.38185452522313,44.3222194968478,-0.28754000000000174,-0.01797125000000011,0.15170758620101216,-0.28754000000000174,-0.01797125000000011,0.15170758620101216
2591,3,RESULT4,30,6.382869999999999,0.2127623333333333,0.12024970252723659,0.50781,3,0.1,1679.9125321439435,-7.241966449033686,39.98987611566103,-217.2589934710106,-7.241966449033686,86.29939390218065,2696.0698822388654,89.86899607462884,50.05620425281327,-6.896175000000001,-0.23779913793103452,0.1595648199837815,-6.896175000000001,-0.23779913793103452,0.1595648199837815
2591,3,RESULT5,2,0.45313000000000003,0.22656500000000002,0.085935,0.3125,0,0.0,398.951208072452,49.56338508276959,163.89709755155172,99.12677016553918,49.56338508276959,116.06004210662056,226.33762017023327,113.16881008511663,61.04872587187552,-0.34857000000000005,-0.17428500000000002,0.14500000000000024,-0.34857000000000005,-0.17428500000000002,0.14500000000000024
2591,3,RESULT6,0,0.0,0.0,0.0,0.0,0,0.0,0.0,0.0,0.0,0.0,0.0,0.0,0.0,0.0,0.0,0.0,0.0,0.0,0.0,0.0,0.0
2591,3,NOT_AOI,25,6.164079999999999,0.24656319999999998,0.10176752832686857,0.46875,0,0.0,1782.7281648377868,37.39249086648079,52.24449242150748,934.8122716620197,37.39249086648079,105.61982108846591,2331.3910458128435,93.25564183251373,55.401364109711736,4.571464999999998,0.19875934782608687,0.34500432263805264,4.571464999999998,0.19875934782608687,0.34500432263805264
2591,4,QUERY,8,3.36719,0.42089875,0.20486435960395236,0.76563,1,0.125,788.5578574185032,-13.771581715441606,78.35946936428807,-110.17265372353285,-13.771581715441606,110.98498258640154,670.0263207582942,83.75329009478678,58.488977794074806,4.7029450000000015,0.6718492857142859,0.10508131665621655,4.7029450000000015,0.6718492857142859,0.10508131665621655
2591,4,RESULT1,9,2.92971,0.32552333333333333,0.17048812940104266,0.71875,0,0.0,1364.3208291498995,-29.61195851884432,127.80348608371085,-266.5076266695989,-29.61195851884432,88.7784036381791,695.8436504489459,77.315961160994,54.577534403547844,2.2826449999999983,0.3260921428571426,0.12419407228944838,2.2826449999999983,0.3260921428571426,0.12419407228944838
2591,4,RESULT2,9,1.71095,0.19010555555555556,0.09991335947944667,0.42969,0,0.0,1342.3142323095724,13.224036099419903,86.70228892822905,119.01632489477913,13.224036099419903,119.70436002904512,1111.3810067622212,123.48677852913569,51.8232098735745,1.384459999999999,0.17305749999999986,0.12355525428300283,1.384459999999999,0.17305749999999986,0.12355525428300283
2591,4,RESULT3,3,0.75781,0.25260333333333335,0.04829865859650992,0.32031,0,0.0,215.5889383562624,37.08207303299553,73.30128825572477,111.24621909898659,37.08207303299553,149.49736504156343,292.90871532980384,97.63623844326794,48.331020836802274,0.3370949999999997,0.1123649999999999,0.02484573247505957,0.3370949999999997,0.1123649999999999,0.02484573247505957
2591,4,RESULT4,10,2.2812699999999997,0.22812699999999997,0.11374195374179222,0.51563,1,0.1,707.8301155789129,27.680652508693406,43.62932216566558,276.8065250869341,27.680652508693406,87.01547195369903,990.8499485610516,99.08499485610517,55.99417547018624,-1.436980000000001,-0.1436980000000001,0.17607392215771184,-1.436980000000001,-0.1436980000000001,0.17607392215771184
2591,4,RESULT5,10,2.65625,0.265625,0.0913090776702952,0.5,0,0.0,920.8427025760897,51.948200599615596,64.35693333715977,519.482005996156,51.948200599615596,69.30406055884433,728.1358168242899,72.81358168242899,55.2562215753591,-1.8991100000000003,-0.18991100000000002,0.10006853176198795,-1.8991100000000003,-0.18991100000000002,0.10006853176198795
2591,4,RESULT6,0,0.0,0.0,0.0,0.0,0,0.0,0.0,0.0,0.0,0.0,0.0,0.0,0.0,0.0,0.0,0.0,0.0,0.0,0.0,0.0,0.0
2591,4,NOT_AOI,20,4.19533,0.20976650000000002,0.11869558316445478,0.53125,0,0.0,1093.6010346893736,-28.998762464700985,47.57242623339525,-579.9752492940197,-28.998762464700985,91.93223234033871,2202.493112846579,110.12465564232896,52.05531882467505,1.659084999999998,0.08732026315789462,0.23818759310264934,1.659084999999998,0.08732026315789462,0.23818759310264934
2591,5,QUERY,23,6.9296999999999995,0.3012913043478261,0.15315999322403234,0.6875,5,0.21739130434782608,1539.508393148641,8.980968893602187,66.62566615007566,206.5622845528503,8.980968893602187,107.2135203823646,1845.2299357354686,80.22738851023777,59.81490857523716,13.275424999999998,0.6321630952380952,0.2373926728634473,13.275424999999998,0.6321630952380952,0.2373926728634473
2591,5,RESULT1,7,1.57814,0.22544857142857144,0.09779271948194031,0.41406,2,0.2857142857142857,853.9998776058529,22.578604194906262,133.05442522508793,158.05022936434383,22.578604194906262,86.06011609094733,705.0154922856618,100.7164988979517,44.043006682715664,1.797625,0.359525,0.13786759540950888,1.797625,0.359525,0.13786759540950888
2591,5,RESULT2,6,1.45313,0.24218833333333334,0.08781064654825303,0.36719,0,0.0,538.3598021126512,-73.00711337276529,36.133665360139204,-438.04268023659176,-73.00711337276529,60.320933322893865,468.20159087718775,78.03359847953129,49.69859360506065,0.17029999999999967,0.028383333333333278,0.09345527932296459,0.17029999999999967,0.028383333333333278,0.09345527932296459
2591,5,RESULT3,7,1.4218899999999999,0.20312714285714284,0.09281744520667373,0.35938000000000003,0,0.0,825.0369914068355,-33.48287064331692,63.35043861732998,-234.38009450321846,-33.48287064331692,115.72140202162002,824.091809697269,117.72740138532414,46.02791214834398,0.5266849999999987,0.0752407142857141,0.26901066250016087,0.5266849999999987,0.0752407142857141,0.26901066250016087
2591,5,RESULT4,23,5.10942,0.2221486956521739,0.17497818041126675,0.71875,3,0.13043478260869565,1935.0845846136913,-10.556856176183635,70.47023344316717,-242.80769205222362,-10.556856176183635,95.46583368488598,2204.180494705071,95.83393455239438,55.22726806173352,-3.2449700000000026,-0.16224850000000013,0.10604426554392284,-3.2449700000000026,-0.16224850000000013,0.10604426554392284
2591,5,RESULT5,10,2.3906300000000003,0.23906300000000003,0.11381671810854503,0.44531,0,0.0,1333.3514824286826,47.79610331156816,137.62012341577213,477.9610331156816,47.79610331156816,84.28638818271288,810.259226551366,81.02592265513661,44.42078862871162,-2.2490450000000015,-0.24989388888888905,0.2037753685062956,-2.2490450000000015,-0.24989388888888905,0.2037753685062956
2591,5,RESULT6,0,0.0,0.0,0.0,0.0,0,0.0,0.0,0.0,0.0,0.0,0.0,0.0,0.0,0.0,0.0,0.0,0.0,0.0,0.0,0.0,0.0
2591,5,NOT_AOI,24,6.937519999999999,0.2890633333333333,0.2146185448585984,1.15625,0,0.0,2085.1213174282943,-20.18460121264788,108.70940241844833,-484.43042910354916,-20.18460121264788,103.28867370130666,1621.0550971168939,67.54396237987058,51.97083189413301,6.895644999999996,0.29981065217391284,0.41292653759602277,6.895644999999996,0.29981065217391284,0.41292653759602277
2591,6,QUERY,35,11.312529999999999,0.3232151428571428,0.22320129599433564,1.3125,8,0.22857142857142856,3166.716638334408,2.499688023937807,82.03196798798069,87.48908083782325,2.499688023937807,118.84811736508149,2851.1428156826346,81.46122330521813,64.55438003513932,16.31709,0.5827532142857142,0.11940887228759385,16.31709,0.5827532142857142,0.11940887228759385
2591,6,RESULT1,15,3.0937799999999998,0.206252,0.11187011398343467,0.42188,0,0.0,2136.4259808028305,34.419039187309956,141.29974139351762,516.2855878096493,34.419039187309956,102.3953735848429,2109.5107119404443,140.6340474626963,36.06211866275067,6.326154999999996,0.48662730769230744,0.19050833602410824,6.326154999999996,0.48662730769230744,0.19050833602410824
2591,6,RESULT2,12,2.6328199999999997,0.21940166666666663,0.07957441002329553,0.35156,1,0.08333333333333333,1253.255357402779,21.158404691489434,41.91547419818317,253.90085629787322,21.158404691489434,96.2723173841292,1199.3818749646807,99.94848958039006,61.27160914414261,2.2519149999999986,0.20471954545454532,0.13528265678366266,2.2519149999999986,0.20471954545454532,0.13528265678366266
2591,6,RESULT3,11,2.0390900000000003,0.18537181818181822,0.05799585766057024,0.27344,1,0.09090909090909091,1164.604473728898,18.537488851909686,91.66510969327592,203.91237737100653,18.537488851909686,114.83928422311584,1008.1860567979737,91.65327789072488,57.98404008993633,1.8776349999999984,0.17069409090909077,0.2684875629758802,1.8776349999999984,0.17069409090909077,0.2684875629758802
2591,6,RESULT4,13,2.66409,0.20493,0.07673960545998297,0.3125,2,0.15384615384615385,1682.34633607893,27.702474407921535,146.81838085781695,360.13216730297995,27.702474407921535,98.6035687259254,1682.5275543220353,129.4251964863104,51.181197479377595,-1.8263550000000013,-0.16603227272727283,0.12627373896446611,-1.8263550000000013,-0.16603227272727283,0.12627373896446611
2591,6,RESULT5,15,2.52345,0.16823,0.050699807626196504,0.28125,0,0.0,1110.3560554347894,-15.434849294429663,34.10717189013966,-231.52273941644495,-15.434849294429663,75.14738641823185,1554.709916723948,103.64732778159653,49.03914209989901,-3.0389450000000027,-0.20259633333333352,0.14213030338233837,-3.0389450000000027,-0.20259633333333352,0.14213030338233837
2591,6,RESULT6,3,0.6875,0.22916666666666666,0.09118231419646149,0.35156,0,0.0,607.4817727144554,71.32659739782089,145.68885600784176,213.97979219346269,71.32659739782089,49.754719570976995,219.11689177773633,73.03896392591211,14.625935820690541,-0.7126350000000006,-0.2375450000000002,0.01673473300919057,-0.7126350000000006,-0.2375450000000002,0.01673473300919057
2591,6,NOT_AOI,32,10.101599999999998,0.31567499999999993,0.19130592861958048,0.98438,0,0.0,2861.1705349638546,3.8905839810822673,78.33196707769555,124.49868739463255,3.8905839810822673,88.41697571796898,3096.7576522573936,96.77367663304355,54.47345604265021,9.420019999999994,0.3140006666666665,0.39940572447644707,9.420019999999994,0.3140006666666665,0.39940572447644707
2591,7,QUERY,9,2.84375,0.3159722222222222,0.13284259012311256,0.53906,1,0.1111111111111111,899.4740382371086,-44.54187123832676,147.75099948304532,-400.87684114494084,-44.54187123832676,101.29343578768164,902.4627557657479,100.27363952952754,42.873143818786694,5.35155,0.66894375,0.11505062238396432,5.35155,0.66894375,0.11505062238396432
2591,7,RESULT1,4,0.86719,0.2167975,0.10281245848023478,0.375,0,0.0,415.49615143672054,54.41803019470108,44.359196221636225,217.67212077880433,54.41803019470108,66.37317605485812,470.1804358017101,117.54510895042752,50.453045303028475,1.22168,0.30542,0.16786043434576817,1.22168,0.30542,0.16786043434576817
2591,7,RESULT2,6,1.3593799999999998,0.2265633333333333,0.07720689707244784,0.33594,0,0.0,656.3515198971388,-19.509226528391682,101.29516108158542,-117.0553591703501,-19.509226528391682,103.73091239472788,214.47326618230426,35.74554436371738,31.838772415323476,0.6650949999999991,0.13301899999999983,0.10412396988205934,0.6650949999999991,0.13301899999999983,0.10412396988205934
2591,7,RESULT3,11,2.1562599999999996,0.19602363636363632,0.07030769158397798,0.375,0,0.0,705.9791128177546,-18.22706971596983,35.81280046880325,-200.4977668756681,-18.22706971596983,110.39388696198401,856.4961343903783,77.86328494457985,41.39936789687654,0.9811499999999982,0.09811499999999981,0.11777814141851628,0.9811499999999982,0.09811499999999981,0.11777814141851628
2591,7,RESULT4,11,1.7265700000000002,0.1569609090909091,0.06798132222824757,0.29688000000000003,0,0.0,1005.1966535949249,-26.28828541186485,62.82570326883342,-289.17113953051336,-26.28828541186485,72.0725922950412,1210.3354921755465,110.03049928868604,50.577920475063394,-1.2321300000000006,-0.15401625000000008,0.11371036768364605,-1.2321300000000006,-0.15401625000000008,0.11371036768364605
2591,7,RESULT5,10,1.76565,0.176565,0.05137313719250558,0.27344,0,0.0,1552.981507488018,-7.64703323299656,191.31091022680968,-76.4703323299656,-7.64703323299656,115.22325853230168,980.823083500007,98.0823083500007,49.79768666773722,-3.7840250000000006,-0.4204472222222223,0.131526873806585,-3.7840250000000006,-0.4204472222222223,0.131526873806585
2591,7,RESULT6,2,0.35157000000000005,0.17578500000000002,0.08984500000000001,0.26563000000000003,0,0.0,104.24333566853181,113.56729965556619,30.146095650588894,227.13459931113238,113.56729965556619,28.601621496629242,133.76089978078278,66.88044989039139,55.91630711635014,-0.8948800000000002,-0.4474400000000001,0.08108500000000007,-0.8948800000000002,-0.4474400000000001,0.08108500000000007
2591,7,NOT_AOI,13,3.3672099999999996,0.25901615384615384,0.1303622201370215,0.625,0,0.0,1082.3013867754426,-2.538955428384336,54.36544699967319,-33.00642056899637,-2.538955428384336,84.67123307207743,1265.3900002225,97.33769232480769,49.13228293782075,0.5534149999999971,0.04257038461538439,0.30655821055965604,0.5534149999999971,0.04257038461538439,0.30655821055965604
2591,8,QUERY,12,3.47659,0.28971583333333334,0.12562643003884794,0.51563,2,0.16666666666666666,2181.83407668148,2.554775720038234,218.790312587765,30.657308640458808,2.554775720038234,91.71613110114467,1338.2812344655422,111.52343620546185,42.487866246663664,6.587374999999997,0.5988522727272725,0.15223334113152126,6.587374999999997,0.5988522727272725,0.15223334113152126
2591,8,RESULT1,10,2.09376,0.209376,0.10716562827698069,0.46875,2,0.2,718.4035528030693,28.770591487689433,45.80300385956445,287.7059148768943,28.770591487689433,97.24227693152096,739.4512836759386,73.94512836759387,48.475886166743955,3.585239999999998,0.3585239999999998,0.15389643368512493,3.585239999999998,0.3585239999999998,0.15389643368512493
2591,8,RESULT2,3,0.71094,0.23698,0.08127085742544289,0.35156,0,0.0,350.7205319617003,89.76257363394198,117.70524348279754,269.28772090182594,89.76257363394198,19.254013856180322,350.0838767141154,116.69462557137179,63.92409383335035,0.44873499999999966,0.14957833333333323,0.04041471706638007,0.44873499999999966,0.14957833333333323,0.04041471706638007
2591,8,RESULT3,24,5.64066,0.23502749999999997,0.12056486263453102,0.5,3,0.125,2043.115291515367,-5.640308523804436,49.5670056958885,-135.36740457130648,-5.640308523804436,103.19587910575596,2750.690123884217,114.61208849517571,46.99889449758032,-0.36423500000000164,-0.017344523809523886,0.13494993493599408,-0.36423500000000164,-0.017344523809523886,0.13494993493599408
2591,8,RESULT4,5,1.01564,0.20312800000000003,0.05867328775516164,0.29688000000000003,0,0.0,399.6547836331804,97.61245424864663,18.27272128602162,488.0622712432331,97.61245424864663,27.92145134775505,564.4325811257484,112.88651622514968,66.76428798896833,-0.12178500000000093,-0.024357000000000188,0.1874696476126202,-0.12178500000000093,-0.024357000000000188,0.1874696476126202
2591,8,RESULT5,9,1.9687700000000001,0.21875222222222224,0.09028761435641568,0.39063,1,0.1111111111111111,1233.6022496353853,25.655050194478196,187.58836099257056,230.89545175030378,25.655050194478196,96.42312005950423,1069.135590477287,118.79284338636522,51.60027751064329,-2.278770000000001,-0.28484625000000013,0.12569416414456172,-2.278770000000001,-0.28484625000000013,0.12569416414456172
2591,8,RESULT6,4,0.57813,0.1445325,0.05369960399062548,0.22656,0,0.0,353.66836888400775,51.51142148876751,72.2723966420296,206.04568595507004,51.51142148876751,33.64408294589622,460.3113354883757,115.07783387209392,51.52742541189403,-0.8157100000000002,-0.20392750000000004,0.1002309326942037,-0.8157100000000002,-0.20392750000000004,0.1002309326942037
2591,8,NOT_AOI,17,4.50002,0.2647070588235294,0.19753070834279995,0.9375,0,0.0,1019.609372542981,-16.422335525758402,46.41808429425844,-279.17970393789284,-16.422335525758402,83.26930190197476,1393.8497382853302,81.99116107560766,58.33464707917332,4.02031,0.251269375,0.39967656165984317,4.02031,0.251269375,0.39967656165984317
2591,9,QUERY,23,6.02347,0.26189,0.16227979233410425,0.73438,7,0.30434782608695654,1032.9131859614379,-29.592729051660445,46.63712633223891,-680.6327681881902,-29.592729051660445,103.26138621399213,2251.95311635778,97.91100505903391,49.38235291622172,14.35966,0.6527118181818182,0.3255880293518657,14.35966,0.6527118181818182,0.3255880293518657
2591,9,RESULT1,7,1.2187599999999998,0.17410857142857142,0.06677696425491385,0.28125,0,0.0,1830.7129249617587,38.75046147503103,196.87081529831403,271.2532303252172,38.75046147503103,91.52215259589707,953.0270846807819,136.14672638296884,46.11527678863268,1.474755,0.294951,0.1756352342099957,1.474755,0.294951,0.1756352342099957
2591,9,RESULT2,9,2.13282,0.23698000000000002,0.10265737836772051,0.46875,0,0.0,1077.8385861405902,-29.019395470311412,72.63820130569786,-261.1745592328027,-29.019395470311412,104.34475234717769,805.9173219014991,89.54636910016657,50.377705908889666,1.6655749999999983,0.23793928571428546,0.21793714735197917,1.6655749999999983,0.23793928571428546,0.21793714735197917
2591,9,RESULT3,6,0.97656,0.16276,0.04069936445040226,0.20313,0,0.0,705.7795802970799,13.499587016686005,119.28589768915106,80.99752210011603,13.499587016686005,110.2829231646489,471.38488440363085,78.56414740060514,38.804303234889645,0.6672999999999987,0.11121666666666645,0.24034922386787305,0.6672999999999987,0.11121666666666645,0.24034922386787305
2591,9,RESULT4,38,7.031299999999999,0.18503421052631577,0.07969443514322556,0.41406,9,0.23684210526315788,3317.0488640608432,-0.3895897090003454,88.63690508988923,-14.804408942013126,-0.3895897090003454,101.60998602731577,3522.627363020804,92.70072007949484,56.18235465554309,-0.7802950000000046,-0.022294142857142988,0.1457446529712644,-0.7802950000000046,-0.022294142857142988,0.1457446529712644
2591,9,RESULT5,22,3.63284,0.1651290909090909,0.07153570855994615,0.3125,2,0.09090909090909091,1931.9046134261546,0.5743549600171721,49.95883117449163,12.635809120377786,0.5743549600171721,101.20076409229709,2055.0865932083116,93.41302696401416,48.324276311472936,-1.5910200000000034,-0.07955100000000018,0.11673702025921337,-1.5910200000000034,-0.07955100000000018,0.11673702025921337
2591,9,RESULT6,4,0.60157,0.1503925,0.05104284787068606,0.21875,0,0.0,265.98805312654645,38.61886404136398,31.523802298292598,154.4754561654559,38.61886404136398,56.64928650524851,297.3383053495402,74.33457633738504,60.69449874473765,-1.021920000000001,-0.25548000000000026,0.06853517071548008,-1.021920000000001,-0.25548000000000026,0.06853517071548008
2591,9,NOT_AOI,32,8.21095,0.2565921875,0.191904760847249,1.0,0,0.0,2925.260714792895,-16.99002849628016,84.67533326525658,-543.6809118809651,-16.99002849628016,112.73159023463492,2605.6630464988352,81.4269702030886,60.85244043860721,3.6958949999999935,0.13688499999999976,0.38614377702586705,3.6958949999999935,0.13688499999999976,0.38614377702586705
2591,10,QUERY,11,2.9453300000000002,0.26775727272727273,0.1354024827280712,0.64844,1,0.09090909090909091,1073.927236789778,51.00180765368473,83.58593778628183,561.019884190532,51.00180765368473,111.55203097646312,1241.8079694607263,112.89163358733876,55.104431794705015,5.026609999999998,0.5026609999999998,0.33110905013454395,5.026609999999998,0.5026609999999998,0.33110905013454395
2591,10,RESULT1,8,1.48439,0.18554875,0.06808098677999241,0.29688000000000003,0,0.0,643.674158616652,49.23345285303732,55.51873607254479,393.86762282429856,49.23345285303732,65.90119596880481,938.4933717199327,117.31167146499159,45.67420754693605,2.172015000000002,0.3102878571428574,0.1318114180895399,2.172015000000002,0.3102878571428574,0.1318114180895399
2591,10,RESULT2,7,1.4531500000000002,0.20759285714285716,0.08658010901789753,0.36719,0,0.0,1071.317634651852,-30.587286028121248,176.80717624876098,-214.11100219684874,-30.587286028121248,80.16657462510828,591.0987961761509,84.44268516802155,60.26527681506805,0.8842049999999997,0.12631499999999996,0.11156013034069404,0.8842049999999997,0.12631499999999996,0.11156013034069404
2591,10,RESULT3,4,0.9218900000000001,0.23047250000000002,0.08053043752985577,0.35938000000000003,0,0.0,471.47573043314713,29.64032430314009,58.654568505983875,118.56129721256036,29.64032430314009,64.2929469193013,395.3183378223161,98.82958445557902,48.562158630993736,0.02137499999999947,0.007124999999999823,0.167459724975556,0.02137499999999947,0.007124999999999823,0.167459724975556
2591,10,RESULT4,11,1.78125,0.16193181818181818,0.07012162457514694,0.28125,3,0.2727272727272727,1120.8974265306424,8.33714867183749,103.52716114087384,91.7086353902124,8.33714867183749,135.94901398136906,1025.492167755485,93.2265607050441,45.73618937267901,-0.3328100000000003,-0.041601250000000034,0.24684934094187394,-0.3328100000000003,-0.041601250000000034,0.24684934094187394
2591,10,RESULT5,19,2.8515599999999997,0.15008210526315788,0.07798455039833867,0.4375,0,0.0,1833.1303153845836,-36.24237831831315,72.1629755313807,-688.6051880479498,-36.24237831831315,102.64790187375777,1939.2217209629216,102.06430110331166,53.46697304264444,-3.785975000000001,-0.29122884615384625,0.18127349678833315,-3.785975000000001,-0.29122884615384625,0.18127349678833315
2591,10,RESULT6,8,1.0859500000000002,0.13574375000000002,0.08906959441042438,0.3125,0,0.0,1012.6295627285103,25.789476532213467,142.84956584762224,206.31581225770773,25.789476532213467,112.70866481033373,713.0785738545774,89.13482173182217,50.26360599075039,-0.959715000000001,-0.1919430000000002,0.16961589953774972,-0.959715000000001,-0.1919430000000002,0.16961589953774972
2591,10,NOT_AOI,23,4.69534,0.20414521739130434,0.10628125066230659,0.42969,0,0.0,2169.0489630113466,11.070284156474994,91.27428680057142,254.61653559892486,11.070284156474994,93.05857574912369,1814.135686918807,78.87546464864378,56.40308756365914,2.4678799999999983,0.12339399999999992,0.3781237195717163,2.4678799999999983,0.12339399999999992,0.3781237195717163
2591,11,QUERY,4,1.51563,0.3789075,0.2149863163523437,0.74219,0,0.0,629.5527298200025,-34.274393061453296,171.18522291807616,-137.09757224581318,-34.274393061453296,86.43592800643428,659.8508881072951,164.96272202682377,9.478378293922656,1.7672249999999998,0.5890749999999999,0.19636124261167215,1.7672249999999998,0.5890749999999999,0.19636124261167215
2591,11,RESULT1,9,3.375,0.375,0.14662142711380519,0.69531,1,0.1111111111111111,890.8442106060269,19.348829553160012,60.09790680276356,174.13946597844011,19.348829553160012,90.57032062006319,632.9709379343067,70.33010421492297,49.078829336135016,1.9953499999999993,0.2494187499999999,0.12215074311583207,1.9953499999999993,0.2494187499999999,0.12215074311583207
2591,11,RESULT2,4,0.6562600000000001,0.16406500000000002,0.0737021826338949,0.28125,0,0.0,555.1733370211052,68.85306912910782,138.74522961220376,275.4122765164313,68.85306912910782,82.52173911558066,583.4978825476983,145.87447063692457,10.336253505623603,0.6622700000000004,0.1655675000000001,0.0965615118396041,0.6622700000000004,0.1655675000000001,0.0965615118396041
2591,11,RESULT3,2,0.37501,0.187505,0.015625,0.20313,0,0.0,263.538879010274,97.3200672229004,102.38048743399311,194.6401344458008,97.3200672229004,9.190275735629797,207.67812997306606,103.83906498653303,54.313347408983454,0.019315000000000197,0.019315000000000197,0.0,0.019315000000000197,0.019315000000000197,0.0
2591,11,RESULT4,7,1.28906,0.18415142857142858,0.06331319822428619,0.30469,1,0.14285714285714285,437.6854011260267,29.608074791547747,41.569834362527125,207.25652354083422,29.608074791547747,70.64389083437231,714.6755856162199,102.09651223088856,59.66136486108005,0.2748350000000004,0.03926214285714291,0.22989829898794623,0.2748350000000004,0.03926214285714291,0.22989829898794623
2591,11,RESULT5,11,2.1719,0.19744545454545454,0.09232441422049222,0.39844,1,0.09090909090909091,1046.6239555252523,12.628097374131316,54.781783004305936,138.90907111544448,12.628097374131316,100.83050492122992,994.9029203833657,90.44572003485142,53.81578122320363,-2.3453450000000013,-0.260593888888889,0.07346833353288175,-2.3453450000000013,-0.260593888888889,0.07346833353288175
2591,11,RESULT6,7,1.04688,0.14955428571428572,0.04877695001802824,0.25,0,0.0,427.6587589768242,19.74595150089515,31.886835843153538,138.22166050626603,19.74595150089515,111.07305534992521,754.7749436884059,107.82499195548655,51.26864718197838,-1.8973250000000008,-0.2710464285714287,0.1472898973772056,-1.8973250000000008,-0.2710464285714287,0.1472898973772056
2591,11,NOT_AOI,15,3.09376,0.20625066666666667,0.16342373191458115,0.69531,0,0.0,1786.4032092882653,-30.081137036594377,196.90981441693756,-451.21705554891565,-30.081137036594377,108.69085232269151,1154.4600683132132,76.96400455421421,53.64000348403838,-2.2819900000000004,-0.19016583333333337,0.2857638567105422,-2.2819900000000004,-0.19016583333333337,0.2857638567105422
2591,12,QUERY,10,3.1953300000000002,0.319533,0.1394239677422788,0.54688,0,0.0,1391.7383020426794,-76.8694229520227,178.56655194247782,-768.694229520227,-76.8694229520227,64.76979725389293,832.882219320358,83.2882219320358,40.92615091261648,5.993205000000001,0.6659116666666667,1.5204912524242835,5.993205000000001,0.6659116666666667,1.5204912524242835
2591,12,RESULT1,4,1.26563,0.3164075,0.22224470740323604,0.6875,0,0.0,317.8723494752548,109.83567447133835,57.25486581647523,439.3426978853534,109.83567447133835,62.102699290284264,404.50243794252196,101.12560948563049,70.31172934284224,1.3640399999999993,0.3410099999999998,0.06464303288058175,1.3640399999999993,0.3410099999999998,0.06464303288058175
2591,12,RESULT2,10,2.00781,0.20078100000000002,0.09562189440185757,0.41406,0,0.0,1130.450516309979,21.780747310630233,68.3538028446773,217.80747310630233,21.780747310630233,85.59517475150537,1013.4710168380772,101.34710168380772,60.1492121028717,1.6174249999999986,0.17971388888888873,0.3411125370979967,1.6174249999999986,0.17971388888888873,0.3411125370979967
2591,12,RESULT3,12,2.66406,0.222005,0.11155953414358333,0.4375,1,0.08333333333333333,899.6134994947028,34.555299999497926,59.24943733147818,414.66359999397514,34.555299999497926,112.60008168136751,1256.9951776211847,104.74959813509872,59.923236263690576,0.9524649999999988,0.08658772727272716,0.21444332298278912,0.9524649999999988,0.08658772727272716,0.21444332298278912
2591,12,RESULT4,17,3.78127,0.22242764705882354,0.07579789858404906,0.33594,0,0.0,2374.4155569011036,0.26329167445218654,145.2549982428922,4.475958465687171,0.26329167445218654,107.69969954304645,1775.9676240551282,104.46868376794872,52.16157736665262,-1.8180900000000015,-0.1136306250000001,0.156354188342076,-1.8180900000000015,-0.1136306250000001,0.156354188342076
2591,12,RESULT5,27,5.27347,0.19531370370370368,0.1120098440167334,0.48438,3,0.1111111111111111,2226.240868875333,15.956287350722437,47.48935997004313,430.8197584695058,15.956287350722437,102.78471905002202,2702.621899291059,100.09710738115034,60.069831597933884,-4.543025000000004,-0.18172100000000013,0.12333369369705906,-4.543025000000004,-0.18172100000000013,0.12333369369705906
2591,12,RESULT6,15,1.9375200000000004,0.12916800000000003,0.039721067491529816,0.23438,3,0.2,1409.7117020217847,6.328575317738923,73.11435997313446,94.92862976608384,6.328575317738923,92.85103066024223,1197.9019347000628,79.86012898000419,57.980989934664386,-2.478185000000001,-0.1652123333333334,0.08338844158115286,-2.478185000000001,-0.1652123333333334,0.08338844158115286
2591,12,NOT_AOI,22,4.281299999999999,0.19460454545454542,0.10863434885921726,0.58594,0,0.0,2505.136469599988,70.22569186307906,128.69034412857667,1544.9652209877395,70.22569186307906,92.82715208478425,1880.1439637948126,85.46108926340058,55.14592969581575,-1.786545000000002,-0.08507357142857153,0.2592497271392365,-1.786545000000002,-0.08507357142857153,0.2592497271392365
2591,13,QUERY,18,5.50784,0.3059911111111111,0.1288008211192291,0.5625,4,0.2222222222222222,1106.1325934684908,-24.91987758645119,40.062758219589995,-448.5577965561214,-24.91987758645119,83.90643788034362,1730.568169039934,96.14267605777411,59.15933725848528,8.89816,0.6355828571428572,0.1483809052914223,8.89816,0.6355828571428572,0.1483809052914223
2591,13,RESULT1,10,2.28125,0.228125,0.13718832576061274,0.60156,1,0.1,1392.7505010410866,24.100650642987574,138.13899692852132,241.00650642987574,24.100650642987574,92.68791540247278,1189.2305827806754,118.92305827806754,53.536608985463936,4.79547,0.479547,0.1322588555106992,4.79547,0.479547,0.1322588555106992
2591,13,RESULT2,8,1.97657,0.24707125,0.1424547422374471,0.46094,1,0.125,1342.1518785003418,-29.41327259429703,175.86045243950903,-235.30618075437624,-29.41327259429703,92.55746549779644,944.2090847152439,118.02613558940548,50.88511202274477,2.047629999999999,0.3412716666666665,0.23892057860417887,2.047629999999999,0.3412716666666665,0.23892057860417887
2591,13,RESULT3,7,1.64844,0.23549142857142855,0.09425291135004364,0.35938000000000003,2,0.2857142857142857,997.62960146261,11.960013611286243,121.04967016945129,83.7200952790037,11.960013611286243,93.26273074414493,826.250169248663,118.03573846409472,56.410633560930656,1.159724999999999,0.16567499999999985,0.1955783603905637,1.159724999999999,0.16567499999999985,0.1955783603905637
2591,13,RESULT4,11,1.5625,0.14204545454545456,0.0497255543163283,0.25,2,0.18181818181818182,856.1965563307822,-25.332141919449782,42.552534311842955,-278.6535611139476,-25.332141919449782,102.70994324918546,1066.6437384662015,96.9676125878365,52.2653541301323,-0.786620000000001,-0.07866200000000009,0.18911998682318057,-0.786620000000001,-0.07866200000000009,0.18911998682318057
2591,13,RESULT5,11,1.85938,0.16903454545454547,0.07345909985880657,0.35156,0,0.0,783.3293557253518,31.51339780997699,36.642480037565036,346.64737590974687,31.51339780997699,96.86955875916722,863.3563109414182,78.48693735831074,61.3333662870972,-2.490150000000001,-0.24901500000000013,0.10720438832435918,-2.490150000000001,-0.24901500000000013,0.10720438832435918
2591,13,RESULT6,7,0.97657,0.13951,0.045635499965956956,0.25,2,0.2857142857142857,1217.547332950995,-14.543785636205934,245.11118335111277,-101.80649945344153,-14.543785636205934,101.1110305996077,425.336273813798,60.762324830542575,53.756442666404325,-1.331020000000001,-0.22183666666666682,0.08483898018206804,-1.331020000000001,-0.22183666666666682,0.08483898018206804
2591,13,NOT_AOI,7,1.5312599999999996,0.2187514285714285,0.1688556712892126,0.58594,0,0.0,663.9861296477065,9.393093504678962,85.08469482525814,65.75165453275274,9.393093504678962,76.1798833615261,726.3911819968047,103.77016885668638,48.87323176060795,-0.7437750000000007,-0.14875500000000014,0.1064628897973374,-0.7437750000000007,-0.14875500000000014,0.1064628897973374
2591,14,QUERY,13,2.39065,0.18389615384615385,0.09155211601457153,0.39063,1,0.07692307692307693,662.9007728628764,-7.340348990204055,24.784744797928973,-95.42453687265272,-7.340348990204055,92.8970525514525,952.410373213288,73.26233640102215,47.350403064584825,5.830279999999998,0.5830279999999999,0.15305360299254603,5.830279999999998,0.5830279999999999,0.15305360299254603
2591,14,RESULT1,8,1.61719,0.20214875,0.07578870173671996,0.32031,0,0.0,606.2302376570848,28.625901844373885,40.11609382127597,229.00721475499108,28.625901844373885,109.11834728590439,969.199938185191,121.14999227314887,53.88605385226501,3.510049999999999,0.43875624999999985,0.19462402766295334,3.510049999999999,0.43875624999999985,0.19462402766295334
2591,14,RESULT2,11,2.6250000000000004,0.23863636363636367,0.08310569592914657,0.42969,0,0.0,846.9726253129218,-6.46296054873526,57.42872748170322,-71.09256603608786,-6.46296054873526,89.77287597737224,1069.5328862124647,97.23026238295134,64.54904681043747,1.1214799999999974,0.11214799999999973,0.1305067343434812,1.1214799999999974,0.11214799999999973,0.1305067343434812
2591,14,RESULT3,2,0.375,0.1875,0.07030999999999998,0.25781,0,0.0,299.38972080521233,158.12204351517346,11.08097931070401,316.2440870303469,158.12204351517346,9.43338320340365,271.1279481864907,135.56397409324535,25.56925949994735,0.16603000000000012,0.08301500000000006,0.012944999999999766,0.16603000000000012,0.08301500000000006,0.012944999999999766
2591,14,RESULT4,10,2.0468800000000003,0.20468800000000004,0.07676932783345182,0.33594,0,0.0,936.0986176327428,44.71925159912506,72.28916414437697,447.19251599125056,44.71925159912506,83.43261517876451,694.3708426573619,69.43708426573619,59.29893225804518,-0.7572450000000019,-0.08413833333333355,0.13267733657074288,-0.7572450000000019,-0.08413833333333355,0.13267733657074288
2591,14,RESULT5,16,2.5625299999999998,0.16015812499999998,0.07478205643892374,0.3125,0,0.0,1230.5765513900858,-13.916010876340906,64.70965210409851,-222.6561740214545,-13.916010876340906,109.06030694285253,1278.0449544431829,79.87780965269893,51.69568502144109,-3.330410000000001,-0.23788642857142864,0.1659085328300396,-3.330410000000001,-0.23788642857142864,0.1659085328300396
2591,14,RESULT6,3,0.64062,0.21353999999999998,0.10603693916115584,0.35156,0,0.0,305.5158521476539,69.31113843253269,42.993671069243774,207.93341529759806,69.31113843253269,55.63127248466952,228.99544217367088,76.3318140578903,36.289342764587424,-0.9251850000000008,-0.30839500000000025,0.057627903542178824,-0.9251850000000008,-0.30839500000000025,0.057627903542178824
2591,14,NOT_AOI,15,2.9062599999999996,0.19375066666666665,0.0733550654889551,0.35938000000000003,0,0.0,996.7418590930594,1.1116190258440506,50.48736346085963,16.67428538766076,1.1116190258440506,106.78177978357766,1573.0303256989048,104.86868837992698,58.63225453668305,0.08376500000000009,0.0064434615384615455,0.4396025602153938,0.08376500000000009,0.0064434615384615455,0.4396025602153938
2591,15,QUERY,42,10.74225,0.25576785714285716,0.12330400620177823,0.70313,13,0.30952380952380953,3787.887929430906,-22.3270598780434,114.44754527840628,-937.7365148778227,-22.3270598780434,108.82771365665668,3809.2810557569414,90.69716799421289,54.96814897582438,25.43607999999999,0.6359019999999997,0.4370511767670206,25.43607999999999,0.6359019999999997,0.4370511767670206
2591,15,RESULT1,12,3.80471,0.31705916666666667,0.29662437361805855,1.10156,0,0.0,1610.1414075897837,-33.34670376488332,164.68533113105914,-400.16044517859984,-33.34670376488332,70.43015214635916,1295.3102545063791,107.94252120886493,56.513028484756866,6.195494999999999,0.5632268181818181,0.1794743586787275,6.195494999999999,0.5632268181818181,0.1794743586787275
2591,15,RESULT2,9,1.82033,0.20225888888888888,0.0836129597137834,0.36719,0,0.0,1070.164813047113,12.52759758343605,124.75718766710557,112.74837825092445,12.52759758343605,70.99134896935936,948.7961997786172,105.42179997540191,62.480490344026855,1.1278599999999988,0.14098249999999984,0.14028741058537647,1.1278599999999988,0.14098249999999984,0.14028741058537647
2591,15,RESULT3,6,1.0234500000000002,0.17057500000000003,0.07208686698467806,0.29688000000000003,0,0.0,776.6723040561799,44.13638047487179,120.4611091216931,264.81828284923074,44.13638047487179,76.5923060020696,878.2189347079111,146.36982245131853,16.607236924955394,0.4465799999999991,0.07442999999999984,0.21557785837655558,0.4465799999999991,0.07442999999999984,0.21557785837655558
2591,15,RESULT4,22,4.78911,0.21768681818181818,0.11686175097043527,0.6875,1,0.045454545454545456,2238.5861552258657,2.0274298133827773,98.21307860488844,44.603455894421096,2.0274298133827773,82.67212071154401,2166.0593719348763,98.457244178858,56.89739639143545,-3.1868300000000023,-0.17704611111111124,0.12187400703868996,-3.1868300000000023,-0.17704611111111124,0.12187400703868996
2591,15,RESULT5,31,6.15628,0.19858967741935482,0.09859700229310354,0.40625,4,0.12903225806451613,3176.5724269301245,8.118803253130755,101.75775246051364,251.6829008470534,8.118803253130755,100.47287804119719,3254.6185707266395,104.98769582989159,56.67566946168923,-7.2344700000000035,-0.2411490000000001,0.1564140446311932,-7.2344700000000035,-0.2411490000000001,0.1564140446311932
2591,15,RESULT6,11,1.8828200000000002,0.17116545454545457,0.07730114998128909,0.32031,2,0.18181818181818182,2182.486861424602,12.246437139827547,237.2660826854903,134.710808538103,12.246437139827547,109.74986844581771,1038.1101776490457,94.3736525135496,53.490364023804034,-1.9033650000000009,-0.1730331818181819,0.10843628592765946,-1.9033650000000009,-0.1730331818181819,0.10843628592765946
2591,15,NOT_AOI,30,6.359409999999999,0.2119803333333333,0.1176674881600219,0.57031,0,0.0,3010.5636753342633,15.231590358452346,108.68558352968773,456.9477107535704,15.231590358452346,100.32819596486036,2631.8779366203394,87.72926455401131,56.296549588025314,2.909149999999997,0.11189038461538449,0.3622416201071736,2.909149999999997,0.11189038461538449,0.3622416201071736
2591,16,QUERY,19,5.0859499999999995,0.2676815789473684,0.119719168946733,0.51563,5,0.2631578947368421,2442.5023561751755,-14.323890375004938,149.4823288691255,-272.1539171250938,-14.323890375004938,93.99809702315316,1565.823668386499,82.41177202034206,57.192069116448515,10.400229999999999,0.5777905555555555,0.2891805278757011,10.400229999999999,0.5777905555555555,0.2891805278757011
2591,16,RESULT1,16,4.11721,0.257325625,0.1182084114482103,0.54688,1,0.0625,1240.503642167565,-43.19639987029323,57.39466721996209,-691.1423979246916,-43.19639987029323,92.56220743153726,1403.8421318608926,87.74013324130578,58.562167034458255,6.507014999999997,0.4338009999999998,0.13951397903037846,6.507014999999997,0.4338009999999998,0.13951397903037846
2591,16,RESULT2,8,1.52345,0.19043125,0.0924338290937766,0.39844,1,0.125,1203.0573706083437,23.250055758331712,140.04674007539302,186.0004460666537,23.250055758331712,67.503910782734,917.9344768327428,114.74180960409285,68.38136017687997,1.6251299999999982,0.20314124999999977,0.198820084058427,1.6251299999999982,0.20314124999999977,0.198820084058427
2591,16,RESULT3,11,1.74219,0.15838090909090907,0.04241254455390752,0.22656,1,0.09090909090909091,984.8092550085304,20.458364577921767,63.219262887774796,225.04201035713942,20.458364577921767,69.13291577612941,752.0106698309933,68.36460634827212,58.72775897308826,1.326179999999999,0.1326179999999999,0.34164867109356645,1.326179999999999,0.1326179999999999,0.34164867109356645
2591,16,RESULT4,9,1.7109400000000003,0.1901044444444445,0.06239142197291603,0.29688000000000003,0,0.0,870.8861648355105,55.36420300703318,83.3785264485826,498.2778270632987,55.36420300703318,81.30699765056224,758.9355733721266,84.32617481912517,62.917859362543666,-1.455655000000001,-0.16173944444444455,0.14314007840892645,-1.455655000000001,-0.16173944444444455,0.14314007840892645
2591,16,RESULT5,20,3.31252,0.165626,0.058754694059283456,0.32031,3,0.15,2377.1228747512955,51.65530238813822,131.3652193318587,1033.1060477627643,51.65530238813822,91.55591405151394,1697.98212324337,84.89910616216851,51.6900071040867,-3.6271650000000015,-0.21336264705882363,0.11654368164253205,-3.6271650000000015,-0.21336264705882363,0.11654368164253205
2591,16,RESULT6,5,0.66407,0.13281400000000002,0.04163428952197935,0.21094,0,0.0,289.6191808966321,50.529985719595985,17.395861914333313,252.6499285979799,50.529985719595985,106.97157567746568,542.0338381833051,108.40676763666102,38.34649491953535,-1.4899350000000005,-0.2979870000000001,0.06118206390765196,-1.4899350000000005,-0.2979870000000001,0.06118206390765196
2591,16,NOT_AOI,28,5.74221,0.20507892857142856,0.11871485547127761,0.58594,0,0.0,4875.425835277256,0.5563766396029182,273.7487255816239,15.578545908881708,0.5563766396029182,107.20001432318819,2955.8929290318365,105.56760460827988,56.593886544670646,3.561470000000001,0.14839458333333336,0.3516703745776086,3.561470000000001,0.14839458333333336,0.3516703745776086
2591,17,QUERY,14,4.28126,0.3058042857142857,0.17565886813099196,0.69531,2,0.14285714285714285,1506.1731708570096,-11.348705700417444,121.41005155121078,-158.88187980584422,-11.348705700417444,89.50828690193958,1162.5418368232913,83.0387026302351,59.73990755831128,8.042339999999998,0.6701949999999998,0.15856842826039552,8.042339999999998,0.6701949999999998,0.15856842826039552
2591,17,RESULT1,9,1.8672099999999998,0.20746777777777775,0.0718960785173492,0.3125,0,0.0,978.328675355948,51.17108665859048,56.07172920228851,460.5397799273143,51.17108665859048,97.88471543397618,1242.2882302541711,138.03202558379678,46.755870577469175,3.201955,0.35577277777777777,0.14861556870573284,3.201955,0.35577277777777777,0.14861556870573284
2591,17,RESULT2,7,1.51563,0.21651857142857142,0.09565571156549953,0.41406,1,0.14285714285714285,960.5550948955643,14.980911207048134,130.29652857289483,104.86637844933693,14.980911207048134,90.892086535058,788.0199792602943,112.57428275147062,55.16811707105137,1.6374049999999984,0.2339149999999998,0.3458148627487822,1.6374049999999984,0.2339149999999998,0.3458148627487822
2591,17,RESULT3,13,3.2734599999999996,0.25180461538461535,0.11363411646531192,0.52344,0,0.0,1525.4885534002656,30.621345047842738,117.29263580575544,398.0774856219556,30.621345047842738,113.35799803284637,1355.1002162390573,104.23847817223518,56.5699016907305,0.11426499999999964,0.010387727272727241,0.0759588084979598,0.11426499999999964,0.010387727272727241,0.0759588084979598
2591,17,RESULT4,8,1.9062500000000002,0.23828125000000003,0.08014869609630278,0.38281,0,0.0,767.5777457839532,67.21923447633485,146.98047988283733,537.7538758106788,67.21923447633485,67.08575428362286,1074.1468703553614,134.26835879442018,53.084680220162994,-1.3234950000000003,-0.18907071428571434,0.14358871000470874,-1.3234950000000003,-0.18907071428571434,0.14358871000470874
2591,17,RESULT5,17,2.89845,0.17049705882352942,0.07096026259689342,0.33594,1,0.058823529411764705,1430.9109549413988,-12.871876924695245,49.8099502648965,-218.82190771981917,-12.871876924695245,96.61772270760534,1652.4900296173214,97.20529585984244,58.57835964446777,-5.0013200000000015,-0.357237142857143,0.18473829814781517,-5.0013200000000015,-0.357237142857143,0.18473829814781517
2591,17,RESULT6,22,3.4219099999999996,0.15554136363636362,0.08025948005718445,0.35938000000000003,7,0.3181818181818182,1726.0778917267041,44.27511896304043,63.193463572476325,974.0526171868894,44.27511896304043,105.95180417885145,1849.6909447024102,84.07686112283683,49.81554206569943,-6.498495,-0.30945214285714284,0.08642502462878536,-6.498495,-0.30945214285714284,0.08642502462878536
2591,17,NOT_AOI,11,1.6718899999999999,0.15199,0.050671227446244985,0.23438,0,0.0,914.0011691874058,-4.8335100762848535,64.92291258462251,-53.16861083913339,-4.8335100762848535,93.46802414168107,841.4249314687737,76.49317558807034,63.10878889736903,-1.9752100000000001,-0.24690125000000002,0.40148765183377694,-1.9752100000000001,-0.24690125000000002,0.40148765183377694
2591,18,QUERY,7,2.3515800000000002,0.33594,0.1874980357230443,0.75781,2,0.2857142857142857,215.03065541178665,11.113416470494892,33.981512671588625,77.79391529346424,11.113416470494892,79.64521604974975,492.29625050476096,70.32803578639442,59.933312049492535,4.330124999999998,0.6185892857142854,0.4132100373210424,4.330124999999998,0.6185892857142854,0.4132100373210424
2591,18,RESULT1,7,1.9297,0.27567142857142857,0.10974841143381026,0.4375,0,0.0,440.9127567686462,43.95078168302343,43.00380883033229,307.655471781164,43.95078168302343,79.25522245817162,859.354522058196,122.76493172259943,48.677991535688385,3.0882749999999994,0.4411821428571428,0.13905801589147423,3.0882749999999994,0.4411821428571428,0.13905801589147423
2591,18,RESULT2,12,2.3593900000000003,0.19661583333333335,0.07620262292711599,0.40625,1,0.08333333333333333,831.8502829946943,3.53515924062557,56.79965302816843,42.42191088750684,3.53515924062557,105.08113891992102,1256.7656279330438,104.73046899442032,52.781597402866076,1.4546599999999978,0.1454659999999998,0.14067295862744902,1.4546599999999978,0.1454659999999998,0.14067295862744902
2591,18,RESULT3,4,0.72657,0.1816425,0.1115002507564445,0.3125,0,0.0,369.8916718462148,93.24844674655616,117.67914217751493,372.9937869862246,93.24844674655616,65.36566699443489,227.78386962033176,56.94596740508294,63.243648288610636,-0.06741500000000002,-0.02247166666666667,0.10279587248523157,-0.06741500000000002,-0.02247166666666667,0.10279587248523157
2591,18,RESULT4,10,2.2500100000000005,0.22500100000000006,0.07376948372464051,0.33594,1,0.1,610.9388326413153,31.174096171482393,33.57923819643129,311.7409617148239,31.174096171482393,87.81063677483968,746.0628742870364,74.60628742870364,44.37351739983385,-1.7018500000000008,-0.2127312500000001,0.12484990613107201,-1.7018500000000008,-0.2127312500000001,0.12484990613107201
2591,18,RESULT5,9,1.83596,0.20399555555555557,0.057697422648216395,0.27344,0,0.0,627.8609773357665,27.335482588051615,45.86772797912077,246.01934329246453,27.335482588051615,76.12005131836736,890.7892446842662,98.97658274269625,45.8391912108312,-2.848870000000001,-0.35610875000000014,0.23828801244174552,-2.848870000000001,-0.35610875000000014,0.23828801244174552
2591,18,RESULT6,0,0.0,0.0,0.0,0.0,0,0.0,0.0,0.0,0.0,0.0,0.0,0.0,0.0,0.0,0.0,0.0,0.0,0.0,0.0,0.0,0.0
2591,18,NOT_AOI,15,3.17971,0.21198066666666668,0.0836518102188404,0.375,0,0.0,1570.3394564167224,30.217116053061044,78.45505059106371,453.2567407959157,30.217116053061044,107.49389265917016,1103.6512430202024,73.57674953468016,43.64838488531731,-1.6432250000000015,-0.14938409090909105,0.1490593303031154,-1.6432250000000015,-0.14938409090909105,0.1490593303031154
2591,19,QUERY,6,1.25781,0.20963500000000002,0.1455596893316736,0.46875,1,0.16666666666666666,517.0360708401985,-73.89052759168241,77.90017283476215,-443.34316555009445,-73.89052759168241,71.6373864854571,483.78214724001487,80.63035787333581,50.0057616495877,1.7430149999999998,0.5810049999999999,0.07516727848974918,1.7430149999999998,0.5810049999999999,0.07516727848974918
2591,19,RESULT1,7,1.61719,0.23102714285714285,0.14197575484309038,0.52344,1,0.14285714285714285,1477.0171685600649,12.779722399917517,240.8880002536639,89.45805679942262,12.779722399917517,80.21586789260228,580.7398415389025,82.9628345055575,64.1175097727155,3.0424300000000013,0.5070716666666669,0.14963056469741293,3.0424300000000013,0.5070716666666669,0.14963056469741293
2591,19,RESULT2,6,1.5390700000000002,0.2565116666666667,0.1014037407950132,0.4375,0,0.0,256.52425448134204,16.154159076258342,25.739184010760056,96.92495445755004,16.154159076258342,54.95248743344291,598.8347979692188,99.80579966153647,43.04829323637187,1.2024599999999994,0.2004099999999999,0.07816810574368264,1.2024599999999994,0.2004099999999999,0.07816810574368264
2591,19,RESULT3,6,0.88283,0.14713833333333334,0.07180305504565171,0.27344,1,0.16666666666666666,672.0692125640857,47.503000759784506,123.50324089451273,285.01800455870705,47.503000759784506,95.35499894877664,502.0820802162194,83.68034670270323,61.64409742341652,-0.25124500000000044,-0.050249000000000085,0.1597372051088912,-0.25124500000000044,-0.050249000000000085,0.1597372051088912
2591,19,RESULT4,12,2.1328199999999997,0.17773499999999998,0.07308684850915381,0.28906,1,0.08333333333333333,817.698342221659,6.858948647229657,42.689783702501146,82.30738376675589,6.858948647229657,92.99495252645103,821.4552899779936,68.45460749816614,45.599087128491966,-2.810575000000001,-0.3122861111111112,0.08910483539829932,-2.810575000000001,-0.3122861111111112,0.08910483539829932
2591,19,RESULT5,4,1.03907,0.2597675,0.07439732635484961,0.375,2,0.5,522.9009501240092,-18.20846533924812,126.61016362750279,-72.83386135699249,-18.20846533924812,111.36742090364366,350.9632709199102,87.74081772997755,53.627539147970474,-1.4552300000000007,-0.3638075000000002,0.0948268303277083,-1.4552300000000007,-0.3638075000000002,0.0948268303277083
2591,19,RESULT6,3,1.10937,0.36979,0.14772680009621364,0.57031,0,0.0,312.86793933007,118.29284338109426,110.70867708648463,354.8785301432828,118.29284338109426,23.780278225381252,123.99657408935639,41.332191363118795,32.13528965405265,-0.3529600000000004,-0.1764800000000002,0.02279000000000006,-0.3529600000000004,-0.1764800000000002,0.02279000000000006
2591,19,NOT_AOI,11,1.9765600000000005,0.17968727272727278,0.0662912607829897,0.3125,0,0.0,570.6461978106784,-17.8990122287155,49.304582634968106,-196.8891345158705,-17.8990122287155,124.51313044262757,1050.2177030014414,95.47433663649467,51.22041654237161,0.09120000000000067,0.009120000000000067,0.12758209921850316,0.09120000000000067,0.009120000000000067,0.12758209921850316
2591,20,QUERY,1,0.21875,0.21875,0.0,0.21875,0,0.0,85.2783107009045,-73.39875301282916,0.0,-73.39875301282916,-73.39875301282916,0.0,106.49100133094069,106.49100133094069,0.0,0.6183749999999999,0.6183749999999999,0.0,0.6183749999999999,0.6183749999999999,0.0
2591,20,RESULT1,1,0.21094,0.21094,0.0,0.21094,0,0.0,554.9884733017076,-84.78366614289341,0.0,-84.78366614289341,-84.78366614289341,0.0,108.07410035726994,108.07410035726994,0.0,0.4563550000000003,0.4563550000000003,0.0,0.4563550000000003,0.4563550000000003,0.0
2591,20,RESULT2,0,0.0,0.0,0.0,0.0,0,0.0,0.0,0.0,0.0,0.0,0.0,0.0,0.0,0.0,0.0,0.0,0.0,0.0,0.0,0.0,0.0
2591,20,RESULT3,0,0.0,0.0,0.0,0.0,0,0.0,0.0,0.0,0.0,0.0,0.0,0.0,0.0,0.0,0.0,0.0,0.0,0.0,0.0,0.0,0.0
2591,20,RESULT4,0,0.0,0.0,0.0,0.0,0,0.0,0.0,0.0,0.0,0.0,0.0,0.0,0.0,0.0,0.0,0.0,0.0,0.0,0.0,0.0,0.0
2591,20,RESULT5,0,0.0,0.0,0.0,0.0,0,0.0,0.0,0.0,0.0,0.0,0.0,0.0,0.0,0.0,0.0,0.0,0.0,0.0,0.0,0.0,0.0
2591,20,RESULT6,2,0.51563,0.257815,0.007815000000000016,0.26563000000000003,0,0.0,83.840204928542,7.818362473055416,27.475138863070754,15.636724946110832,7.818362473055416,133.23541774952253,148.18385518726478,74.09192759363239,12.3789079054126,-0.29222000000000037,-0.14611000000000018,0.1220699999999999,-0.29222000000000037,-0.14611000000000018,0.1220699999999999
2591,20,NOT_AOI,12,2.7578300000000002,0.22981916666666669,0.1588799949363425,0.70313,0,0.0,3258.090210440692,28.40939430749951,264.9469581920226,340.91273168999413,28.40939430749951,117.25712234153855,990.5485471286531,82.54571226072109,55.17616495553379,4.2557649999999985,0.47286277777777763,0.21020625298754012,4.2557649999999985,0.47286277777777763,0.21020625298754012
2591,21,QUERY,20,4.67972,0.23398599999999997,0.07507578240684543,0.375,7,0.35,2626.0777882695043,27.168708526916767,178.4052979556097,543.3741705383353,27.168708526916767,102.67016639353659,1681.0991673793471,84.05495836896736,47.6113719512545,10.413719999999996,0.6508574999999998,0.12698485146951352,10.413719999999996,0.6508574999999998,0.12698485146951352
2591,21,RESULT1,5,0.8437600000000001,0.168752,0.035146190348315134,0.22656,1,0.2,242.87410284266386,17.486760805169137,37.59793123307239,87.43380402584569,17.486760805169137,70.87399544044793,325.4549775309209,65.09099550618419,62.895488638639456,1.2039250000000004,0.24078500000000008,0.03456275776034075,1.2039250000000004,0.24078500000000008,0.03456275776034075
2591,21,RESULT2,4,1.28126,0.320315,0.15751422927786554,0.5,0,0.0,378.55929856641353,77.33226938101755,62.35321407599249,309.3290775240702,77.33226938101755,92.32098576580046,227.0600288045002,56.76500720112505,33.34449785159822,0.40444999999999975,0.10111249999999994,0.08024856209770989,0.40444999999999975,0.10111249999999994,0.08024856209770989
2591,21,RESULT3,16,2.60941,0.163088125,0.045374933501156504,0.23438,2,0.125,910.2073021695642,32.181829284953956,42.59635943869301,514.9092685592633,32.181829284953956,67.16481647199429,1646.81898670037,102.92618666877313,50.618670301062664,-1.5883300000000018,-0.11345214285714299,0.11641689411423108,-1.5883300000000018,-0.11345214285714299,0.11641689411423108
2591,21,RESULT4,10,1.7890800000000002,0.178908,0.09226862855813996,0.40625,1,0.1,832.0340306493575,-34.606979554246706,43.82354910864518,-346.0697955424671,-34.606979554246706,84.67248458110039,943.2195263154158,94.32195263154158,48.49075530474762,-2.707660000000002,-0.33845750000000024,0.11360618039965947,-2.707660000000002,-0.33845750000000024,0.11360618039965947
2591,21,RESULT5,13,2.46096,0.18930461538461538,0.08246061293969704,0.36719,2,0.15384615384615385,996.2067653532529,30.448183567198893,58.2280948433362,395.8263863735856,30.448183567198893,110.39474646259582,946.4780026571055,72.80600020439273,43.40825213476934,-4.162005000000001,-0.37836409090909096,0.10542857343181566,-4.162005000000001,-0.37836409090909096,0.10542857343181566
2591,21,RESULT6,5,0.8672000000000001,0.17344,0.22038590091019886,0.60938,0,0.0,293.94105493676363,44.53569583948015,48.99683912950407,222.67847919740075,44.53569583948015,37.21067300629553,467.2258890451623,93.44517780903246,51.565719672094765,-1.1889650000000005,-0.2377930000000001,0.18120103030612167,-1.1889650000000005,-0.2377930000000001,0.18120103030612167
2591,21,NOT_AOI,23,4.2969,0.1868217391304348,0.09303720086503844,0.49219,0,0.0,2245.214887941717,11.923952452617106,119.21250897577757,274.25090641019347,11.923952452617106,114.73480456854438,1587.0632495476493,69.00274998033258,49.74553463042525,4.787819999999999,0.29923874999999994,0.5399209173772436,4.787819999999999,0.29923874999999994,0.5399209173772436
2591,22,QUERY,13,2.68752,0.20673230769230772,0.08406548264060365,0.40625,2,0.15384615384615385,880.2948348656221,4.723768188151041,60.63116506318327,61.408986445963535,4.723768188151041,95.1236141965839,1569.0674802611634,120.69749848162795,57.877511744565204,5.726084999999999,0.5205531818181818,0.3384020803278962,5.726084999999999,0.5205531818181818,0.3384020803278962
2591,22,RESULT1,4,1.59375,0.3984375,0.19081013041437292,0.64063,0,0.0,1085.38064870929,16.457975089535854,137.8786973380681,65.83190035814341,16.457975089535854,87.73187080402063,447.6379382623468,111.9094845655867,56.92807472188074,2.0686799999999987,0.5171699999999997,0.28466393180160693,2.0686799999999987,0.5171699999999997,0.28466393180160693
2591,22,RESULT2,9,1.96876,0.21875111111111112,0.08382008887352384,0.375,0,0.0,886.9160213261439,45.84265162142156,106.23983589738718,412.58386459279404,45.84265162142156,96.12470847962935,849.868356660823,94.4298174067581,62.35813844054762,1.2500849999999986,0.13889833333333318,0.1309378099200787,1.2500849999999986,0.13889833333333318,0.1309378099200787
2591,22,RESULT3,2,0.5,0.25,0.03125,0.28125,0,0.0,127.05641382352613,-22.699960268476744,30.676914487872136,-45.39992053695349,-22.699960268476744,111.97593688045127,333.2485596361846,166.6242798180923,11.601844253286131,-0.4102800000000002,-0.2051400000000001,0.042699999999999946,-0.4102800000000002,-0.2051400000000001,0.042699999999999946
2591,22,RESULT4,17,2.62503,0.15441352941176473,0.07217953766914476,0.30469,4,0.23529411764705882,1601.3144817089983,-12.095917624678581,82.01504882391856,-205.63059961953587,-12.095917624678581,122.91703435023967,1317.3286234441725,77.4899190261278,44.23137199446666,-1.8141550000000013,-0.20157277777777793,0.17123057736482508,-1.8141550000000013,-0.20157277777777793,0.17123057736482508
2591,22,RESULT5,14,2.0625299999999998,0.14732357142857141,0.06764947667489939,0.3125,2,0.14285714285714285,1068.069289455486,30.50572191094124,52.03406137439346,427.08010675317735,30.50572191094124,90.18336006363768,1297.3506787853796,92.66790562752712,53.74568525840318,-4.008435000000002,-0.308341153846154,0.1404608122822244,-4.008435000000002,-0.308341153846154,0.1404608122822244
2591,22,RESULT6,3,0.38281,0.12760333333333332,0.0638961763766468,0.1875,0,0.0,957.5811580578961,28.935385816594337,364.5028346416982,86.80615744978302,28.935385816594337,106.69996751366533,208.00594666847329,69.33531555615777,54.928502283369596,-0.3448549999999999,-0.3448549999999999,0.0,-0.3448549999999999,-0.3448549999999999,0.0
2591,22,NOT_AOI,22,4.78909,0.2176859090909091,0.17263678699562718,0.77344,0,0.0,2947.3315700867065,-39.88257361395978,144.6400606574028,-877.4166195071151,-39.88257361395978,94.8212371718585,1589.5440093363966,72.25200042438166,51.25392840334795,2.0805099999999985,0.10402549999999992,0.3329079516844709,2.0805099999999985,0.10402549999999992,0.3329079516844709
2591,23,QUERY,12,3.0781400000000003,0.2565116666666667,0.0995316534101366,0.52344,1,0.08333333333333333,792.8343205041135,23.07120423707506,41.20348503720925,276.8544508449007,23.07120423707506,105.42365999354612,1164.9292817293629,97.07744014411357,61.210558466595145,5.788515,0.5262286363636364,0.44545117348630986,5.788515,0.5262286363636364,0.44545117348630986
2591,23,RESULT1,17,3.3437600000000005,0.19669176470588237,0.08737721941877301,0.4375,5,0.29411764705882354,2209.8554835457116,-11.28281550385891,152.98772716386824,-191.80786356560145,-11.28281550385891,94.24847925323188,1871.2431396232787,110.07312586019286,54.528801475832196,5.926815000000001,0.3951210000000001,0.21070701207126452,5.926815000000001,0.3951210000000001,0.21070701207126452
2591,23,RESULT2,13,2.6719,0.20553076923076924,0.130166231202882,0.57813,1,0.07692307692307693,1139.0508440179635,50.938052907557775,59.29153195856988,662.194687798251,50.938052907557775,66.7911545558784,1155.4613829002265,88.88164483847896,57.26467335658153,1.5587299999999993,0.12989416666666662,0.21552806449605733,1.5587299999999993,0.12989416666666662,0.21552806449605733
2591,23,RESULT3,4,0.96093,0.2402325,0.15372824811579036,0.5,0,0.0,599.1649572080104,62.43036232094073,115.5477677870507,249.72144928376292,62.43036232094073,89.56613247960469,650.2550123432823,162.56375308582057,5.681628828933201,-0.3783450000000004,-0.12611500000000012,0.06910490833186599,-0.3783450000000004,-0.12611500000000012,0.06910490833186599
2591,23,RESULT4,14,2.28126,0.16294714285714287,0.14262153285774865,0.57813,1,0.07142857142857142,1469.5252716133352,-28.086003318767986,71.9459228536236,-393.2040464627518,-28.086003318767986,72.2656027337866,1562.9803361896932,111.64145258497808,58.79866421990364,-3.1377100000000007,-0.3137710000000001,0.17245574824864496,-3.1377100000000007,-0.3137710000000001,0.17245574824864496
2591,23,RESULT5,9,1.10159,0.12239888888888889,0.08502567186763779,0.27344,1,0.1111111111111111,1136.8070837130965,50.118992252147194,88.2960298706128,451.0709302693248,50.118992252147194,98.01372094806415,892.627440900851,99.18082676676121,55.450000262607574,-1.9639000000000006,-0.32731666666666676,0.19156809334774116,-1.9639000000000006,-0.32731666666666676,0.19156809334774116
2591,23,RESULT6,0,0.0,0.0,0.0,0.0,0,0.0,0.0,0.0,0.0,0.0,0.0,0.0,0.0,0.0,0.0,0.0,0.0,0.0,0.0,0.0,0.0
2591,23,NOT_AOI,20,3.2343800000000003,0.161719,0.1435687723322868,0.69531,0,0.0,1748.3138989261347,10.958078955488428,55.88587009731747,219.16157910976855,10.958078955488428,96.81716140270441,1739.6583389811317,86.98291694905659,62.097303892306634,1.2903300000000009,0.1290330000000001,0.4361723852847635,1.2903300000000009,0.1290330000000001,0.4361723852847635
2591,24,QUERY,4,1.01563,0.2539075,0.12747853297222242,0.46094,0,0.0,177.39820486381882,-16.761031024035322,11.982624256122442,-67.04412409614129,-16.761031024035322,93.83750647557454,402.48239377902485,100.62059844475621,51.4195997244689,1.7242250000000001,0.5747416666666667,0.26405453127884143,1.7242250000000001,0.5747416666666667,0.26405453127884143
2591,24,RESULT1,4,0.875,0.21875,0.1096552659474227,0.39844,0,0.0,356.6596019363852,23.942678495616292,76.63854192676953,95.77071398246517,23.942678495616292,73.15948648475138,560.2746872864584,140.0686718216146,21.921648878766508,1.8723099999999993,0.4680774999999998,0.18180814425858363,1.8723099999999993,0.4680774999999998,0.18180814425858363
2591,24,RESULT2,7,1.98439,0.28348428571428574,0.07095586331498976,0.40625,0,0.0,437.5983164649416,22.38786628163255,33.781701490529976,156.71506397142787,22.38786628163255,53.980665950157714,679.6676451738622,97.09537788198031,38.70845247164559,1.4655199999999993,0.2442533333333332,0.12694701616772594,1.4655199999999993,0.2442533333333332,0.12694701616772594
2591,24,RESULT3,3,0.88282,0.29427333333333333,0.19288265765024656,0.5625,0,0.0,209.68585192545132,36.92742893358908,44.102175880483216,110.78228680076722,36.92742893358908,85.65654033304482,277.23033646288286,92.41011215429428,67.01416458586674,-0.031489999999999796,-0.015744999999999898,0.05641000000000029,-0.031489999999999796,-0.015744999999999898,0.05641000000000029
2591,24,RESULT4,7,0.92188,0.13169714285714287,0.03529440696860207,0.20313,0,0.0,481.1169018567365,10.031029878340162,20.627904649658994,70.21720914838113,10.031029878340162,80.95740670548089,540.007596908452,77.14394241549314,65.26486753912856,-0.34986500000000076,-0.06997300000000015,0.1432363033033175,-0.34986500000000076,-0.06997300000000015,0.1432363033033175
2591,24,RESULT5,18,3.1094199999999996,0.17274555555555554,0.05874537846808057,0.28906,2,0.1111111111111111,1314.4166888905468,26.41883075315331,54.78837668243226,475.53895355675957,26.41883075315331,91.63161576180535,1800.345820133885,100.01921222966027,55.66084456871311,-4.024055000000002,-0.3095426923076925,0.1327907032685504,-4.024055000000002,-0.3095426923076925,0.1327907032685504
2591,24,RESULT6,1,0.10156,0.10156,0.0,0.10156,0,0.0,369.2151809741304,164.68422238258168,0.0,164.68422238258168,164.68422238258168,0.0,10.992631246898544,10.992631246898544,0.0,-0.3199550000000002,-0.3199550000000002,0.0,-0.3199550000000002,-0.3199550000000002,0.0
2591,24,NOT_AOI,15,2.9297000000000004,0.19531333333333337,0.05811512019737683,0.32813000000000003,0,0.0,1382.8014504893843,23.690309024523945,83.11689658237185,355.35463536785915,23.690309024523945,110.89627022790025,1280.5679761762685,85.37119841175124,54.424544041851775,-1.7881600000000013,-0.14901333333333344,0.27565389266428325,-1.7881600000000013,-0.14901333333333344,0.27565389266428325
2591,25,QUERY,9,2.62502,0.2916688888888889,0.14363123619142373,0.60938,1,0.1111111111111111,1030.324785016254,-16.278300386030022,158.10765744372983,-146.5047034742702,-16.278300386030022,82.70192168712053,730.1865802905655,81.13184225450728,50.57733474555052,3.8636699999999995,0.48295874999999994,0.22930271568114927,3.8636699999999995,0.48295874999999994,0.22930271568114927
2591,25,RESULT1,9,1.7656300000000003,0.19618111111111114,0.022233634402981265,0.23438,0,0.0,555.9659829534916,22.633734584693798,41.01541851263846,203.70361126224418,22.633734584693798,64.14271734322978,866.4253335103816,96.2694815011535,58.31680103725447,2.9304299999999985,0.3663037499999998,0.16649505641591142,2.9304299999999985,0.3663037499999998,0.16649505641591142
2591,25,RESULT2,4,0.62501,0.1562525,0.059753971573026005,0.24219,1,0.25,857.1779358879955,48.467211311572896,203.76334600740805,193.86884524629158,48.467211311572896,97.4328276717838,468.1205200646409,117.03013001616023,49.951471164432355,0.2814449999999993,0.09381499999999976,0.10571719286221457,0.2814449999999993,0.09381499999999976,0.10571719286221457
2591,25,RESULT3,3,0.33594,0.11198000000000001,0.04525798934994793,0.17188,0,0.0,269.04210688021794,-55.520833184071186,32.398299948013914,-166.56249955221355,-55.520833184071186,113.98542453506549,223.61920669551654,74.53973556517218,67.90456900605477,0.17381000000000005,0.08690500000000002,0.1577099999999998,0.17381000000000005,0.08690500000000002,0.1577099999999998
2591,25,RESULT4,15,2.35938,0.157292,0.046688659322509284,0.22656,3,0.2,1591.3721818954193,-4.776952266017944,106.92659627189349,-71.65428399026916,-4.776952266017944,91.6490547797279,1191.4696634431182,79.43131089620788,56.70206247730136,-2.1990800000000004,-0.1832566666666667,0.20371057417462535,-2.1990800000000004,-0.1832566666666667,0.20371057417462535
2591,25,RESULT5,14,1.89846,0.1356042857142857,0.03776968166481185,0.20313,2,0.14285714285714285,1134.203815647396,41.83219595418092,67.98951917826365,585.6507433585328,41.83219595418092,82.57377146673751,1104.5132860372305,78.89380614551646,58.711645734285604,-2.667465000000001,-0.3810664285714287,0.17086461544815218,-2.667465000000001,-0.3810664285714287,0.17086461544815218
2591,25,RESULT6,2,0.13280999999999998,0.06640499999999999,0.0039049999999999987,0.07031,0,0.0,137.25467100347657,97.37094925014168,29.210544600397924,194.74189850028336,97.37094925014168,7.157314727647183,54.703598059651895,27.351799029825948,27.119286162211335,0.0,0.0,0.0,0.0,0.0,0.0
2591,25,NOT_AOI,7,0.9297000000000001,0.13281428571428572,0.07208679983328486,0.28906,0,0.0,741.7551726898321,-6.284494083524137,113.68438109208931,-43.99145858466896,-6.284494083524137,119.18319563212204,430.0227414229777,61.43182020328253,60.96833405625262,-0.05417000000000005,-0.013542500000000013,0.5017566389882153,-0.05417000000000005,-0.013542500000000013,0.5017566389882153
2591,26,QUERY,10,2.4687599999999996,0.24687599999999996,0.185345144700367,0.75781,0,0.0,761.4637339754648,6.121972690506365,33.617048416323456,61.21972690506365,6.121972690506365,90.59095468070193,1386.2938108701937,138.62938108701937,49.76976099323141,4.3025649999999995,0.4780627777777777,0.36434544908525457,4.3025649999999995,0.4780627777777777,0.36434544908525457
2591,26,RESULT1,6,0.92188,0.15364666666666668,0.05555092218456465,0.26563000000000003,0,0.0,1016.7872302722238,1.3476394962542741,197.60595702279008,8.085836977525645,1.3476394962542741,79.09798156962967,804.5600434272378,134.0933405712063,45.45425719254433,2.8326000000000002,0.4721,0.21324964593561854,2.8326000000000002,0.4721,0.21324964593561854
2591,26,RESULT2,5,0.7812600000000001,0.156252,0.04608695928351099,0.21875,0,0.0,576.0335731540658,-18.82941941471318,86.07213419140001,-94.14709707356589,-18.82941941471318,104.55584502306263,542.2560960991016,108.45121921982032,55.7089129822976,0.9339549999999992,0.18679099999999985,0.2934894198433736,0.9339549999999992,0.18679099999999985,0.2934894198433736
2591,26,RESULT3,8,0.9140699999999999,0.11425874999999999,0.05355222577949025,0.20313,0,0.0,582.6560553027996,62.28763261493501,32.53417401697146,498.3010609194801,62.28763261493501,111.81943981151491,838.947211674194,104.86840145927425,53.5922163753972,-0.1845900000000009,-0.03076500000000015,0.1126196703758076,-0.1845900000000009,-0.03076500000000015,0.1126196703758076
2591,26,RESULT4,16,2.5781599999999996,0.16113499999999997,0.09147982653295753,0.35938000000000003,4,0.25,1690.0214827110071,26.56278398741943,92.08613525101637,425.00454379871087,26.56278398741943,98.5074849500678,1155.9011415686953,72.24382134804345,44.25028577099113,-0.4379450000000009,-0.06256357142857157,0.10962932193793505,-0.4379450000000009,-0.06256357142857157,0.10962932193793505
2591,26,RESULT5,16,2.4687599999999996,0.15429749999999998,0.043190210624052296,0.25,2,0.125,1582.9265018775693,13.955638121219582,59.396595024037794,223.29020993951332,13.955638121219582,100.95929030070157,1394.5403234177695,87.1587702136106,50.04890230816585,-3.650975000000001,-0.40566388888888905,0.1204685174179914,-3.650975000000001,-0.40566388888888905,0.1204685174179914
2591,26,RESULT6,4,0.47657,0.1191425,0.030940360675822762,0.16405999999999998,1,0.25,363.23964050106053,87.98424872237736,73.84803617105365,351.93699488950944,87.98424872237736,33.37708321442712,336.4534320490027,84.11335801225067,45.303473735030785,-1.9230400000000007,-0.4807600000000002,0.07382289935209795,-1.9230400000000007,-0.4807600000000002,0.07382289935209795
2591,26,NOT_AOI,16,3.7890899999999994,0.23681812499999996,0.09515252533555994,0.42188,0,0.0,1447.0161199203858,-61.54094145930181,89.30403070669581,-984.655063348829,-61.54094145930181,86.963916058605,1649.2060177101707,103.07537610688567,45.46209128401629,3.0028799999999984,0.25023999999999985,0.5916660153517542,3.0028799999999984,0.25023999999999985,0.5916660153517542
2591,27,QUERY,20,4.79691,0.2398455,0.12667607329227568,0.53125,4,0.2,1961.9383873040808,-61.209947172289674,112.61425451620525,-1224.1989434457935,-61.209947172289674,70.655539446964,1744.5604090526365,87.22802045263182,58.09528834602368,8.598904999999997,0.5058179411764704,0.5518491034612663,8.598904999999997,0.5058179411764704,0.5518491034612663
2591,27,RESULT1,4,0.92969,0.2324225,0.12853851434006075,0.45313,0,0.0,885.4336230711674,44.34337150565051,227.4354689353039,177.37348602260204,44.34337150565051,89.76976695538389,284.9451288503333,71.23628221258332,60.004801385692666,1.7878500000000002,0.44696250000000004,0.5462582842564037,1.7878500000000002,0.44696250000000004,0.5462582842564037
2591,27,RESULT2,15,2.93752,0.19583466666666668,0.10815833787348784,0.4375,0,0.0,1243.799946801639,-22.00277382389424,61.67717651100008,-330.0416073584136,-22.00277382389424,110.51422099015888,1303.0300793272072,86.86867195514715,56.702236599785415,1.542584999999998,0.14023499999999983,0.11917625094132554,1.542584999999998,0.14023499999999983,0.11917625094132554
2591,27,RESULT3,13,1.7734500000000002,0.1364192307692308,0.06417553984808308,0.28906,1,0.07692307692307693,1239.5373379026685,-9.78246890507145,134.90875316530628,-127.17209576592886,-9.78246890507145,113.5221995214945,807.3186372320063,62.10143363323125,45.84277086042113,-0.9367350000000001,-0.31224500000000005,0.2702000973352897,-0.9367350000000001,-0.31224500000000005,0.2702000973352897
2591,27,RESULT4,18,1.71095,0.09505277777777778,0.04949691391115607,0.23438,2,0.1111111111111111,1686.511762489342,-8.355450300226757,102.4696327547689,-150.3981054040816,-8.355450300226757,99.16558388572676,1136.9709818703463,63.16505454835257,45.4438183419665,-1.7300500000000008,-0.2883416666666668,0.2095565089261924,-1.7300500000000008,-0.2883416666666668,0.2095565089261924
2591,27,RESULT5,13,1.7109400000000001,0.13161076923076925,0.06278811921687812,0.28125,2,0.15384615384615385,1651.5035977694008,47.45996985067092,159.9606985823455,616.979608058722,47.45996985067092,104.65920406828894,908.8214965238283,69.90934588644834,50.579592340076694,-2.9048950000000007,-0.4149850000000001,0.20164776409190677,-2.9048950000000007,-0.4149850000000001,0.20164776409190677
2591,27,RESULT6,2,0.25782000000000005,0.12891000000000002,0.019530000000000006,0.14844000000000002,0,0.0,173.8447746444033,-21.596499553046165,37.317386019510415,-43.19299910609233,-21.596499553046165,129.92644706496523,181.53106877159527,90.76553438579764,10.912640255867217,0.0,0.0,0.0,0.0,0.0,0.0
2591,27,NOT_AOI,22,4.35159,0.19779954545454545,0.1360208658283812,0.60938,0,0.0,2272.2325656377257,-10.782267951046158,100.3313566664793,-237.2098949230155,-10.782267951046158,108.11393892292509,1666.8446646429436,75.76566657467926,54.754276638694904,-0.8375700000000026,-0.06979750000000022,0.3519464193940684,-0.8375700000000026,-0.06979750000000022,0.3519464193940684
2591,28,QUERY,7,1.3359500000000002,0.19085000000000002,0.061778127197253244,0.30469,2,0.2857142857142857,1121.3024589414745,-43.852342994852755,202.68186898638243,-306.9664009639693,-43.852342994852755,95.78593951080992,777.8296641095698,111.11852344422425,58.748123730621344,3.430485000000001,0.6860970000000002,0.09310578757520904,3.430485000000001,0.6860970000000002,0.09310578757520904
2591,28,RESULT1,3,0.66406,0.22135333333333332,0.0747513238827395,0.28906,0,0.0,268.33225962287054,26.16898561505927,67.72203303721638,78.50695684517781,26.16898561505927,41.74796443293699,372.55991466035937,124.18663822011979,30.3296063164238,1.1509850000000008,0.38366166666666696,0.02472141491815444,1.1509850000000008,0.38366166666666696,0.02472141491815444
2591,28,RESULT2,5,0.69531,0.139062,0.0497567363881515,0.21094,0,0.0,464.91884785065434,6.0504784720941505,54.681169132643774,30.25239236047075,6.0504784720941505,83.17017926843008,595.4595111047576,119.09190222095151,52.194731305314,1.688945,0.337789,0.17010324965737722,1.688945,0.337789,0.17010324965737722
2591,28,RESULT3,5,0.8906400000000001,0.178128,0.04233093214187469,0.25,0,0.0,534.0425435752248,0.9202896079163508,65.84966370893751,4.601448039581754,0.9202896079163508,90.12596616517752,523.0451142747092,104.60902285494186,49.37126577911596,-0.040265000000000634,-0.008053000000000126,0.14262444536614347,-0.040265000000000634,-0.008053000000000126,0.14262444536614347
2591,28,RESULT4,17,1.7890800000000002,0.10524000000000001,0.047718810941253124,0.19531,1,0.058823529411764705,1377.3231973476204,12.383396378412229,45.68923444668082,210.51773843300788,12.383396378412229,98.9009675008726,1313.864738684459,77.28616109908583,48.8970617403151,-1.2950550000000005,-0.2590110000000001,0.10580467123903375,-1.2950550000000005,-0.2590110000000001,0.10580467123903375
2591,28,RESULT5,6,0.67189,0.11198166666666666,0.0747536463807768,0.26563000000000003,0,0.0,2135.0583645589086,4.214316414398596,364.0391240719662,25.285898486391574,4.214316414398596,103.6816760233894,388.1881783206928,64.69802972011547,68.60180503988009,-0.3633400000000004,-0.0908350000000001,0.1483543939987959,-0.3633400000000004,-0.0908350000000001,0.1483543939987959
2591,28,RESULT6,1,0.125,0.125,0.0,0.125,0,0.0,131.60301417338422,55.7969820070054,0.0,55.7969820070054,55.7969820070054,0.0,25.594339670457398,25.594339670457398,0.0,0.0,0.0,0.0,0.0,0.0,0.0
2591,28,NOT_AOI,25,3.6172299999999993,0.14468919999999996,0.07828415951749118,0.5,0,0.0,2944.863220545382,-47.38663483745713,177.15324256399072,-1184.6658709364283,-47.38663483745713,89.55585738661128,2266.458345287597,90.65833381150387,64.35632040242146,2.762534999999998,0.13154928571428562,0.41219505816538327,2.762534999999998,0.13154928571428562,0.41219505816538327
2591,29,QUERY,29,7.593799999999999,0.2618551724137931,0.12576670209560542,0.53125,3,0.10344827586206896,2345.6390948753915,23.886072159815694,67.25875980154792,692.6960926346551,23.886072159815694,104.74798364731828,2475.8132044577496,85.37286911923275,54.65810909705371,9.367654999999996,0.3747061999999998,0.3661233449505236,9.367654999999996,0.3747061999999998,0.3661233449505236
2591,29,RESULT1,20,3.6250199999999997,0.181251,0.06786425737455616,0.34375,3,0.15,1481.8016823118164,32.2855240907508,109.68995502353289,645.7104818150159,32.2855240907508,95.18860528849363,1755.5027240296936,87.77513620148468,52.14596531625144,4.917849999999998,0.27321388888888876,0.17989064133385627,4.917849999999998,0.27321388888888876,0.17989064133385627
2591,29,RESULT2,11,1.95315,0.17755909090909092,0.17232895443174137,0.67969,0,0.0,1564.5459861911684,-17.768132304255303,102.1284790491359,-195.44945534680835,-17.768132304255303,118.7611387331711,1158.0492829955353,105.27720754504867,65.58168753171711,0.8918949999999999,0.1274135714285714,0.15314375428841676,0.8918949999999999,0.1274135714285714,0.15314375428841676
2591,29,RESULT3,20,2.5000299999999998,0.1250015,0.06978938746507236,0.32031,2,0.1,2409.04461762003,-36.35821522492971,85.70952829867814,-727.1643044985942,-36.35821522492971,88.88000109892303,1492.012085698961,74.60060428494805,47.98610394771458,-0.03286000000000078,-0.005476666666666796,0.15246228773226383,-0.03286000000000078,-0.005476666666666796,0.15246228773226383
2591,29,RESULT4,26,2.9609499999999995,0.1138826923076923,0.04638054901967918,0.20313,3,0.11538461538461539,3037.833473340998,-22.26614089251397,79.23689126201965,-578.9196632053632,-22.26614089251397,104.44328154713249,2419.308131572231,93.05031275277813,54.54754919756688,-3.062495000000002,-0.20416633333333348,0.21804768006613187,-3.062495000000002,-0.20416633333333348,0.21804768006613187
2591,29,RESULT5,13,1.4687700000000004,0.11298230769230772,0.057460489857593076,0.23438,0,0.0,1701.4334729704442,39.13504259040064,152.27045669806876,508.75555367520826,39.13504259040064,93.68456483083736,1156.7727623888109,88.98252018375469,39.096895243370454,-0.6940000000000008,-0.06940000000000009,0.2879992978185884,-0.6940000000000008,-0.06940000000000009,0.2879992978185884
2591,29,RESULT6,3,0.3672,0.12240000000000001,0.038450172951496595,0.17188,0,0.0,428.0926247065791,-33.748114239158255,47.89039426151729,-101.24434271747477,-33.748114239158255,76.47105244454228,329.0549515859023,109.68498386196744,77.3634827913337,-0.6298300000000001,-0.31491500000000006,0.03178499999999995,-0.6298300000000001,-0.31491500000000006,0.03178499999999995
2591,29,NOT_AOI,46,9.273489999999999,0.20159760869565216,0.1576157222926916,0.75,0,0.0,5043.187812988193,-12.265787061156963,111.71861545294107,-564.2262048132203,-12.265787061156963,104.44385256999986,3967.960678801287,86.26001475654972,57.000543102986526,8.773609999999998,0.24371138888888882,0.46211614270748935,8.773609999999998,0.24371138888888882,0.46211614270748935
2591,30,QUERY,11,2.27344,0.20667636363636363,0.11755979362726847,0.4375,2,0.18181818181818182,750.0922916547582,19.310220381289945,72.67897964729222,212.41242419418938,19.310220381289945,106.61402289720105,1445.1786669924977,131.3798788174998,38.983053658759985,4.993644999999997,0.453967727272727,0.46895777108515546,4.993644999999997,0.453967727272727,0.46895777108515546
2591,30,RESULT1,4,0.70313,0.1757825,0.053703968370596225,0.23438,0,0.0,492.9500015957443,44.9883372040067,120.9692827437702,179.9533488160268,44.9883372040067,79.55817570581625,474.6690869008753,118.66727172521882,41.59974030570523,0.8385899999999995,0.20964749999999988,0.12967216478007132,0.8385899999999995,0.20964749999999988,0.12967216478007132
2591,30,RESULT2,8,1.11719,0.13964875,0.05760144387024947,0.21875,1,0.125,926.2492425048479,-9.28210930516449,124.68450422559496,-74.25687444131592,-9.28210930516449,83.5926449458266,395.37693636431345,49.42211704553918,59.20102156527327,0.05975999999999981,0.014939999999999953,0.09427599880139158,0.05975999999999981,0.014939999999999953,0.09427599880139158
2591,30,RESULT3,28,4.21878,0.15067071428571427,0.08736687215123244,0.375,6,0.21428571428571427,2069.585092622662,31.476327984668053,64.99534672381033,881.3371835707055,31.476327984668053,104.24093317439392,2526.138760119303,90.21924143283225,47.5663158671667,-1.2416900000000006,-0.10347416666666671,0.12466473678319066,-1.2416900000000006,-0.10347416666666671,0.12466473678319066
2591,30,RESULT4,21,3.50783,0.1670395238095238,0.08817356009469757,0.41406,2,0.09523809523809523,2123.9845334658253,-3.1206081325509225,101.81066164338337,-65.53277078356938,-3.1206081325509225,120.62232229860871,1849.181677097691,88.05627033798528,39.518805090862564,-1.8609000000000009,-0.15507500000000007,0.15466595235781536,-1.8609000000000009,-0.15507500000000007,0.15466595235781536
2591,30,RESULT5,14,2.04687,0.146205,0.06977784254843572,0.28906,3,0.21428571428571427,1960.7173774827843,-11.495748493742836,81.60873503711929,-160.9404789123997,-11.495748493742836,93.70260310606436,1219.8581886838672,87.13272776313337,63.099436523620746,-1.6597400000000002,-0.2766233333333334,0.1011286434311378,-1.6597400000000002,-0.2766233333333334,0.1011286434311378
2591,30,RESULT6,3,0.33594,0.11198000000000001,0.009744345368810912,0.125,1,0.3333333333333333,148.10536066737305,64.4744185419738,54.348458272058664,193.42325562592143,64.4744185419738,26.386371122441833,263.07003039821126,87.69001013273709,51.583970252701526,-1.158725,-0.38624166666666665,0.0638830610482067,-1.158725,-0.38624166666666665,0.0638830610482067
2591,30,NOT_AOI,15,2.3359599999999996,0.15573066666666663,0.06311293068425484,0.30469,0,0.0,1782.304012309171,-21.030160472123647,97.33689562493605,-315.4524070818547,-21.030160472123647,100.76568840690543,940.9967400236397,62.733116001575986,47.47823692139045,0.7985999999999991,0.13309999999999986,0.3843888605486491,0.7985999999999991,0.13309999999999986,0.3843888605486491
