Average_Fixation_Duration,Fixation_Duration_SD,Longest_Fixation_Duration,Refixation_Ratio,Average_Saccade_Length,Saccade_Length_SD,Average_Saccade_Absolute_Angle,Saccade_Absolute_Angle_SD,Average_Saccade_Relative_Angle,Saccade_Relative_Angle_SD,Average_Left_Eye_Difference,Left_Eye_Difference_SD,Average_Right_Eye_Difference,Right_Eye_Difference_SD,Blink_Count,Average_Blink_Duration,Average_Fixation_Duration_AOI1,Fixation_Duration_SD_AOI1,Longest_Fixation_Duration_AOI1,Refixation_Ratio_AOI1,Average_Saccade_Length_AOI1,Saccade_Length_SD_AOI1,Average_Saccade_Absolute_Angle_AOI1,Saccade_Absolute_Angle_SD_AOI1,Average_Saccade_Relative_Angle_AOI1,Saccade_Relative_Angle_SD_AOI1,Average_Left_Eye_Difference_AOI1,Left_Eye_Difference_SD_AOI1,Average_Right_Eye_Difference_AOI1,Right_Eye_Difference_SD_AOI1,Blink_Count_AOI1,Average_Blink_Duration_AOI1,AOI_Language_AOI1,Previous_AOI_Language_AOI1,Language_Switch_AOI1,Average_Fixation_Duration_AOI2,Fixation_Duration_SD_AOI2,Longest_Fixation_Duration_AOI2,Refixation_Ratio_AOI2,Average_Saccade_Length_AOI2,Saccade_Length_SD_AOI2,Average_Saccade_Absolute_Angle_AOI2,Saccade_Absolute_Angle_SD_AOI2,Average_Saccade_Relative_Angle_AOI2,Saccade_Relative_Angle_SD_AOI2,Average_Left_Eye_Difference_AOI2,Left_Eye_Difference_SD_AOI2,Average_Right_Eye_Difference_AOI2,Right_Eye_Difference_SD_AOI2,Blink_Count_AOI2,Average_Blink_Duration_AOI2,AOI_Language_AOI2,Previous_AOI_Language_AOI2,Language_Switch_AOI2,Average_Fixation_Duration_AOI3,Fixation_Duration_SD_AOI3,Longest_Fixation_Duration_AOI3,Refixation_Ratio_AOI3,Average_Saccade_Length_AOI3,Saccade_Length_SD_AOI3,Average_Saccade_Absolute_Angle_AOI3,Saccade_Absolute_Angle_SD_AOI3,Average_Saccade_Relative_Angle_AOI3,Saccade_Relative_Angle_SD_AOI3,Average_Left_Eye_Difference_AOI3,Left_Eye_Difference_SD_AOI3,Average_Right_Eye_Difference_AOI3,Right_Eye_Difference_SD_AOI3,Blink_Count_AOI3,Average_Blink_Duration_AOI3,AOI_Language_AOI3,Previous_AOI_Language_AOI3,Language_Switch_AOI3,Average_Fixation_Duration_AOI4,Fixation_Duration_SD_AOI4,Longest_Fixation_Duration_AOI4,Refixation_Ratio_AOI4,Average_Saccade_Length_AOI4,Saccade_Length_SD_AOI4,Average_Saccade_Absolute_Angle_AOI4,Saccade_Absolute_Angle_SD_AOI4,Average_Saccade_Relative_Angle_AOI4,Saccade_Relative_Angle_SD_AOI4,Average_Left_Eye_Difference_AOI4,Left_Eye_Difference_SD_AOI4,Average_Right_Eye_Difference_AOI4,Right_Eye_Difference_SD_AOI4,Blink_Count_AOI4,Average_Blink_Duration_AOI4,AOI_Language_AOI4,Previous_AOI_Language_AOI4,Language_Switch_AOI4,Average_Fixation_Duration_AOI5,Fixation_Duration_SD_AOI5,Longest_Fixation_Duration_AOI5,Refixation_Ratio_AOI5,Average_Saccade_Length_AOI5,Saccade_Length_SD_AOI5,Average_Saccade_Absolute_Angle_AOI5,Saccade_Absolute_Angle_SD_AOI5,Average_Saccade_Relative_Angle_AOI5,Saccade_Relative_Angle_SD_AOI5,Average_Left_Eye_Difference_AOI5,Left_Eye_Difference_SD_AOI5,Average_Right_Eye_Difference_AOI5,Right_Eye_Difference_SD_AOI5,Blink_Count_AOI5,Average_Blink_Duration_AOI5,AOI_Language_AOI5,Previous_AOI_Language_AOI5,Language_Switch_AOI5,Average_Fixation_Duration_AOI6,Fixation_Duration_SD_AOI6,Longest_Fixation_Duration_AOI6,Refixation_Ratio_AOI6,Average_Saccade_Length_AOI6,Saccade_Length_SD_AOI6,Average_Saccade_Absolute_Angle_AOI6,Saccade_Absolute_Angle_SD_AOI6,Average_Saccade_Relative_Angle_AOI6,Saccade_Relative_Angle_SD_AOI6,Average_Left_Eye_Difference_AOI6,Left_Eye_Difference_SD_AOI6,Average_Right_Eye_Difference_AOI6,Right_Eye_Difference_SD_AOI6,Blink_Count_AOI6,Average_Blink_Duration_AOI6,AOI_Language_AOI6,Previous_AOI_Language_AOI6,Language_Switch_AOI6,Number of English AOIs,CEFR Median
0.490662927,0.361954836,1.80859,0.073170732,43.7173608,118.7114746,43.7173608,86.12984764,94.4919882,58.00523693,0.219867133,0.342605,0.219867133,0.342605,2,0.14612,0.280716364,0.113465126,0.53613,0.090909091,32.3992094,199.5450772,32.3992094,100.5601632,115.1882079,58.31176529,0.630086364,0.32057409600000003,0.630086364,0.32057409600000003,1,0.1058,Chinese,English,Yes,0.852863333,0.17891094100000002,1.10449,0.0,11.45669072,15.59345376,11.45669072,74.42428457,103.3890757,47.69560891,0.230349697,0.1013874,0.230349697,0.1013874,0,0.0,Chinese,Chinese,No,0.4688479999999999,0.328306304,1.2929700000000002,0.0,3.382283124,52.02291013,3.382283124,79.66232638,98.41286176,57.12635237,0.168374364,0.188790728,0.168374364,0.188790728,1,0.18644,Chinese,Chinese,No,0.398275,0.16376898,0.65625,0.0,83.17206592,55.75943459,83.17206592,84.30084814,124.7431026,42.80842469,-0.025077636,0.16341645400000002,-0.025077636,0.16341645400000002,0,0.0,Chinese,Chinese,No,0.653862222,0.488577651,1.80859,0.222222222,72.83166084,61.77776224,72.83166084,52.18224139,59.20944235,42.01522556,-0.08812988599999999,0.152620534,-0.08812988599999999,0.152620534,0,0.0,Chinese,Chinese,No,0.7539100000000001,0.46582,1.21973,0.0,106.6551214,0.800495119,106.6551214,0.455467801,15.73089422,0.408846207,0.049751364000000006,0.008185,0.049751364000000006,0.008185,0,0.0,Chinese,Chinese,No,0,Low
0.46536098,0.581505914,3.84277,0.05882352900000001,27.91797889,115.0361242,27.91797889,88.47074842,85.86433465,57.97441948,0.529920764,0.421058463,0.529920764,0.421058463,0,0.0,0.226735294,0.113765786,0.60254,0.05882352900000001,25.58184732,90.38922666,25.58184732,95.87834708,86.57174049,50.77711839,0.852671658,0.498943555,0.852671658,0.498943555,0,0.0,Chinese,English,Yes,0.379744286,0.17382351699999998,0.68262,0.14285714300000002,52.73342447,55.30229321,52.73342447,82.18148715,77.63551067,63.12851793,0.7222106490000001,0.063151148,0.7222106490000001,0.063151148,0,0.0,Chinese,Chinese,No,0.497513636,0.282612061,1.16602,0.0,10.03578218,134.8406726,10.03578218,74.81796324,76.99953732,53.9306923,0.400134545,0.17286358899999998,0.400134545,0.17286358899999998,0,0.0,Chinese,Chinese,No,0.469104545,0.4673116920000001,1.7294900000000002,0.090909091,27.52332489,144.9093461,27.52332489,85.61533892,113.5277543,60.9098286,0.294036364,0.281293249,0.294036364,0.281293249,0,0.0,Chinese,Chinese,No,2.022136667,1.309782773,3.84277,0.0,-15.00699657,38.53051161,-15.00699657,74.48868068,49.56588373,50.05108784,-0.157003636,0.120975187,-0.157003636,0.120975187,0,0.0,Chinese,Chinese,No,0.260745,0.027345,0.28809,0.0,125.8311799,111.4519965,125.8311799,45.57495897,59.70752270000001,46.25904265,0.037156364,0.07606,0.037156364,0.07606,0,0.0,Chinese,Chinese,No,0,Low
0.399989789,0.286370956,1.47363,0.221052632,3.366127286,93.30284571,3.366127286,101.3848212,84.2320175,60.27542365,0.28706264,0.35830009700000004,0.28706264,0.35830009700000004,1,0.08996,0.327755676,0.20851675100000006,1.05176,0.27027027,-5.674027767,65.68382891,-5.674027767,104.91997109999998,78.30699178,48.9096314,0.607816904,0.30917283,0.607816904,0.30917283,1,0.08996,Chinese,English,Yes,0.273229286,0.169914078,0.6835899999999999,0.071428571,-9.282320498999999,115.5942663,-9.282320498999999,95.85281023,89.9309534,72.03005739,0.135967902,0.290107226,0.135967902,0.290107226,0,0.0,Chinese,Chinese,No,0.49698,0.238781417,1.0117200000000002,0.272727273,1.521599923,93.28293159,1.521599923,92.55907059999998,89.08494361,60.27429332,0.150132727,0.167097916,0.150132727,0.167097916,0,0.0,Chinese,Chinese,No,0.451634211,0.366219679,1.47363,0.315789474,-12.08931792,125.5018643,-12.08931792,106.8910864,96.03508114,61.11141529999999,0.030954258,0.17247921100000002,0.030954258,0.17247921100000002,0,0.0,Chinese,Chinese,No,0.585205,0.359600669,1.37207,0.083333333,55.31156404,28.35564572,55.31156404,74.48504585,83.91066612,70.25227244,0.04223553,0.121549131,0.04223553,0.121549131,0,0.0,Chinese,Chinese,No,0.488285,0.160155,0.64844,0.0,104.4471397,5.333915161,104.4471397,1.387873999,17.06035218,9.244505105,-0.009668636,0.092405,-0.009668636,0.092405,0,0.0,Chinese,Chinese,No,0,Low
0.388412,0.299924304,1.19141,0.133333333,29.63296328,151.53523669999996,29.63296328,92.94122557,95.13431411,63.00946663,0.5539927920000001,0.410342216,0.5539927920000001,0.410342216,0,0.0,0.229632143,0.157886741,0.61328,0.35714285700000004,14.30238474,141.84266100000005,14.30238474,97.752504,101.9518785,57.99150623,0.916221748,0.363641366,0.916221748,0.363641366,0,0.0,Chinese,English,Yes,0.3017575,0.148695713,0.5996100000000001,0.0,36.98967103,47.62670720000001,36.98967103,98.46544737,93.5123122,66.66473736,0.915190649,0.256620128,0.915190649,0.256620128,0,0.0,Chinese,Chinese,No,0.384115,0.313078683,1.03711,0.166666667,17.75630183,102.8134008,17.75630183,65.56413676,98.22087524,59.67180012,0.407909697,0.236103189,0.407909697,0.236103189,0,0.0,Chinese,Chinese,No,0.645927143,0.384077929,1.19141,0.0,49.31746463,141.89747140000003,49.31746463,77.45703012,97.73405819,64.2176716,0.308422078,0.253502529,0.308422078,0.253502529,0,0.0,Chinese,Chinese,No,0.5566425,0.306130583,1.19141,0.0,32.90119916,213.8073643,32.90119916,108.7744616,92.23017891,70.22742478,0.050090114000000005,0.213400136,0.050090114000000005,0.213400136,0,0.0,Chinese,Chinese,No,0.285155,0.115235,0.40039,0.0,61.18146813,46.80564998,61.18146813,52.77162360000001,47.15712387,21.08099334,-0.056653635999999986,0.0,-0.056653635999999986,0.0,0,0.0,Chinese,Chinese,No,0,Low
0.455176,0.31166298,1.3457,0.1,58.98700599,43.22498635,58.98700599,71.65552473,93.42590411,68.82397952,0.815528864,0.432382218,0.815528864,0.432382218,0,0.0,0.29663125,0.17266611399999998,0.5976600000000001,0.125,66.19621337,37.21507596,66.19621337,68.73954428,105.0929789,73.22445032,0.969882614,0.49579511,0.969882614,0.49579511,0,0.0,Chinese,English,Yes,0.37793,0.123744578,0.5371100000000001,0.25,-0.406336421,38.94030367,-0.406336421,88.57332241,93.20635721,81.44015517,0.979968864,0.103173384,0.979968864,0.103173384,0,0.0,Chinese,Chinese,No,0.55586,0.295396399,0.95117,0.0,64.27109233,28.23995661,64.27109233,42.78214052,68.11416209999999,57.14986235,0.8495243640000001,0.189579677,0.8495243640000001,0.189579677,0,0.0,Chinese,Chinese,No,0.79297,0.0,0.79297,0.0,111.4017643,0.0,111.4017643,0.0,147.81236909999996,0.0,0.17582636399999998,0.0,0.17582636399999998,0.0,0,0.0,Chinese,Chinese,No,1.3457,0.0,1.3457,0.0,79.21413343,0.0,79.21413343,0.0,110.8824738,0.0,0.187336364,0.0,0.187336364,0.0,0,0.0,Chinese,Chinese,No,0.30078,0.0,0.30078,0.0,139.8243991,0.0,139.8243991,0.0,55.68316848,0.0,0.020856364,0.0,0.020856364,0.0,0,0.0,Chinese,Chinese,No,0,Low
0.52505087,0.401866485,1.4882799999999998,0.086956522,28.51007278,84.19038659,28.51007278,88.10465314,99.16045206,54.27494489,0.692114545,0.357685194,0.692114545,0.357685194,2,0.05882,0.383984,0.225571522,0.87695,0.1,-5.964688592000001,93.90088839,-5.964688592000001,90.90079682,100.6453996,66.81163699,1.038901919,0.365080404,1.038901919,0.365080404,0,0.0,Chinese,English,Yes,0.5598966670000001,0.242595959,0.79688,0.0,104.1799359,47.13941725,104.1799359,50.5289271,96.82640911,30.57512016,0.705559697,0.152220247,0.705559697,0.152220247,1,0.04974,Chinese,Chinese,No,0.592123333,0.497277821,1.4882799999999998,0.0,31.14099504,94.91029187,31.14099504,54.81632905,90.97300021,49.93763702,0.56021803,0.204281372,0.56021803,0.204281372,0,0.0,Chinese,Chinese,No,0.708005,0.524415,1.23242,0.0,93.39110219,21.71198399,93.39110219,57.00345666,77.08888229,11.09579562,0.125156364,0.14197,0.125156364,0.14197,1,0.0679,Chinese,Chinese,No,0.793945,0.526365,1.32031,0.5,14.6052888,61.48499901,14.6052888,113.5976788,141.87070409999995,4.368110889,0.07405136400000001,0.124935,0.07405136400000001,0.124935,0,0.0,Chinese,Chinese,No,0.0,0.0,0.0,0.0,0.0,0.0,0.0,0.0,0.0,0.0,0.0,0.0,0.0,0.0,0,0.0,Chinese,Chinese,No,0,Low
0.189289162,0.098445927,0.69727,0.119760479,6.013433055,119.74358429999998,6.013433055,104.6502207,88.07319149,57.87145772,0.025015006,0.859981737,0.025015006,0.859981737,4,0.182515,0.17871214300000002,0.08975992599999999,0.38281,0.17857142899999998,8.26586106,118.0889512,8.26586106,111.6077516,73.12511317,53.47046788,-0.007368068,0.370975759,-0.007368068,0.370975759,0,0.0,Chinese,English,Yes,0.171273846,0.099908588,0.3418,0.076923077,-11.95030136,55.12940551,-11.95030136,109.071378,84.45097634,64.71629396,-0.022955664,0.388510987,-0.022955664,0.388510987,0,0.0,Chinese,Chinese,No,0.129447222,0.053925954000000005,0.21484,0.055555556,-15.85006289,133.0412312,-15.85006289,92.04391652,103.6392385,59.23153262,0.319111515,1.39610867,0.319111515,1.39610867,2,0.176985,Chinese,Chinese,No,0.19247390600000006,0.08794283900000001,0.40234,0.140625,4.857716682,111.01547340000002,4.857716682,102.3051732,92.40882645,52.58198683,0.18186763600000005,1.010025484,0.18186763600000005,1.010025484,0,0.0,Chinese,Chinese,No,0.211226296,0.092663023,0.38281,0.111111111,19.83244098,163.3800249,19.83244098,116.9508136,74.88513259999998,61.80523395,-0.207973818,0.396431507,-0.207973818,0.396431507,1,0.18283,Chinese,Chinese,No,0.237017647,0.145483696,0.69727,0.05882352900000001,21.59320508,83.68449583,21.59320508,81.00538784,103.6051383,59.78975391,-0.338285568,0.41111235,-0.338285568,0.41111235,1,0.19326,Chinese,Chinese,No,0,High
0.22226550000000006,0.190028516,0.91602,0.0,21.61610638,227.4248427,21.61610638,86.68837919,98.33685595,53.85232497,0.034912626,0.425690818,0.034912626,0.425690818,0,0.0,0.26465,0.07715,0.3418,0.0,-14.8758228,344.3391642,-14.8758228,76.55065682,166.4772978,1.897282547,0.274488182,0.213375,0.274488182,0.213375,0,0.0,Chinese,English,Yes,0.0957,0.0,0.0957,0.0,-75.97534453,0.0,-75.97534453,0.0,37.93707062,0.0,0.066708182,0.0,0.066708182,0.0,0,0.0,Chinese,Chinese,No,0.14013499999999998,0.059422335,0.24023000000000005,0.0,30.0179374,56.91131865,30.0179374,86.27323144,60.64788409,55.210322700000006,0.215994848,0.06872228,0.215994848,0.06872228,0,0.0,Chinese,Chinese,No,0.166666667,0.06417275,0.28906,0.0,34.65527831,82.30333898,34.65527831,84.10607385,102.64566440000002,29.55885381,0.244091515,0.328764509,0.244091515,0.328764509,0,0.0,Chinese,Chinese,No,0.53125,0.38477,0.91602,0.0,59.20771761,17.838537600000006,59.20771761,15.97620188,146.769781,26.48104905,-0.198896818,0.38162,-0.198896818,0.38162,0,0.0,Chinese,Chinese,No,0.239454,0.15350755,0.47656,0.0,18.32605262,252.47033080000003,18.32605262,99.48011747,88.7680736,55.28071152,-0.425499318,0.033955427,-0.425499318,0.033955427,0,0.0,Chinese,Chinese,No,0,High
0.147979259,0.078043865,0.49609,0.074074074,-9.904920873,289.5103741000001,-9.904920873,93.42065627,102.4888313,53.41469801,1.24601683,2.754000129,1.24601683,2.754000129,1,0.22067,0.127734,0.032802065,0.18164,0.0,-23.34973742,560.088672,-23.34973742,78.00945581,112.1446942,49.08329047,-0.489288485,0.351584461,-0.489288485,0.351584461,0,0.0,Chinese,English,Yes,0.117465,0.031697803,0.17578,0.071428571,4.632980723999999,381.2725675,4.632980723999999,106.4507978,103.6184069,55.16180401,-0.163961818,0.17004675,-0.163961818,0.17004675,0,0.0,Chinese,Chinese,No,0.111545556,0.034346892000000004,0.14844000000000002,0.0,10.30119153,93.85638654,10.30119153,99.78166363,89.87363168,45.8586025,-0.130496104,0.442067839,-0.130496104,0.442067839,0,0.0,Chinese,Chinese,No,0.171484,0.059452944,0.26172,0.0,50.2406374,280.5910245,50.2406374,60.69223507,100.9068876,65.33387851,-0.069495818,0.230022362,-0.069495818,0.230022362,0,0.0,Chinese,Chinese,No,0.187603684,0.093720363,0.49609,0.105263158,-23.99756959,60.65655926,-23.99756959,81.56653859999999,99.30227251,48.20221224,2.686433807,3.322303878,2.686433807,3.322303878,0,0.0,Chinese,Chinese,No,0.15161125,0.093844512,0.47656,0.125,-21.73429313,106.4808174,-21.73429313,95.59612933,105.38959979999998,56.71827194,2.375764848,2.968828558,2.375764848,2.968828558,1,0.22067,Chinese,Chinese,No,0,High
0.178786346,0.106441342,0.5566399999999999,0.134615385,-5.470758612000001,1005.124982,-5.470758612000001,92.94261138,102.2853773,59.07511669,2.189425057,3.803859059,2.189425057,3.803859059,0,0.0,0.135045714,0.050936047000000005,0.22266,0.14285714300000002,-52.62418263,2348.2338170000007,-52.62418263,61.02615304,93.3901024,54.68260576,-0.061546818,0.03465369,-0.061546818,0.03465369,0,0.0,Chinese,English,Yes,0.11426,0.024879219,0.14063,0.0,23.62646325,122.32149579999998,23.62646325,70.87496172,122.961645,58.67946641,1.641413182,2.89208,1.641413182,2.89208,0,0.0,Chinese,Chinese,No,0.13965,0.067692269,0.20703,0.0,13.40093465,1240.606237,13.40093465,111.5188049,143.0036977,48.56036174,-0.495971818,0.598200905,-0.495971818,0.598200905,0,0.0,Chinese,Chinese,No,0.08202999999999999,0.0,0.08202999999999999,0.0,-86.60634056,0.0,-86.60634056,0.0,179.6024105,0.0,6.918728182000001,0.0,6.918728182000001,0.0,0,0.0,Chinese,Chinese,No,0.15576125,0.089720521,0.31445,0.125,-8.720405455,169.911578,-8.720405455,72.83004528,88.02223749,67.34140206,6.8191381820000005,0.1282,6.8191381820000005,0.1282,0,0.0,Chinese,Chinese,No,0.222280385,0.1204568,0.5566399999999999,0.192307692,1.726803721,46.55783469,1.726803721,102.0410449,95.05938207,53.87199985,6.524083182,0.392005,6.524083182,0.392005,0,0.0,Chinese,Chinese,No,0,High
0.192491944,0.083520586,0.39453,0.055555556,17.83849861,110.1375575,17.83849861,97.15679714,102.5070244,53.15197534,-0.245643289,0.28724408100000004,-0.245643289,0.28724408100000004,1,0.054820000000000015,0.185873333,0.050911126,0.26758000000000004,0.0,-11.8220573,72.81298165,-11.8220573,107.9111897,114.5493541,54.99265801,-0.262911818,0.13332803699999998,-0.262911818,0.13332803699999998,0,0.0,Chinese,English,Yes,0.192383333,0.104097238,0.34961,0.166666667,-13.06773621,71.12963519,-13.06773621,105.0397767,94.53512762,56.05354431,-0.053151818,0.15441782199999998,-0.053151818,0.15441782199999998,0,0.0,Chinese,Chinese,No,0.147041429,0.035704868,0.22656,0.14285714300000002,3.60146165,194.2182804,3.60146165,88.55825704,85.85993640000002,67.69180757,-0.107871818,0.130994174,-0.107871818,0.130994174,0,0.0,Chinese,Chinese,No,0.214846,0.075106315,0.31641,0.0,8.541955502999999,27.70969754,8.541955502999999,104.1190556,84.80307119,36.92635044,-0.290355818,0.114818185,-0.290355818,0.114818185,0,0.0,Chinese,Chinese,No,0.19506875,0.095779351,0.39453,0.0,63.97674613,42.10198409,63.97674613,72.07866097,126.0643994,21.75941274,-0.321051818,0.25212892,-0.321051818,0.25212892,1,0.054820000000000015,Chinese,Chinese,No,0.249025,0.08657200599999999,0.39453,0.0,52.94768323,65.34149245,52.94768323,67.57440714,100.5489709,56.59818928,-0.5272793179999999,0.141405287,-0.5272793179999999,0.141405287,0,0.0,Chinese,Chinese,No,0,High
0.159961333,0.078063084,0.44922,0.066666667,17.13823258,155.531223,17.13823258,87.43457324,103.0070959,48.99077414,-0.287223869,1.011341285,-0.287223869,1.011341285,0,0.0,0.192909231,0.08891910199999999,0.44922,0.0,30.29981229,101.9580094,30.29981229,87.44953000000002,113.1586936,50.44088269,-0.588254895,0.426667296,-0.588254895,0.426667296,0,0.0,Chinese,English,Yes,0.148655556,0.072990525,0.24805,0.0,19.45471097,51.63836796,19.45471097,75.10341514,84.19674353,55.25714169,-0.324028068,0.25081775100000003,-0.324028068,0.25081775100000003,0,0.0,Chinese,Chinese,No,0.14229857099999998,0.066466862,0.25586,0.0,20.86663801,102.0618118,20.86663801,111.4233821,93.09179601,40.17472513,-0.478166104,0.250217284,-0.478166104,0.250217284,0,0.0,Chinese,Chinese,No,0.16064375,0.087464284,0.37695,0.0,44.75805261,33.0067518,44.75805261,70.01103627,79.83901821,56.33403206,-0.35781039,0.198192219,-0.35781039,0.198192219,0,0.0,Chinese,Chinese,No,0.172764545,0.080878489,0.31445,0.272727273,-15.67810264,299.8071977,-15.67810264,61.12786529,114.6436126,40.87597597,1.222410682,2.626612918,1.222410682,2.626612918,0,0.0,Chinese,Chinese,No,0.130859167,0.042229626,0.21484,0.083333333,10.63601985,33.09678937,10.63601985,100.1798432,116.6797991,35.52594827,0.0,0.0,0.0,0.0,0,0.0,Chinese,Chinese,No,0,High
0.248434474,0.16057718699999998,1.21484,0.19924812,15.49725906,132.83466629999998,15.49725906,99.58088112,96.57602001,54.94664067,0.361696072,0.445602994,0.361696072,0.445602994,4,0.0928775,0.233653125,0.134329871,0.93726,0.1875,11.64127825,187.6298023,11.64127825,98.98289103,94.71076205,49.27435342,0.412155844,0.4903790770000001,0.412155844,0.4903790770000001,1,0.09351,Chinese,English,Yes,0.24646025,0.169829554,1.21484,0.325,7.705503537,69.65022779,7.705503537,100.7579043,99.12593912,58.32858377,0.412341702,0.476307908,0.412341702,0.476307908,3,0.092666667,Chinese,Chinese,No,0.17608,0.064186473,0.30737,0.074074074,23.81784189,95.72406879,23.81784189,92.60058898,105.77029679999998,50.77975063,0.342334756,0.372292682,0.342334756,0.372292682,0,0.0,Chinese,Chinese,No,0.218993462,0.123915949,0.55615,0.153846154,-7.993241151,75.45385931,-7.993241151,99.81136042,110.1529258,56.06467749,0.412956437,0.34523343,0.412956437,0.34523343,0,0.0,Chinese,Chinese,No,0.3562016670000001,0.203627364,0.94385,0.083333333,48.11295872,137.10357280000002,48.11295872,92.36099102,81.81060395,65.60746494,0.160098969,0.2027457,0.160098969,0.2027457,0,0.0,Chinese,Chinese,No,0.37994,0.219237875,0.83081,0.076923077,61.4076495,29.58991023,61.4076495,93.76707026,75.66803521,43.26336871,-0.001037409,0.121204196,-0.001037409,0.121204196,0,0.0,Chinese,Chinese,No,0,High
0.236806731,0.127076067,0.65503,0.134615385,-2.0369624230000003,107.5118066,-2.0369624230000003,110.42592179999998,90.51285054,59.1776162,0.322603798,0.296106854,0.322603798,0.296106854,1,0.09163,0.24292,0.08435678699999999,0.4021,0.2,-52.81480186,36.42551833,-52.81480186,22.95480045,95.8454555,59.0390924,0.5204850529999999,0.075995418,0.5204850529999999,0.075995418,0,0.0,Chinese,English,Yes,0.20711,0.112177277,0.48218,0.176470588,3.4619992460000004,117.109634,3.4619992460000004,114.4648486,93.80300734,62.56810347,0.423876507,0.127291716,0.423876507,0.127291716,1,0.09163,Chinese,Chinese,No,0.253815,0.104289408,0.42212,0.0,28.10416468,121.1871256,28.10416468,109.2645416,105.9291029,36.24015131,0.135941053,0.248604825,0.135941053,0.248604825,0,0.0,Chinese,Chinese,No,0.43555,0.0,0.43555,0.0,-163.11343280000003,0.0,-163.11343280000003,0.0,70.55123291,0.0,-0.253138947,0.0,-0.253138947,0.0,0,0.0,Chinese,Chinese,No,0.397885,0.168453187,0.65503,0.0,-5.318973936,9.032707155,-5.318973936,104.0263411,30.03866119,30.11658313,-0.242986447,0.106909369,-0.242986447,0.106909369,0,0.0,Chinese,Chinese,No,0.0,0.0,0.0,0.0,0.0,0.0,0.0,0.0,0.0,0.0,0.0,0.0,0.0,0.0,0,0.0,Chinese,Chinese,No,0,High
0.254689884,0.116751439,0.75659,0.127906977,12.07182216,85.1578585,12.07182216,101.2677694,91.9796932,60.62976724,0.081198195,0.330786282,0.081198195,0.330786282,1,0.09306,0.22251,0.097605311,0.4558100000000001,0.0,-12.8240602,32.10122335,-12.8240602,88.08603005,82.24865283,54.80321035,0.297019719,0.17319691199999998,0.297019719,0.17319691199999998,0,0.0,Chinese,English,Yes,0.277359667,0.151547721,0.75659,0.166666667,39.66739552,120.52203459999998,39.66739552,100.8034204,89.0683976,62.63589676,0.211016053,0.26581573,0.211016053,0.26581573,1,0.09306,Chinese,Chinese,No,0.2541755,0.096097288,0.42773,0.15,-21.72628811,61.65086764,-21.72628811,90.06418059,96.37290192,63.36252289,-0.023014447,0.091842863,-0.023014447,0.091842863,0,0.0,Chinese,Chinese,No,0.239176667,0.056506656,0.32837,0.2,18.79475343,59.18679528,18.79475343,109.398636,93.30452814,57.39600614,-0.08713228099999999,0.094872302,-0.08713228099999999,0.094872302,0,0.0,Chinese,Chinese,No,0.24536,0.089268683,0.31543000000000004,0.0,122.355764,69.86663816,122.355764,30.53214022,94.59477807,61.30050628,-0.235462281,0.167642785,-0.235462281,0.167642785,0,0.0,Chinese,Chinese,No,0.279216667,0.12546806900000002,0.45557,0.0,-57.9823628,20.0398457,-57.9823628,55.65034399,131.2205334,43.48850229,-0.35647894700000005,0.104290428,-0.35647894700000005,0.104290428,0,0.0,Chinese,Chinese,No,0,High
0.219364828,0.10805644,0.70313,0.17816092,4.679444341,92.225059,4.679444341,101.1986669,93.73080165,55.05991309,0.178586876,0.302660111,0.178586876,0.302660111,4,0.111205,0.18661,0.084895305,0.42188,0.3,-8.167228909,95.37734569,-8.167228909,88.25179634,77.97632932,59.59569352,0.462234737,0.30922527,0.462234737,0.30922527,1,0.09282,Chinese,English,Yes,0.201175797,0.099095973,0.48242,0.217391304,1.416966489,93.80854695,1.416966489,101.9588483,93.37910255,52.52192057,0.305616641,0.266843841,0.305616641,0.266843841,2,0.09947,Chinese,Chinese,No,0.215169697,0.08568311,0.41504,0.121212121,21.73549958,83.39987071,21.73549958,109.3982195,103.8064851,46.52951006,0.106713311,0.133325587,0.106713311,0.133325587,1,0.15306,Chinese,Chinese,No,0.259637619,0.124871884,0.70313,0.14285714300000002,2.06424664,72.98553634,2.06424664,100.5322447,98.95934494,57.94145018,-0.026008709,0.163870162,-0.026008709,0.163870162,0,0.0,Chinese,Chinese,No,0.276976667,0.097297602,0.40259,0.0,8.017536972,61.74269366,8.017536972,94.44527368,71.54415514,58.43103526,-0.128428947,0.0588714,-0.128428947,0.0588714,0,0.0,Chinese,Chinese,No,0.2222275,0.175371093,0.52295,0.0,6.930534734,190.5083312,6.930534734,74.06819223,73.82584969,69.24998755,-0.16244894699999998,0.312978226,-0.16244894699999998,0.312978226,0,0.0,Chinese,Chinese,No,0,High
0.240944112,0.112206398,0.58911,0.08411215,3.477208915,102.0487084,3.477208915,98.17039988,104.3900459,55.18167047,0.149579888,0.293119519,0.149579888,0.293119519,1,0.08997999999999999,0.241735122,0.109175025,0.56934,0.097560976,-19.47247681,89.79291972,-19.47247681,94.76765038,106.7920191,53.87015940000001,0.253474803,0.149430124,0.253474803,0.149430124,1,0.08997999999999999,Chinese,English,Yes,0.240129714,0.12274032,0.58911,0.05714285700000001,14.86853182,132.7942393,14.86853182,103.0084359,95.44142791,50.35754471,0.199209178,0.229318641,0.199209178,0.229318641,0,0.0,Chinese,Chinese,No,0.236673529,0.102815875,0.46973,0.176470588,29.52519006,52.48076334,29.52519006,86.55663691,104.3112131,60.21245014,0.098496935,0.190390387,0.098496935,0.190390387,0,0.0,Chinese,Chinese,No,0.268652,0.117288152,0.42773,0.0,39.3248118,56.96409547,39.3248118,68.41925612,121.5401358,64.48348439,-0.178700947,0.073499491,-0.178700947,0.073499491,0,0.0,Chinese,Chinese,No,0.225237143,0.104178508,0.43555,0.0,7.765267646,81.10651053,7.765267646,92.00598125,119.6986654,58.79311999,-0.154997519,0.051352097,-0.154997519,0.051352097,0,0.0,Chinese,Chinese,No,0.260985,0.000245,0.26123,0.0,-51.43743713,53.13769351,-51.43743713,125.1591007,115.9650957,50.19725943,-0.401458947,0.058405,-0.401458947,0.058405,0,0.0,Chinese,Chinese,No,0,High
0.247024459,0.13783343,0.95068,0.094594595,18.14598416,106.337014,18.14598416,99.65547117,96.4393025,61.36953374,0.16734064199999998,0.386870393,0.16734064199999998,0.386870393,0,0.0,0.18877,0.076949568,0.30176,0.15,-8.623136212999999,58.37093717,-8.623136212999999,93.38084415,98.36742253,54.28956940000001,0.320258421,0.483857541,0.320258421,0.483857541,0,0.0,Chinese,English,Yes,0.303303889,0.195324443,0.95068,0.111111111,9.630570183,108.4021152,9.630570183,99.87511492,90.07704868,67.23997413,0.325158275,0.43950923,0.325158275,0.43950923,0,0.0,Chinese,Chinese,No,0.239468571,0.149337424,0.57617,0.0,85.2228264,197.2183406,85.2228264,77.70278443,94.02647558,56.90908336,0.16923391,0.363281061,0.16923391,0.363281061,0,0.0,Chinese,Chinese,No,0.24946350000000006,0.09706001,0.47559,0.1,19.89989924,93.79886274,19.89989924,101.1782181,99.03721406,62.1420174,0.009997053,0.120745113,0.009997053,0.120745113,0,0.0,Chinese,Chinese,No,0.325926667,0.099654246,0.48242,0.0,72.76059509,51.01711459,72.76059509,87.25979341,72.53731294,61.38295988,-0.098818947,0.060168755,-0.098818947,0.060168755,0,0.0,Chinese,Chinese,No,0.141276667,0.009786046,0.14844000000000002,0.0,-29.73535039,24.03538397,-29.73535039,73.71366941,157.8731901,6.634253491,-0.171185614,0.033154574,-0.171185614,0.033154574,0,0.0,Chinese,Chinese,No,0,High
0.220404038,0.113061784,0.60938,0.096153846,31.55744745,97.0682519,31.55744745,101.8605981,85.03711882,48.20375928,0.041739186,0.257899375,0.041739186,0.257899375,5,0.22362,0.22070375,0.08784653099999999,0.38281,0.125,6.565090556,99.55034734,6.565090556,96.96207066,91.85521852,43.33806603,0.38318,0.121149706,0.38318,0.121149706,0,0.0,Chinese,Chinese,No,0.241321111,0.135438324,0.53125,0.0,15.0346438,23.21056055,15.0346438,100.4951022,75.17445531,46.82610663,0.187208333,0.145291912,0.187208333,0.145291912,0,0.0,Chinese,Chinese,No,0.232641111,0.148953108,0.60938,0.111111111,62.20357291,33.87771965,62.20357291,91.01962989,91.22632404,47.48052979999999,0.12570499999999998,0.231778144,0.12570499999999998,0.231778144,2,0.23626,Chinese,Chinese,No,0.241408,0.109063753,0.5,0.2,41.46870905,56.59903343,41.46870905,92.39309997,81.59140075,41.32837445,-0.162268333,0.125993019,-0.162268333,0.125993019,0,0.0,Chinese,Chinese,No,0.195834,0.073147808,0.33594,0.066666667,21.35882016,153.7331262,21.35882016,109.2388004,90.26277569,53.10281088,-0.087175,0.133056166,-0.087175,0.133056166,3,0.215193333,Chinese,Chinese,No,0.07812999999999999,0.0,0.07812999999999999,0.0,158.25319950000005,0.0,158.25319950000005,0.0,19.62577336,0.0,-0.039495,0.0,-0.039495,0.0,0,0.0,Chinese,Chinese,No,0,Low
0.197691739,0.082168217,0.42188,0.057971014,19.08243538,110.2519223,19.08243538,98.00166089,112.6584494,53.89502121,0.07621515599999999,0.341764997,0.07621515599999999,0.341764997,2,0.224615,0.206252,0.111870114,0.42188,0.0,34.41903919,141.29974140000004,34.41903919,102.3953736,140.6340475,36.06211866,0.486627308,0.19050833600000006,0.486627308,0.19050833600000006,0,0.0,Chinese,English,Yes,0.219401667,0.07957441,0.35156,0.083333333,21.15840469,41.91547420000001,21.15840469,96.27231738,99.94848958,61.27160914,0.204719545,0.135282657,0.204719545,0.135282657,0,0.0,Chinese,Chinese,No,0.185371818,0.057995858,0.27344,0.090909091,18.53748885,91.66510969,18.53748885,114.8392842,91.65327789,57.98404009,0.17069409100000002,0.268487563,0.17069409100000002,0.268487563,1,0.21353000000000005,Chinese,Chinese,No,0.20493000000000006,0.076739605,0.3125,0.153846154,27.70247441,146.81838090000005,27.70247441,98.60356873,129.4251965,51.18119748,-0.166032273,0.126273739,-0.166032273,0.126273739,1,0.2357,Chinese,Chinese,No,0.16823,0.050699808,0.28125,0.0,-15.43484929,34.10717189,-15.43484929,75.14738642,103.6473278,49.03914210000001,-0.202596333,0.142130303,-0.202596333,0.142130303,0,0.0,Chinese,Chinese,No,0.229166667,0.091182314,0.35156,0.0,71.32659740000003,145.68885600000004,71.32659740000003,49.75471957,73.03896393,14.62593582,-0.237545,0.016734733,-0.237545,0.016734733,0,0.0,Chinese,Chinese,No,0,Low
0.22285275,0.125899661,0.69531,0.075,28.2144783,72.08442572,28.2144783,94.12979528,97.21251,54.93218062,-0.035858333,0.344511257,-0.035858333,0.344511257,3,0.187706667,0.375,0.146621427,0.69531,0.111111111,19.34882955,60.0979068,19.34882955,90.57032062,70.33010421,49.07882934,0.24941875,0.122150743,0.24941875,0.122150743,2,0.154425,Chinese,English,Yes,0.16406500000000002,0.073702183,0.28125,0.0,68.85306913,138.7452296,68.85306913,82.52173912,145.8744706,10.33625351,0.1655675,0.096561512,0.1655675,0.096561512,0,0.0,Chinese,Chinese,No,0.187505,0.015625,0.20313,0.0,97.32006722,102.3804874,97.32006722,9.190275736,103.839065,54.31334741,0.019315,0.0,0.019315,0.0,0,0.0,Chinese,Chinese,No,0.184151429,0.063313198,0.30469,0.14285714300000002,29.60807479,41.56983436,29.60807479,70.64389083,102.0965122,59.66136486,0.039262143,0.229898299,0.039262143,0.229898299,0,0.0,Chinese,Chinese,No,0.197445455,0.092324414,0.39844,0.090909091,12.62809737,54.781783,12.62809737,100.8305049,90.44572003,53.81578122,-0.260593889,0.07346833400000001,-0.260593889,0.07346833400000001,1,0.25427,Chinese,Chinese,No,0.149554286,0.04877695,0.25,0.0,19.7459515,31.88683584,19.7459515,111.0730553,107.824992,51.26864718,-0.271046429,0.147289897,-0.271046429,0.147289897,0,0.0,Chinese,Chinese,No,0,Low
0.189425797,0.08815233199999999,0.54688,0.086956522,21.79614293,101.3228795,21.79614293,94.03939234,88.01070744,58.85321391,0.045087031,0.351905679,0.045087031,0.351905679,4,0.230755,0.257325625,0.118208411,0.54688,0.0625,-43.19639987,57.39466722,-43.19639987,92.56220743,87.74013324,58.56216703,0.4338010000000001,0.139513979,0.4338010000000001,0.139513979,1,0.19499,Chinese,English,Yes,0.19043125,0.092433829,0.39844,0.125,23.25005576,140.0467401,23.25005576,67.50391078,114.7418096,68.38136018,0.20314125,0.198820084,0.20314125,0.198820084,0,0.0,Chinese,Chinese,No,0.158380909,0.042412545,0.22656,0.090909091,20.45836458,63.21926289,20.45836458,69.13291578,68.36460635,58.72775897,0.132618,0.341648671,0.132618,0.341648671,0,0.0,Chinese,Chinese,No,0.190104444,0.062391422,0.29688000000000003,0.0,55.36420301,83.37852645,55.36420301,81.30699765,84.32617482,62.91785936,-0.161739444,0.143140078,-0.161739444,0.143140078,1,0.25993,Chinese,Chinese,No,0.165626,0.058754694,0.32031,0.15,51.65530239,131.3652193,51.65530239,91.55591405,84.89910616,51.6900071,-0.213362647,0.116543682,-0.213362647,0.116543682,2,0.23405,Chinese,Chinese,No,0.13281400000000002,0.04163429,0.21094,0.0,50.52998572,17.39586191,50.52998572,106.9715757,108.4067676,38.34649492,-0.297987,0.061182064,-0.297987,0.061182064,0,0.0,Chinese,Chinese,No,0,Low
0.185880566,0.109735928,0.60938,0.113207547,22.34164566,50.89657745,22.34164566,88.80189746,85.96712096,51.38610504,-0.171033723,0.246778262,-0.171033723,0.246778262,2,0.320765,0.168752,0.03514619,0.22656,0.2,17.48676081,37.59793123,17.48676081,70.87399544,65.09099551,62.89548864,0.240785,0.034562758,0.240785,0.034562758,0,0.0,English,Chinese,Yes,0.320315,0.157514229,0.5,0.0,77.33226938,62.35321408,77.33226938,92.32098577,56.76500720000001,33.34449785,0.1011125,0.080248562,0.1011125,0.080248562,0,0.0,English,English,No,0.163088125,0.045374934000000006,0.23438,0.125,32.18182928,42.59635944,32.18182928,67.16481647,102.9261867,50.6186703,-0.113452143,0.116416894,-0.113452143,0.116416894,1,0.36699,English,English,No,0.17890799999999998,0.092268629,0.40625,0.1,-34.60697955,43.82354911,-34.60697955,84.67248458,94.32195263,48.4907553,-0.3384575,0.11360618,-0.3384575,0.11360618,0,0.0,Chinese,English,Yes,0.189304615,0.082460613,0.36719,0.153846154,30.44818357,58.22809484,30.44818357,110.3947465,72.8060002,43.40825213,-0.378364091,0.105428573,-0.378364091,0.105428573,1,0.27454,Chinese,Chinese,No,0.17344,0.220385901,0.60938,0.0,44.53569584,48.99683913,44.53569584,37.21067301,93.44517781,51.56571967,-0.237793,0.18120103,-0.237793,0.18120103,0,0.0,Chinese,Chinese,No,0,Low
0.14801272699999998,0.065507283,0.35938000000000003,0.127272727,25.6813009,98.05815093,25.6813009,100.6294121,92.23014997,52.34207877,-0.06567554099999999,0.329686154,-0.06567554099999999,0.329686154,6,0.090336667,0.153646667,0.055550922,0.26563000000000003,0.0,1.347639496,197.605957,1.347639496,79.09798157,134.0933406,45.45425719,0.4721,0.213249646,0.4721,0.213249646,1,0.19303,English,Chinese,Yes,0.156252,0.046086959,0.21875,0.0,-18.82941941,86.07213419,-18.82941941,104.555845,108.4512192,55.70891298,0.186791,0.29348942,0.186791,0.29348942,1,0.23972,English,English,No,0.11425875,0.053552226,0.20313,0.0,62.28763261,32.53417402,62.28763261,111.8194398,104.8684015,53.59221638,-0.030765,0.11261967,-0.030765,0.11261967,1,0.00827,English,English,No,0.161135,0.091479827,0.35938000000000003,0.25,26.56278399,92.08613525,26.56278399,98.50748495,72.24382135,44.25028577,-0.062563571,0.109629322,-0.062563571,0.109629322,1,0.03429,Chinese,English,Yes,0.1542975,0.043190211,0.25,0.125,13.95563812,59.39659502,13.95563812,100.9592903,87.15877021,50.04890231,-0.405663889,0.120468517,-0.405663889,0.120468517,2,0.033355,Chinese,Chinese,No,0.1191425,0.030940361,0.16405999999999998,0.25,87.98424872,73.84803617,87.98424872,33.37708321,84.11335801,45.30347374,-0.48076,0.073822899,-0.48076,0.073822899,0,0.0,Chinese,Chinese,No,0,Low
0.433037143,0.253149215,0.8593799999999999,0.14285714300000002,23.85637817,219.313357,23.85637817,94.9818738,92.22311704,58.48472763,0.14875666699999998,0.612452226,0.14875666699999998,0.612452226,0,0.0,0.0,0.0,0.0,0.0,0.0,0.0,0.0,0.0,0.0,0.0,0.0,0.0,0.0,0.0,0,0.0,Chinese,English,Yes,0.3125,0.1875,0.5,0.0,-66.03089143,217.3764606,-66.03089143,39.89784232,59.08504961,24.43605545,1.217558667,0.0,1.217558667,0.0,0,0.0,Chinese,Chinese,No,0.46875,0.0,0.46875,0.0,-97.34164138,0.0,-97.34164138,0.0,163.9484124,0.0,0.4918886670000001,0.0,0.4918886670000001,0.0,0,0.0,Chinese,Chinese,No,0.0,0.0,0.0,0.0,0.0,0.0,0.0,0.0,0.0,0.0,0.0,0.0,0.0,0.0,0,0.0,Chinese,Chinese,No,0.5,0.125,0.625,0.5,123.7933303,77.92603131,123.7933303,44.72467832,90.24909984,0.301543522,-0.406941333,0.11841,-0.406941333,0.11841,0,0.0,Chinese,Chinese,No,0.468755,0.390625,0.8593799999999999,0.0,74.4057054,212.7413891,74.4057054,4.059859568,91.47255398,87.74713356,-0.15178133300000002,0.0,-0.15178133300000002,0.0,0,0.0,Chinese,Chinese,No,0,Low
0.3703145,0.250443542,1.125,0.05,29.42631854,119.21110690000002,29.42631854,92.28070296,98.76087429,58.68501198,-0.191415833,0.426163894,-0.191415833,0.426163894,0,0.0,0.218752,0.14079961400000002,0.48438,0.0,75.65451965,129.5065504,75.65451965,50.49594895,73.07132374,39.61251413,-0.401895333,0.184947271,-0.401895333,0.184947271,0,0.0,Chinese,English,Yes,0.245538571,0.11920648,0.48438,0.14285714300000002,-10.15339739,102.6722023,-10.15339739,107.1634015,80.84657890000003,62.96250962,0.350307238,0.48625562,0.350307238,0.48625562,0,0.0,Chinese,Chinese,No,0.40625,0.0,0.40625,0.0,71.43998570000002,0.0,71.43998570000002,0.0,169.93890080000003,0.0,-0.081991333,0.0,-0.081991333,0.0,0,0.0,Chinese,Chinese,No,0.875,0.25,1.125,0.0,-1.7359443730000002,160.09252949999996,-1.7359443730000002,83.23702926,161.5357292,16.49446477,-0.117066333,0.053255,-0.117066333,0.053255,0,0.0,Chinese,Chinese,No,0.36719,0.16405999999999998,0.53125,0.0,102.8001394,25.83574035,102.8001394,23.26886047,135.7864178,2.324138741,-1.139771333,0.319585,-1.139771333,0.319585,0,0.0,Chinese,Chinese,No,0.56771,0.092293219,0.64063,0.0,2.586392896,23.67273669,2.586392896,89.35080406,93.11720667,61.63533908,-0.558441333,0.175239707,-0.558441333,0.175239707,0,0.0,Chinese,Chinese,No,0,Low
0.664065,0.304685,0.96875,0.0,71.85876163,31.35058677,71.85876163,0.144064306,114.8015879,33.35278091,-0.471461333,0.08642000000000001,-0.471461333,0.08642000000000001,0,0.0,0.0,0.0,0.0,0.0,0.0,0.0,0.0,0.0,0.0,0.0,0.0,0.0,0.0,0.0,0,0.0,Chinese,English,Yes,0.0,0.0,0.0,0.0,0.0,0.0,0.0,0.0,0.0,0.0,0.0,0.0,0.0,0.0,0,0.0,Chinese,Chinese,No,0.0,0.0,0.0,0.0,0.0,0.0,0.0,0.0,0.0,0.0,0.0,0.0,0.0,0.0,0,0.0,Chinese,Chinese,No,0.96875,0.0,0.96875,0.0,72.00282593,0.0,72.00282593,0.0,148.1543689,0.0,-0.499921333,0.0,-0.499921333,0.0,0,0.0,Chinese,Chinese,No,0.0,0.0,0.0,0.0,0.0,0.0,0.0,0.0,0.0,0.0,0.0,0.0,0.0,0.0,0,0.0,Chinese,Chinese,No,0.35938000000000003,0.0,0.35938000000000003,0.0,71.71469732,0.0,71.71469732,0.0,81.44880704,0.0,-0.443001333,0.0,-0.443001333,0.0,0,0.0,Chinese,Chinese,No,0,Low
0.383597,0.292879124,1.26563,0.0,30.28602371,123.75267240000002,30.28602371,97.25171974,129.8952875,51.67167109,-0.08612133300000001,0.458924156,-0.08612133300000001,0.458924156,0,0.0,0.218755,0.068107796,0.29688000000000003,0.0,-48.31923886,76.60714934,-48.31923886,90.28974944,114.6733053,70.92144335,0.010156167,0.052935219000000006,0.010156167,0.052935219000000006,0,0.0,Chinese,English,Yes,0.178126,0.036441563,0.21875,0.0,54.65638408,91.34124699,54.65638408,97.46089329,134.37572,46.31199587,0.3744826670000001,0.631437151,0.3744826670000001,0.631437151,0,0.0,Chinese,Chinese,No,0.281253333,0.079672834,0.39063,0.0,70.3308853,210.7266588,70.3308853,113.0795707,140.73939109999995,7.250839082000001,0.185322,0.080987352,0.185322,0.080987352,0,0.0,Chinese,Chinese,No,0.6875,0.0,0.6875,0.0,59.89805848,0.0,59.89805848,0.0,151.8879227,0.0,-0.220061333,0.0,-0.220061333,0.0,0,0.0,Chinese,Chinese,No,0.468755,0.015625,0.48438,0.0,91.64191505,26.41894661,91.64191505,3.631779219,162.09623340000005,10.64020813,-0.433081333,0.06403500000000001,-0.433081333,0.06403500000000001,0,0.0,Chinese,Chinese,No,0.687504,0.387549594,1.26563,0.0,14.30819295,51.95964384,14.30819295,75.48588625,113.8070732,58.20661368,-0.621041333,0.236382341,-0.621041333,0.236382341,0,0.0,Chinese,Chinese,No,0,Low
0.476563333,0.144828675,0.65625,0.0,53.84270042,111.1660418,53.84270042,80.12026732,108.71088190000002,51.32353933,0.020213667,0.256985408,0.020213667,0.256985408,1,0.10576,0.0,0.0,0.0,0.0,0.0,0.0,0.0,0.0,0.0,0.0,0.0,0.0,0.0,0.0,0,0.0,Chinese,English,Yes,0.0,0.0,0.0,0.0,0.0,0.0,0.0,0.0,0.0,0.0,0.0,0.0,0.0,0.0,0,0.0,Chinese,Chinese,No,0.4375,0.09375,0.53125,0.0,35.65035345,63.66666008,35.65035345,35.31329827,63.89651072,45.47689275,0.109188667,0.042985,0.109188667,0.042985,1,0.10576,Chinese,Chinese,No,0.59375,0.0,0.59375,0.0,-87.69940473,0.0,-87.69940473,0.0,162.1757773,0.0,0.16623866699999998,0.0,0.16623866699999998,0.0,0,0.0,Chinese,Chinese,No,0.5,0.0,0.5,0.0,87.66507408,0.0,87.66507408,0.0,174.650032,0.0,-0.283601333,0.0,-0.283601333,0.0,0,0.0,Chinese,Chinese,No,0.445315,0.210935,0.65625,0.0,125.8949131,12.68467554,125.8949131,43.57980702,93.82323046,0.982844508,0.010133667,0.03905,0.010133667,0.03905,0,0.0,Chinese,Chinese,No,0,Low
0.325151429,0.156147171,0.6875,0.047619048,2.182982761,109.2747046,2.182982761,99.95551103,99.34492855,50.07477716,0.129542476,0.418298469,0.129542476,0.418298469,2,0.136265,0.333336667,0.106994207,0.48438,0.0,-26.72006827,22.21749004,-26.72006827,46.53876172,111.4824736,49.36800152,0.249308667,0.173425492,0.249308667,0.173425492,0,0.0,Chinese,English,Yes,0.268231667,0.15817008400000002,0.54688,0.0,-34.62074903,77.98099571,-34.62074903,119.9313808,83.53572753,27.87048651,0.16271866699999998,0.492105236,0.16271866699999998,0.492105236,0,0.0,Chinese,Chinese,No,0.320315,0.13096091699999998,0.59375,0.125,27.74865455,121.9732878,27.74865455,83.91430605,97.17122711,58.55854633,0.168051167,0.315816553,0.168051167,0.315816553,0,0.0,Chinese,Chinese,No,0.48438,0.0,0.48438,0.0,-147.08937769999997,0.0,-147.08937769999997,0.0,133.0577009,0.0,-0.30277133300000003,0.0,-0.30277133300000003,0.0,0,0.0,Chinese,Chinese,No,0.24219,0.007809999999999998,0.25,0.0,92.62591743,7.800416841,92.62591743,23.24265488,84.99366524,48.521025,-0.222661333,0.074455,-0.222661333,0.074455,2,0.136265,Chinese,Chinese,No,0.6875,0.0,0.6875,0.0,73.57564335,0.0,73.57564335,0.0,170.1668652,0.0,0.399838667,0.0,0.399838667,0.0,0,0.0,Chinese,Chinese,No,0,Low
0.27799122800000003,0.13140869800000002,0.76367,0.052631579000000005,8.570727394,99.95443359,8.570727394,99.22079462,95.11628715,62.94484062,0.22750133600000005,0.363573063,0.22750133600000005,0.363573063,3,0.218293333,0.274414286,0.164551798,0.76367,0.071428571,-3.080804225,61.09993922,-3.080804225,110.6248179,96.56123455,66.27907029,0.596669248,0.395819312,0.596669248,0.395819312,2,0.199865,Chinese,Chinese,No,0.266145,0.10807579,0.49512,0.125,38.8841387,29.07218029,38.8841387,91.14325596,89.39501909,60.22696269,0.334530855,0.255792885,0.334530855,0.255792885,0,0.0,Chinese,Chinese,No,0.305258889,0.116435292,0.51025,0.0,-23.62164283,78.51114347,-23.62164283,57.24347455,113.14717240000002,53.15427095,0.098834962,0.102570417,0.098834962,0.102570417,0,0.0,Chinese,Chinese,No,0.281445333,0.142030452,0.52612,0.066666667,8.595315793,160.2905771,8.595315793,111.71521609999998,85.63992595,58.58668137,0.037231391,0.109895553,0.037231391,0.109895553,1,0.25515,Chinese,Chinese,No,0.234551429,0.078712612,0.3418,0.0,10.4423884,30.73185884,10.4423884,77.51470026,101.5896086,59.85954599,0.050050105,0.124914924,0.050050105,0.124914924,0,0.0,Chinese,Chinese,No,0.3159175,0.064528327,0.39575,0.0,57.78948521,22.33035843,57.78948521,95.28402769,85.14005745,83.76427975,-0.165720395,0.160059358,-0.165720395,0.160059358,0,0.0,Chinese,Chinese,No,0,High
0.228497368,0.08924863400000001,0.4289600000000001,0.026315789,16.11697423,141.36259180000005,16.11697423,100.9450398,100.5411532,58.00173390000001,0.123832105,0.392529095,0.123832105,0.392529095,0,0.0,0.189088333,0.019429619,0.21509,0.166666667,23.55564504,103.3718959,23.55564504,92.99285207,94.75494353,62.94238484,0.431902105,0.493693169,0.431902105,0.493693169,0,0.0,Chinese,English,Yes,0.279688,0.093814015,0.4289600000000001,0.0,53.07400858,39.85217866,53.07400858,125.8996487,114.1464916,51.17780563,0.453787105,0.361163095,0.453787105,0.361163095,0,0.0,Chinese,Chinese,No,0.21743875,0.07297817599999999,0.32031,0.0,37.48035104,254.8967796,37.48035104,93.69283981,90.36912922,48.60990368,0.336242105,0.190740143,0.336242105,0.190740143,0,0.0,Chinese,Chinese,No,0.17393428600000002,0.066977645,0.30762,0.0,-48.44025237,106.1600879,-48.44025237,48.57834488,147.906733,38.15894794,0.114373772,0.130586495,0.114373772,0.130586495,0,0.0,Chinese,Chinese,No,0.251492222,0.09901948,0.42285,0.0,-7.0192567320000006,61.03552856,-7.0192567320000006,100.9725831,65.22816966,53.22556031,-0.199600117,0.12016784,-0.199600117,0.12016784,0,0.0,Chinese,Chinese,No,0.309816667,0.091874895,0.37769,0.0,102.7177922,18.8428532,102.7177922,58.50722357,111.9826705,48.6694241,-0.5094612279999999,0.176547029,-0.5094612279999999,0.176547029,0,0.0,Chinese,Chinese,No,0,High
0.267690632,0.14443116,0.8571799999999999,0.105263158,14.90108617,114.5999837,14.90108617,92.28539473,92.70372375,64.45635147,0.344620401,0.396677409,0.344620401,0.396677409,2,0.18117,0.236972,0.094534778,0.46948,0.08,22.46291175,106.9942354,22.46291175,94.37625025,79.22950227,61.75284515,0.446895287,0.537990778,0.446895287,0.537990778,1,0.13354000000000002,Chinese,English,Yes,0.313419231,0.129510146,0.54956,0.153846154,49.63679814,89.30028529,49.63679814,69.41977158,110.7793082,59.7176942,0.380112939,0.400584194,0.380112939,0.400584194,1,0.2288,Chinese,Chinese,No,0.28309470600000003,0.139736979,0.62964,0.147058824,-11.85209319,105.9424681,-11.85209319,96.22638052,105.4911873,61.84957228,0.42888453,0.229320098,0.42888453,0.229320098,0,0.0,Chinese,Chinese,No,0.203509286,0.187149175,0.8571799999999999,0.071428571,17.15818984,83.84296198,17.15818984,73.15360467,110.30727179999998,66.61441932,0.223292874,0.256520316,0.223292874,0.256520316,0,0.0,Chinese,Chinese,No,0.22941,0.082458731,0.34839000000000003,0.0,9.525183058,219.6528485,9.525183058,99.42744994,18.59562639,16.76596477,-0.125391895,0.086257044,-0.125391895,0.086257044,0,0.0,Chinese,Chinese,No,0.527016667,0.077822355,0.604,0.0,104.7858097,89.91980347,104.7858097,54.05257159,47.80308659,21.86725176,-0.165164561,0.088995219,-0.165164561,0.088995219,0,0.0,Chinese,Chinese,No,0,High
0.241881275,0.137970307,0.95166,0.049019608,22.11579195,129.456986,22.11579195,100.1891397,95.89059132,58.76279047,0.081043033,0.367779073,0.081043033,0.367779073,2,0.13842000000000002,0.319036667,0.128563498,0.6167,0.055555556,-11.195468,144.7625858,-11.195468,98.09415594,96.36973214,63.44727085,0.664922661,0.160615346,0.664922661,0.160615346,0,0.0,Chinese,English,Yes,0.3146575,0.109997534,0.44873,0.083333333,23.71264295,96.79907165,23.71264295,74.42504959,97.27133238,57.48378848,0.255183772,0.14684518400000002,0.255183772,0.14684518400000002,0,0.0,Chinese,Chinese,No,0.290364583,0.175704324,0.95166,0.0,46.70712024,110.9567551,46.70712024,106.01663,100.3968403,63.12442697,0.048924378,0.119931998,0.048924378,0.119931998,1,0.2381,Chinese,Chinese,No,0.16892142899999998,0.062901208,0.30078,0.095238095,2.401585177,104.4661269,2.401585177,94.81600261,91.03248826,50.27520617,-0.106138847,0.164452076,-0.106138847,0.164452076,0,0.0,Chinese,Chinese,No,0.159753913,0.058322026,0.31494,0.043478261,21.78509562,152.6980841,21.78509562,101.6626738,98.81025,56.56002660000001,-0.25629456100000003,0.193923407,-0.25629456100000003,0.193923407,0,0.0,Chinese,Chinese,No,0.240725,0.160191972,0.4956100000000001,0.0,125.0790284,170.6813115,125.0790284,26.68819554,71.27174427,59.53915095,-0.211624561,0.049513238,-0.211624561,0.049513238,1,0.03874,Chinese,Chinese,No,0,High
0.3749485420000001,0.276342768,1.29004,0.0625,23.38035187,108.8028158,23.38035187,95.56765354,91.00307058,65.16113888,0.116832105,0.455815125,0.116832105,0.455815125,3,0.21813,0.283818261,0.211399532,0.95166,0.130434783,19.81892893,87.66031357,19.81892893,94.66136217,100.577821,64.65193884,0.234288469,0.5436733,0.234288469,0.5436733,1,0.21505,Chinese,English,Yes,0.412986,0.323496422,0.97119,0.0,47.77850279,103.6474628,47.77850279,81.41170969,86.8116173,44.25012272,0.436224605,0.4186144020000001,0.436224605,0.4186144020000001,2,0.21967,Chinese,Chinese,No,0.48926,0.02002,0.5092800000000001,0.0,67.04111287,39.24461613,67.04111287,74.96259173,52.16613389,49.30717771,0.118932105,0.037455,0.118932105,0.037455,0,0.0,Chinese,Chinese,No,0.496547143,0.34460347700000005,1.29004,0.0,11.14524012,150.3363992,11.14524012,103.9264403,72.55408641,64.64407314,-0.076420395,0.178984482,-0.076420395,0.178984482,0,0.0,Chinese,Chinese,No,0.36865,0.069919712,0.44238,0.0,34.35335576,26.57953801,34.35335576,82.23244045,125.1774852,70.46851524,-0.269862895,0.043307054000000005,-0.269862895,0.043307054000000005,0,0.0,Chinese,Chinese,No,0.0,0.0,0.0,0.0,0.0,0.0,0.0,0.0,0.0,0.0,0.0,0.0,0.0,0.0,0,0.0,Chinese,Chinese,No,0,High
0.2811765,0.143643871,0.6665,0.075,47.62516166,83.84855453,47.62516166,93.41671851,89.90491647,54.85590653,0.207782646,0.424819819,0.207782646,0.424819819,1,0.24862,0.17242249999999998,0.110718344,0.35547,0.0,42.77962259,64.48268094,42.77962259,117.23369479999998,63.59785796,57.47816222,0.429192105,0.466067075,0.429192105,0.466067075,0,0.0,Chinese,English,Yes,0.29459555600000004,0.189399157,0.6665,0.222222222,51.49112099,102.0029384,51.49112099,98.63501962,77.43924674,58.97804498,0.603098355,0.383053185,0.603098355,0.383053185,1,0.24862,Chinese,Chinese,No,0.270181667,0.084060309,0.38232,0.0,43.51003018,120.8361262,43.51003018,85.84884322,120.0331563,28.82587954,0.280077105,0.134881312,0.280077105,0.134881312,0,0.0,Chinese,Chinese,No,0.344605,0.12614226,0.5170899999999999,0.125,71.98943254,49.58923412,71.98943254,95.85279151,109.0365405,56.22455924,-0.033969145,0.042285158,-0.033969145,0.042285158,0,0.0,Chinese,Chinese,No,0.3978275,0.063358039,0.4975600000000001,0.0,0.473936629,35.78761294,0.473936629,47.67647257,95.08616661,37.79284797,-0.178147895,0.069992296,-0.178147895,0.069992296,0,0.0,Chinese,Chinese,No,0.249416,0.077527637,0.40088,0.0,52.0956018,42.99528157,52.0956018,45.99447233,83.52492922,46.95205499,-0.203087895,0.07736203900000001,-0.203087895,0.07736203900000001,0,0.0,Chinese,Chinese,No,0,High
0.241307661,0.106977789,0.53125,0.201612903,16.1889399,92.31466774,16.1889399,97.04493009,98.24965664,58.97921872,-0.204633099,0.202119863,-0.204633099,0.202119863,1,0.06262000000000001,0.24512,0.101218114,0.46875,0.1875,-6.431890895,129.3803335,-6.431890895,84.35926242,97.01151405,71.75885129999998,0.128371667,0.144711265,0.128371667,0.144711265,1,0.06262000000000001,Chinese,Chinese,No,0.2226575,0.134581618,0.53125,0.125,62.77340505,66.28551563,62.77340505,74.49467647,124.1720568,43.82045976,-0.008995,0.131913034,-0.008995,0.131913034,0,0.0,Chinese,Chinese,No,0.22591375,0.095999398,0.5,0.208333333,13.02359189,75.43053797,13.02359189,99.48850146,104.6105255,49.06053525,-0.168387917,0.116323156,-0.168387917,0.116323156,0,0.0,Chinese,Chinese,No,0.247535,0.111037798,0.51563,0.315789474,9.755945344,56.82984408,9.755945344,102.6724723,82.91932647,62.68154183,-0.250056842,0.093016052,-0.250056842,0.093016052,0,0.0,Chinese,Chinese,No,0.238285,0.06663775799999999,0.29688000000000003,0.0,94.88108566,31.81106387,94.88108566,26.81476458,138.2523951,15.9361367,-0.27539250000000004,0.050126828,-0.27539250000000004,0.050126828,0,0.0,Chinese,Chinese,No,0.248163824,0.107237482,0.5,0.117647059,16.03926737,113.0993621,16.03926737,96.46647171,100.6705926,55.20102051,-0.352563824,0.066964623,-0.352563824,0.066964623,0,0.0,Chinese,Chinese,No,0,Low
0.243975714,0.124868285,0.90625,0.17857142899999998,10.19274151,104.9807916,10.19274151,93.3562982,87.54140607,58.85250284,-0.15251795,0.194044513,-0.15251795,0.194044513,0,0.0,0.220426071,0.098763197,0.51563,0.17857142899999998,1.955915338,95.91500029,1.955915338,86.77503262,102.1397804,48.79279818,0.06722178599999999,0.16863120199999998,0.06722178599999999,0.16863120199999998,0,0.0,Chinese,English,Yes,0.175554118,0.055054393,0.28125,0.117647059,-2.1252773940000003,154.36726169999997,-2.1252773940000003,85.88916087,82.28061741,61.18683312,-0.0325525,0.116412519,-0.0325525,0.116412519,0,0.0,Chinese,Chinese,No,0.245539048,0.12445376,0.625,0.19047619,27.06261567,62.3125495,27.06261567,76.87437488,70.13944879,51.15208926,-0.147843571,0.12984621400000002,-0.147843571,0.12984621400000002,0,0.0,Chinese,Chinese,No,0.24665428600000006,0.112752603,0.59375,0.238095238,27.25614812,69.89025448,27.25614812,94.38424379,82.54090023,58.16813714,-0.242468333,0.091279143,-0.242468333,0.091279143,0,0.0,Chinese,Chinese,No,0.30423,0.1824612,0.90625,0.176470588,-31.71482898,134.766841,-31.71482898,113.5653948,86.68897733,68.53293546,-0.271378529,0.076655259,-0.271378529,0.076655259,0,0.0,Chinese,Chinese,No,0.287502667,0.128442464,0.625,0.066666667,15.62845603,120.933952,15.62845603,86.95619436,105.5835769,62.69379751,-0.310636333,0.091689921,-0.310636333,0.091689921,0,0.0,Chinese,Chinese,No,0,Low
0.243798382,0.118001099,0.67188,0.132352941,21.48523761,102.1901182,21.48523761,88.76799945,90.3402036,53.29309491,-0.161114853,0.166674365,-0.161114853,0.166674365,0,0.0,0.214064,0.09607965,0.42188,0.1,15.97222009,63.65688732,15.97222009,89.12313172,48.3032882,50.60078746,0.080713,0.107241867,0.080713,0.107241867,0,0.0,Chinese,English,Yes,0.203126,0.08614921699999999,0.34375,0.0,29.35445483,24.15054134,29.35445483,54.07318950000001,99.16407382,38.20921994,-0.006389,0.105347275,-0.006389,0.105347275,0,0.0,Chinese,Chinese,No,0.259675714,0.144858281,0.67188,0.28571428600000004,7.565521177999999,100.8705085,7.565521177999999,102.0999855,83.66380133,54.34108542,-0.122445,0.13051088800000002,-0.122445,0.13051088800000002,0,0.0,Chinese,Chinese,No,0.20117375,0.079071462,0.375,0.0625,21.81053628,49.43992192,21.81053628,84.14418263,98.07496441,47.84115307,-0.23773875,0.118616929,-0.23773875,0.118616929,0,0.0,Chinese,Chinese,No,0.29219,0.10598524,0.46875,0.1,42.03655227,192.5033399,42.03655227,77.51010518,119.6383878,39.51078689,-0.326786,0.06560221599999999,-0.326786,0.06560221599999999,0,0.0,Chinese,Chinese,No,0.304691667,0.105876334,0.5,0.0,37.71527239,59.01034518,37.71527239,80.63478885,106.9595762,51.29687915,-0.347995,0.081875196,-0.347995,0.081875196,0,0.0,Chinese,Chinese,No,0,Low
0.225304731,0.098056706,0.5,0.11827957,20.94840844,121.300148,20.94840844,106.4029137,98.40614823,54.49554827,-0.134012957,0.181198823,-0.134012957,0.181198823,0,0.0,0.27284,0.103393789,0.48438,0.076923077,24.34006324,190.9647391,24.34006324,114.9378312,101.2652771,54.80106268,0.132640385,0.099244484,0.132640385,0.099244484,0,0.0,Chinese,English,Yes,0.19643,0.095173295,0.34375,0.0,8.110760917,145.25173869999998,8.110760917,114.3358397,107.6736615,60.08540909,-0.062495,0.135600625,-0.062495,0.135600625,0,0.0,Chinese,Chinese,No,0.214640263,0.099642749,0.5,0.184210526,-6.813287356,78.38129948,-6.813287356,106.9687541,88.48355766,49.71099448,-0.113288947,0.106226433,-0.113288947,0.106226433,0,0.0,Chinese,Chinese,No,0.204242857,0.097123962,0.46875,0.0,60.80878227,83.4292975,60.80878227,84.43831385,113.2832922,46.75026381,-0.195521429,0.076694895,-0.195521429,0.076694895,0,0.0,Chinese,Chinese,No,0.246096667,0.092245736,0.4375,0.166666667,58.66843299999999,155.1341077,58.66843299999999,102.1767739,102.684871,58.46471119,-0.309285,0.142628469,-0.309285,0.142628469,0,0.0,Chinese,Chinese,No,0.229168889,0.05705494,0.3125,0.111111111,30.95184533,50.63496846,30.95184533,80.92794005,100.1164243,65.4566456,-0.332929444,0.079005432,-0.332929444,0.079005432,0,0.0,Chinese,Chinese,No,0,Low
0.244533333,0.14542744,0.6875,0.066666667,26.84022139,112.7698397,26.84022139,93.51445569,90.2100101,56.37506266,-0.042459655,0.183692456,-0.042459655,0.183692456,0,0.0,0.254169333,0.141082984,0.65625,0.066666667,17.52270761,166.5678941,17.52270761,97.95990592,107.8684585,52.35142204,0.228555,0.25560952600000003,0.228555,0.25560952600000003,0,0.0,Chinese,English,Yes,0.25521,0.108505552,0.39063,0.0,127.6059304,79.25133567,127.6059304,25.05154074,20.62181165,3.3397055310000003,0.243955,0.160111551,0.243955,0.160111551,0,0.0,Chinese,Chinese,No,0.237218182,0.187595805,0.65625,0.090909091,25.21795794,96.38480223,25.21795794,78.5274687,95.56181728,53.28924889,-0.142074091,0.105392018,-0.142074091,0.105392018,0,0.0,Chinese,Chinese,No,0.197918667,0.095071483,0.375,0.066666667,11.10405586,26.0585539,11.10405586,92.54380242,94.62200004,50.30076286,-0.117550333,0.090123252,-0.117550333,0.090123252,0,0.0,Chinese,Chinese,No,0.264205455,0.113547187,0.4375,0.090909091,10.6923168,111.7251978,10.6923168,105.7363457,80.35361448,61.26948068,-0.229932778,0.07792982700000001,-0.229932778,0.07792982700000001,0,0.0,Chinese,Chinese,No,0.321878,0.200729311,0.6875,0.0,80.63620356,91.6812447,80.63620356,36.73621998,75.66170861,58.52075471,-0.245477,0.057475907,-0.245477,0.057475907,0,0.0,Chinese,Chinese,No,0,Low
0.231017742,0.095768454,0.48438,0.075268817,28.38939263,69.04842049,28.38939263,92.80267222,95.09546305,52.37270297,-0.051666957,0.217298321,-0.051666957,0.217298321,0,0.0,0.203128333,0.107118955,0.46875,0.055555556,28.65844102,66.08630268,28.65844102,74.46002755,111.9069202,52.89306833,0.227567353,0.131136198,0.227567353,0.131136198,0,0.0,Chinese,English,Yes,0.242190625,0.094883564,0.48438,0.125,29.57007958,44.15936144,29.57007958,85.06286183,77.61114379,48.13359356,0.054196875,0.13398191199999998,0.054196875,0.13398191199999998,0,0.0,Chinese,Chinese,No,0.223093333,0.089426962,0.42188,0.222222222,42.58056855,45.69698622,42.58056855,85.2570538,86.71940473,59.36307503,-0.06956277799999999,0.107927237,-0.06956277799999999,0.107927237,0,0.0,Chinese,Chinese,No,0.262155556,0.087082004,0.46875,0.0,35.17482308,62.09180148,35.17482308,90.84632848,106.3049511,37.29163492,-0.119772778,0.100321659,-0.119772778,0.100321659,0,0.0,Chinese,Chinese,No,0.223348235,0.079450032,0.39063,0.0,36.6475232,90.3565684,36.6475232,100.9394908,104.9165934,42.50608832,-0.190332059,0.109466239,-0.190332059,0.109466239,0,0.0,Chinese,Chinese,No,0.25208600000000003,0.09978353,0.48438,0.0,-3.652748862,80.204531,-3.652748862,111.4843803,85.76661768,55.18581488,-0.261561667,0.092816422,-0.261561667,0.092816422,0,0.0,Chinese,Chinese,No,0,Low
0.252716164,0.12645677,0.75049,0.257861635,-4.0506918810000005,134.595038,-4.0506918810000005,100.5814632,97.90359572,55.39023475,-0.26801637,0.278106179,-0.26801637,0.278106179,2,0.122325,0.191650541,0.099449489,0.48792,0.405405405,17.32782869,102.5169096,17.32782869,91.35294136,102.4562547,53.43568643,0.071443283,0.146534135,0.071443283,0.146534135,0,0.0,Chinese,English,Yes,0.234506,0.116428521,0.5091600000000001,0.133333333,-59.43834067,177.8184166,-59.43834067,78.44082544,86.92434279,52.31042341,-0.265207939,0.198923803,-0.265207939,0.198923803,1,0.11562,Chinese,Chinese,No,0.257527755,0.117615746,0.5562699999999999,0.306122449,-9.854708361,109.9346219,-9.854708361,96.78275022,107.1797634,50.90403514,-0.336603731,0.115155373,-0.336603731,0.115155373,1,0.12903,Chinese,Chinese,No,0.280078,0.096035196,0.4558100000000001,0.0,31.93357617,116.6289594,31.93357617,121.2583702,82.23962452,65.98531027,-0.394790273,0.121964085,-0.394790273,0.121964085,0,0.0,Chinese,Chinese,No,0.366707333,0.170415048,0.75049,0.066666667,-21.70516629,147.1631086,-21.70516629,94.07532404,89.18417002,58.85453029,-0.475541558,0.136833821,-0.475541558,0.136833821,0,0.0,Chinese,Chinese,No,0.262210909,0.112574225,0.65698,0.242424242,2.8941782289999995,165.1612436,2.8941782289999995,107.9999178,92.72599853,57.04639842,-0.417934773,0.229723405,-0.417934773,0.229723405,0,0.0,Chinese,Chinese,No,0,High
0.23035500000000006,0.097928657,0.64307,0.192307692,23.60984128,107.2885545,23.60984128,100.2051276,103.3433173,56.64872689,-0.16811708,0.340469132,-0.16811708,0.340469132,2,0.117095,0.207082292,0.080887793,0.4425,0.270833333,50.46324437,78.69401356,50.46324437,95.69102663,108.5857063,52.99261739,0.104284602,0.129566054,0.104284602,0.129566054,2,0.117095,Chinese,English,Yes,0.22116,0.055050919,0.28137,0.25,-16.84970726,32.2488885,-16.84970726,84.26731949,42.14530077,34.13103094,-0.181732273,0.057761781,-0.181732273,0.057761781,0,0.0,Chinese,Chinese,No,0.225604286,0.102351928,0.375,0.28571428600000004,13.54825163,148.7437111,13.54825163,80.05370994,127.483742,42.39868302,-0.258751558,0.16362514,-0.258751558,0.16362514,0,0.0,Chinese,Chinese,No,0.25029320000000005,0.101520161,0.5094,0.12,10.46608021,116.6312263,10.46608021,100.9152719,116.6113125,64.6547715,-0.468965673,0.13227746,-0.468965673,0.13227746,0,0.0,Chinese,Chinese,No,0.315332,0.099171096,0.5123300000000001,0.0,10.48439245,216.3237547,10.48439245,101.1731638,91.74001968,28.72665169,-0.600983273,0.108052676,-0.600983273,0.108052676,0,0.0,Chinese,Chinese,No,0.247940667,0.119399268,0.64307,0.066666667,-20.55500913,70.65943136,-20.55500913,99.7986435,73.37605262,47.71467725,-0.348172606,0.162252976,-0.348172606,0.162252976,0,0.0,Chinese,Chinese,No,0,High
0.251778198,0.149387553,1.11841,0.198198198,-0.818217753,79.29027746,-0.818217753,97.47159099,99.48893438,53.51013109,-0.127635182,0.331776211,-0.127635182,0.331776211,0,0.0,0.2338964,0.139322157,0.76965,0.34,-8.21983892,33.90854428,-8.21983892,106.5940979,98.71896368,47.32551059,0.073826327,0.199373821,0.073826327,0.199373821,0,0.0,Chinese,English,Yes,0.22379,0.081977253,0.37402,0.125,-14.2013978,101.7560274,-14.2013978,79.09408353,110.0248804,52.41673978,-0.037047689,0.156309815,-0.037047689,0.156309815,0,0.0,Chinese,Chinese,No,0.255821053,0.115367835,0.54297,0.105263158,13.20555884,51.04701091,13.20555884,104.5564684,100.1172349,64.83944948,-0.347160051,0.122613437,-0.347160051,0.122613437,0,0.0,Chinese,Chinese,No,0.207194444,0.029386149,0.27075,0.0,-8.849524795,47.39980721,-8.849524795,79.37052787,97.12682324,62.26806344,-0.578988384,0.135428414,-0.578988384,0.135428414,0,0.0,Chinese,Chinese,No,0.533204,0.324775339,1.11841,0.0,62.6164759,181.5109113,62.6164759,51.72592663,83.67141772,39.29512292,-0.633943273,0.201230968,-0.633943273,0.201230968,0,0.0,Chinese,Chinese,No,0.3725575,0.11173011,0.50244,0.0,44.16526207,70.60340472,44.16526207,68.86576313,68.00011048,48.58140272,-0.5531372729999999,0.118037874,-0.5531372729999999,0.118037874,0,0.0,Chinese,Chinese,No,0,High
0.28126,0.15071997199999998,0.85425,0.0625,5.231636013999999,137.4759477,5.231636013999999,107.0841368,82.08263836,59.20960395,-0.094938337,0.4285998720000001,-0.094938337,0.4285998720000001,0,0.0,0.19062909100000006,0.053820507,0.26147,0.090909091,-28.06943783,239.00404390000003,-28.06943783,96.55063511,100.4820112,57.91821299,0.236963727,0.075344635,0.236963727,0.075344635,0,0.0,Chinese,English,Yes,0.267072143,0.139502398,0.64258,0.14285714300000002,55.45724324,70.30216509,55.45724324,99.91314007,90.59377407,52.10008309,0.134176299,0.26222939100000003,0.134176299,0.26222939100000003,0,0.0,Chinese,Chinese,No,0.238064444,0.082017349,0.43555,0.0,-41.42494198,109.6195804,-41.42494198,108.5881676,62.98455109,73.67736719,-0.160689495,0.13199544,-0.160689495,0.13199544,0,0.0,Chinese,Chinese,No,0.353273333,0.147799876,0.50977,0.0,33.65142202,21.01610473,33.65142202,56.30422163,103.1357684,33.29648952,-0.341383939,0.377284425,-0.341383939,0.377284425,0,0.0,Chinese,Chinese,No,0.449645,0.245722133,0.85425,0.0,-20.98001585,22.98896538,-20.98001585,112.9369606,54.43068589,31.50176729,-0.555354773,0.097500393,-0.555354773,0.097500393,0,0.0,Chinese,Chinese,No,0.38051,0.125693994,0.5483399999999999,0.0,19.89588779,45.63787774,19.89588779,98.33047731,67.48009601,57.72294915,-0.5740615579999999,0.046762470999999986,-0.5740615579999999,0.046762470999999986,0,0.0,Chinese,Chinese,No,0,High
0.277144286,0.174479629,0.84399,0.102040816,4.568382062,100.7017206,4.568382062,99.75895603,88.29071827,60.05277387,-0.206322064,0.384146051,-0.206322064,0.384146051,0,0.0,0.207902857,0.064778572,0.30762,0.14285714300000002,-6.773009012,51.49552327,-6.773009012,105.7819528,70.58073066,56.87115742,0.08517272699999999,0.104691994,0.08517272699999999,0.104691994,0,0.0,Chinese,English,Yes,0.218328182,0.069883569,0.36719,0.090909091,39.15137851,34.35404829,39.15137851,82.37043164,94.88458609,63.03174165,0.053197273,0.138101966,0.053197273,0.138101966,0,0.0,Chinese,Chinese,No,0.200824286,0.067156532,0.3125,0.14285714300000002,-21.21880045,180.6991641,-21.21880045,119.1268892,106.4878561,54.77083931,-0.248990606,0.200536982,-0.248990606,0.200536982,0,0.0,Chinese,Chinese,No,0.35358285700000003,0.179449815,0.7094699999999999,0.0,-27.75993535,51.75279527,-27.75993535,73.5280921,82.84781879,48.41304326,-0.512601558,0.123219409,-0.512601558,0.123219409,0,0.0,Chinese,Chinese,No,0.5425425,0.268578341,0.84399,0.25,-20.85399969,85.86357315,-20.85399969,110.9116013,36.11857672,50.78971563,-0.631349773,0.009959709,-0.631349773,0.009959709,0,0.0,Chinese,Chinese,No,0.369466667,0.228761132,0.76318,0.0,52.37913884,144.56090590000005,52.37913884,66.74946654,137.426748,34.72356093,-0.6789156059999999,0.089019838,-0.6789156059999999,0.089019838,0,0.0,Chinese,Chinese,No,0,High
0.247068,0.12613489,0.85156,0.094736842,18.42678529,70.58284528,18.42678529,93.96232195,98.06063291,54.3906825,-0.159562746,0.395071675,-0.159562746,0.395071675,0,0.0,0.15332,0.037798375,0.22803,0.0,-17.83732483,75.99190199,-17.83732483,82.77681706,90.72304763,55.40654153,0.181596061,0.136336646,0.181596061,0.136336646,0,0.0,Chinese,English,Yes,0.246663611,0.10755309,0.4956100000000001,0.083333333,15.5588031,77.11999509999998,15.5588031,95.23368556,101.5973742,51.98622985,0.103904116,0.145045396,0.103904116,0.145045396,0,0.0,Chinese,Chinese,No,0.238723333,0.094294475,0.4204100000000001,0.19047619,29.81070941,23.33135664,29.81070941,94.63826778,92.04730175,48.82794019,-0.237221558,0.169241345,-0.237221558,0.169241345,0,0.0,Chinese,Chinese,No,0.257606923,0.118312039,0.53003,0.076923077,9.642210227,94.86743593,9.642210227,89.82360746,118.3205413,44.29541899,-0.566115734,0.165161543,-0.566115734,0.165161543,0,0.0,Chinese,Chinese,No,0.255057143,0.103245749,0.3623,0.14285714300000002,42.17823915,55.43508883,42.17823915,97.18341621,99.63036424,59.37980896,-0.7296844159999999,0.104687712,-0.7296844159999999,0.104687712,0,0.0,Chinese,Chinese,No,0.434041667,0.229486218,0.85156,0.0,59.6423807,47.7270297,59.6423807,78.52318222,66.83419344,74.82859312,-0.6048689389999999,0.112427761,-0.6048689389999999,0.112427761,0,0.0,Chinese,Chinese,No,0,High
